source,is_actual_sale,listing_type,price,area_sqm,property_type,bedrooms,bathrooms,floor,total_floors,year_built,district,municipality,latitude,longitude,distance_to_sea_km,distance_to_center_km,has_parking,has_sea_view,has_pool,has_garden,has_title_deed,is_tourist_area,sale_date,property_age,price_per_sqm,area_median_price_sqm
synthetic,True,resale,131000,62,apartment,1.0,1.0,4.0,4.0,2018.0,lefkosia,Engomi,35.171795,33.354202,63.534,2.98,True,False,False,False,True,False,2025-07-04,7,2112.9032258064517,2024
synthetic,True,resale,135000,46,apartment,4.0,2.0,2.0,4.0,2016.0,lemesos,Mouttagiaka,34.706391,33.071934,6.084,3.553,True,False,False,False,True,True,2026-01-01,9,2934.782608695652,3193
synthetic,True,resale,1248000,629,villa,5.0,4.0,,2.0,2011.0,lemesos,Kato Polemidia,34.68744,33.008882,4.242,3.478,False,False,True,True,True,False,2026-02-06,14,1984.101748807631,1493
synthetic,True,resale,1000000,238,villa,4.0,4.0,,2.0,2015.0,lemesos,Mouttagiaka,34.70972,33.083109,6.438,4.534,False,False,True,True,True,True,2025-03-16,10,4201.680672268908,3193
synthetic,True,resale,353000,97,apartment,3.0,2.0,2.0,4.0,2011.0,lemesos,Mouttagiaka,34.719566,33.087216,7.662,5.576,False,False,False,False,True,True,2025-06-13,14,3639.175257731959,3193
synthetic,True,resale,85000,45,apartment,1.0,1.0,5.0,6.0,2022.0,larnaka,Drosia,34.925609,33.623231,2.746,0.301,True,False,True,False,True,False,2025-02-05,3,1888.888888888889,1832
synthetic,True,resale,346000,182,house,4.0,3.0,,1.0,2015.0,pafos,Yeroskipou,34.765658,32.457824,4.931,3.269,True,False,False,True,True,False,2024-05-29,10,1901.098901098901,1531
synthetic,True,resale,180000,116,house,4.0,3.0,,2.0,2017.0,lemesos,Kato Polemidia,34.698236,33.014405,4.863,3.42,True,False,False,True,True,False,2025-07-03,8,1551.7241379310344,1493
synthetic,True,new_build,145000,48,apartment,4.0,1.0,3.0,6.0,1999.0,lemesos,Pyrgos,34.72212,33.112119,9.616,7.463,True,False,False,False,True,True,2024-09-22,26,3020.8333333333335,2440
synthetic,True,new_build,63000,46,apartment,2.0,1.0,1.0,1.0,1985.0,lefkosia,Strovolos,35.135443,33.339404,64.715,6.805,False,False,False,False,True,False,2024-09-13,40,1369.5652173913043,1771
synthetic,True,resale,148000,54,apartment,2.0,1.0,2.0,3.0,1992.0,lemesos,Mouttagiaka,34.715743,33.074774,6.729,4.534,True,False,False,False,True,True,2024-06-14,33,2740.740740740741,3193
synthetic,True,new_build,222000,98,house,4.0,2.0,,1.0,1998.0,lemesos,Potamos Germasogeias,34.708976,33.057072,6.209,3.123,True,False,False,True,True,False,2024-07-01,27,2265.3061224489797,2204
synthetic,True,resale,215000,82,apartment,2.0,1.0,5.0,7.0,2020.0,pafos,Kato Paphos,34.765291,32.42034,1.851,1.186,False,False,False,False,True,True,2025-11-07,5,2621.951219512195,2730
synthetic,True,new_build,340000,172,apartment,3.0,1.0,5.0,6.0,1989.0,pafos,Kato Paphos,34.766798,32.411895,1.478,1.476,False,False,False,False,True,True,2025-05-13,36,1976.7441860465117,2730
synthetic,True,resale,238000,111,house,5.0,3.0,,1.0,1989.0,lemesos,Agía Zóni,34.676565,33.04666,1.775,0.638,True,True,False,False,True,False,2024-10-10,36,2144.1441441441443,2652
synthetic,True,resale,359000,240,house,5.0,3.0,,2.0,2018.0,lefkosia,Nicosia Old Town,35.172956,33.369489,68.977,1.826,True,False,False,False,True,False,2025-06-07,7,1495.8333333333333,1660
synthetic,True,resale,455000,227,house,4.0,2.0,,2.0,2016.0,lemesos,Mesa Geitonia,34.689821,33.0493,3.634,0.877,False,False,False,True,True,False,2026-01-30,9,2004.4052863436123,1927
synthetic,True,new_build,239000,134,house,4.0,2.0,,1.0,1981.0,lemesos,Episkopi,34.670775,32.911519,11.72,12.4,False,False,False,False,True,False,2024-07-26,44,1783.5820895522388,1536
synthetic,True,resale,150000,120,apartment,3.0,2.0,8.0,9.0,1986.0,larnaka,Aradippou,34.953603,33.593377,6.317,4.37,True,False,False,False,True,False,2025-02-21,39,1250.0,1333
synthetic,True,resale,232000,178,apartment,1.0,1.0,5.0,8.0,2024.0,lemesos,Kato Polemidia,34.697493,33.009737,5.064,3.754,True,False,False,False,True,False,2024-05-19,1,1303.370786516854,1493
synthetic,True,new_build,1676000,594,villa,3.0,4.0,,2.0,2002.0,lefkosia,Lakatamia,35.138391,33.334518,60.682,6.813,True,False,True,True,True,False,2025-08-28,23,2821.5488215488217,1517
synthetic,True,resale,122000,91,house,3.0,2.0,,2.0,2020.0,lefkosia,Lakatamia,35.135085,33.33374,53.987,7.144,True,False,False,True,False,False,2025-03-26,5,1340.6593406593406,1517
synthetic,True,new_build,67000,48,apartment,2.0,2.0,6.0,6.0,2006.0,lemesos,Zakaki,34.690359,33.027545,3.841,1.943,False,False,False,False,True,False,2025-07-12,19,1395.8333333333333,1611
synthetic,True,resale,172000,110,house,3.0,3.0,,1.0,2008.0,lefkosia,Nicosia Old Town,35.176973,33.378166,61.849,1.03,False,False,False,True,True,False,2026-04-04,17,1563.6363636363637,1660
synthetic,True,resale,392000,91,apartment,2.0,1.0,5.0,7.0,2013.0,lemesos,Agios Tychonas,34.708129,33.096655,7.462,5.418,True,False,False,False,True,True,2024-10-13,12,4307.692307692308,3788
synthetic,True,resale,67000,63,apartment,3.0,2.0,4.0,6.0,1973.0,pafos,Chloraka,34.790556,32.406912,4.058,2.295,True,False,False,False,False,False,2024-09-04,52,1063.4920634920634,1903
synthetic,True,resale,81000,47,apartment,2.0,2.0,2.0,3.0,2020.0,lemesos,Kato Polemidia,34.699482,33.006312,5.427,4.133,True,False,True,False,True,False,2024-07-18,5,1723.404255319149,1493
synthetic,True,resale,273000,86,apartment,2.0,1.0,3.0,3.0,2018.0,lemesos,Mouttagiaka,34.716441,33.08251,7.371,5.031,True,False,False,False,True,True,2024-07-13,7,3174.4186046511627,3193
synthetic,True,resale,77000,69,apartment,3.0,2.0,8.0,8.0,2005.0,lefkosia,Lakatamia,35.122296,33.31562,52.98,9.29,True,False,False,False,True,False,2025-08-23,20,1115.9420289855072,1517
synthetic,True,resale,139000,92,house,4.0,3.0,,2.0,2016.0,pafos,Yeroskipou,34.769311,32.464989,5.195,3.798,True,False,False,True,True,False,2025-02-28,9,1510.8695652173913,1531
synthetic,True,resale,272000,199,apartment,2.0,1.0,6.0,9.0,2020.0,larnaka,Drosia,34.924718,33.626465,1.895,0.352,True,False,False,False,False,False,2024-09-26,5,1366.8341708542714,1832
synthetic,True,new_build,2491000,580,villa,4.0,3.0,,2.0,2008.0,lemesos,Agios Tychonas,34.702269,33.108412,7.755,6.089,True,False,True,True,False,True,2024-06-08,17,4294.827586206897,3788
synthetic,True,resale,234000,77,apartment,4.0,1.0,7.0,8.0,2009.0,lemesos,Agía Zóni,34.676487,33.047383,2.207,0.653,True,True,False,False,False,False,2026-01-02,16,3038.961038961039,2652
synthetic,True,resale,197000,120,apartment,3.0,2.0,2.0,4.0,2022.0,larnaka,Drosia,34.926854,33.634449,1.695,1.107,True,False,False,False,True,False,2025-08-25,3,1641.6666666666667,1832
synthetic,True,resale,77000,54,apartment,2.0,2.0,7.0,8.0,2009.0,lefkosia,Strovolos,35.145844,33.358942,58.874,4.904,True,False,False,False,True,False,2024-06-30,16,1425.9259259259259,1771
synthetic,True,resale,243000,94,apartment,4.0,2.0,7.0,9.0,2005.0,lemesos,Germasogeia,34.716093,33.08753,7.529,5.316,False,False,False,False,True,False,2024-06-09,20,2585.1063829787236,2929
synthetic,True,resale,781000,338,villa,4.0,2.0,,2.0,2017.0,lemesos,Agía Zóni,34.682118,33.054551,3.076,0.746,True,False,False,True,False,False,2025-11-30,8,2310.6508875739646,2652
synthetic,True,resale,69000,60,apartment,2.0,1.0,3.0,4.0,2019.0,lefkosia,Nicosia Old Town,35.177527,33.365996,53.291,1.732,False,False,False,False,False,False,2024-05-26,6,1150.0,1660
synthetic,True,resale,603000,279,house,3.0,2.0,,2.0,2018.0,lemesos,Mesa Geitonia,34.685572,33.053497,3.184,0.744,True,False,False,True,True,False,2024-05-01,7,2161.2903225806454,1927
synthetic,True,resale,207000,116,house,4.0,2.0,,2.0,1988.0,pafos,Kato Paphos,34.756472,32.417127,0.86,2.21,True,False,False,False,False,True,2024-06-26,37,1784.4827586206898,2730
synthetic,True,resale,91000,67,apartment,3.0,1.0,6.0,7.0,2015.0,lefkosia,Nicosia Old Town,35.175003,33.381754,65.74,1.179,False,False,False,False,False,False,2024-08-20,10,1358.2089552238806,1660
synthetic,True,resale,166000,47,apartment,2.0,1.0,1.0,3.0,2025.0,lemesos,Agios Tychonas,34.714834,33.095783,8.223,5.785,True,True,False,False,True,True,2026-02-06,0,3531.9148936170213,3788
synthetic,True,resale,167000,122,house,4.0,2.0,,2.0,2019.0,lemesos,Ypsonas,34.710682,32.997618,6.703,5.463,True,False,False,False,True,False,2024-06-02,6,1368.8524590163934,1306
synthetic,True,resale,267000,95,house,4.0,3.0,,2.0,2015.0,lemesos,Mouttagiaka,34.712114,33.071824,6.603,4.049,True,False,False,True,True,True,2025-04-19,10,2810.5263157894738,3193
synthetic,True,new_build,346000,158,apartment,3.0,1.0,5.0,5.0,2018.0,lemesos,Kato Polemidia,34.692233,33.021182,3.826,2.557,True,False,False,False,True,False,2025-09-06,7,2189.8734177215188,1493
synthetic,True,resale,118000,84,apartment,2.0,1.0,2.0,4.0,2009.0,lemesos,Kato Polemidia,34.689675,33.00811,4.467,3.596,True,False,False,False,True,False,2024-10-22,16,1404.7619047619048,1493
synthetic,True,new_build,286000,98,apartment,2.0,1.0,8.0,11.0,2008.0,lefkosia,Engomi,35.178189,33.338169,56.028,4.095,True,False,False,False,False,False,2024-09-04,17,2918.3673469387754,2024
synthetic,True,resale,387000,141,apartment,3.0,1.0,7.0,10.0,2008.0,lemesos,Potamos Germasogeias,34.701075,33.074324,5.771,3.298,True,False,False,False,True,False,2024-06-23,17,2744.68085106383,2204
synthetic,True,resale,412000,193,apartment,3.0,2.0,6.0,8.0,1985.0,larnaka,Finikoudes,34.918762,33.642048,0.889,1.77,True,True,False,False,True,False,2026-01-12,40,2134.7150259067357,2276
synthetic,True,resale,270000,126,apartment,3.0,1.0,1.0,4.0,2023.0,lefkosia,Strovolos,35.143858,33.357004,67.918,5.18,True,False,True,False,True,False,2025-06-29,2,2142.8571428571427,1771
synthetic,True,resale,364000,183,house,3.0,2.0,,1.0,2007.0,lemesos,Polemidia,34.690785,33.020772,3.758,2.526,True,False,True,True,True,False,2024-05-13,18,1989.0710382513662,1661
synthetic,True,resale,259000,151,house,5.0,3.0,,1.0,2005.0,larnaka,Finikoudes,34.923119,33.630365,1.428,0.645,True,False,True,False,True,False,2025-10-11,20,1715.23178807947,2276
synthetic,True,resale,702000,393,villa,5.0,3.0,,1.0,2020.0,larnaka,Aradippou,34.942483,33.59313,5.341,3.508,True,False,False,True,True,False,2025-09-22,5,1786.2595419847328,1333
synthetic,True,resale,249000,123,apartment,1.0,1.0,5.0,8.0,1994.0,larnaka,Finikoudes,34.924977,33.647482,1.858,2.217,False,True,False,False,True,False,2026-01-21,31,2024.3902439024391,2276
synthetic,True,resale,606000,216,villa,5.0,3.0,,2.0,2002.0,lemesos,Agía Zóni,34.682909,33.049049,2.706,0.252,True,False,True,True,False,False,2024-08-11,23,2805.5555555555557,2652
synthetic,True,resale,117000,90,house,4.0,2.0,,2.0,1985.0,lemesos,Potamos Germasogeias,34.705778,33.060825,5.713,2.925,True,False,False,True,False,False,2026-02-04,40,1300.0,2204
synthetic,True,resale,174000,124,house,5.0,3.0,,2.0,1992.0,lemesos,Zakaki,34.691573,33.029704,3.605,1.842,False,False,True,True,True,False,2024-12-16,33,1403.225806451613,1611
synthetic,True,resale,137000,107,apartment,2.0,2.0,8.0,11.0,1997.0,lemesos,Zakaki,34.685355,33.030617,3.166,1.483,True,False,False,False,False,False,2025-05-14,28,1280.3738317757009,1611
synthetic,True,resale,467000,245,house,5.0,3.0,,2.0,2017.0,lefkosia,Strovolos,35.140653,33.354554,57.031,5.598,True,False,True,False,False,False,2024-06-23,8,1906.1224489795918,1771
synthetic,True,resale,179000,138,house,4.0,3.0,,1.0,1975.0,lemesos,Mesa Geitonia,34.689076,33.053581,3.647,0.999,True,False,False,True,False,False,2025-11-27,50,1297.1014492753623,1927
synthetic,True,resale,731000,361,villa,5.0,4.0,,2.0,2018.0,larnaka,Drosia,34.926677,33.621756,2.49,0.443,True,False,False,True,False,False,2024-09-27,7,2024.9307479224376,1832
synthetic,True,resale,169000,94,apartment,3.0,2.0,8.0,10.0,2021.0,lemesos,Episkopi,34.665972,32.921508,10.654,11.564,True,False,True,False,False,False,2024-10-30,4,1797.872340425532,1536
synthetic,True,new_build,79000,49,apartment,2.0,1.0,3.0,4.0,2019.0,larnaka,Aradippou,34.949526,33.596525,5.861,3.837,False,False,False,False,True,False,2024-06-17,6,1612.2448979591836,1333
synthetic,True,resale,325000,231,house,4.0,3.0,,1.0,2012.0,lemesos,Ypsonas,34.700454,33.00778,5.102,4.067,True,False,False,True,True,False,2024-09-16,13,1406.926406926407,1306
synthetic,True,resale,184000,74,apartment,4.0,1.0,6.0,8.0,1995.0,lemesos,Germasogeia,34.708992,33.068522,6.181,3.592,True,False,False,False,False,False,2025-06-30,30,2486.4864864864867,2929
synthetic,True,new_build,341000,186,house,3.0,3.0,,1.0,2004.0,lemesos,Episkopi,34.667059,32.916101,11.481,12.035,True,False,False,True,True,False,2025-04-05,21,1833.3333333333333,1536
synthetic,True,new_build,521000,196,apartment,1.0,1.0,6.0,8.0,2025.0,lefkosia,Engomi,35.176501,33.338997,52.741,4.064,True,False,False,False,True,False,2024-05-25,0,2658.1632653061224,2024
synthetic,True,resale,303000,128,apartment,4.0,1.0,1.0,4.0,2016.0,lemesos,Mesa Geitonia,34.693482,33.057442,3.875,1.602,False,False,False,False,True,False,2025-11-10,9,2367.1875,1927
synthetic,True,resale,404000,171,apartment,2.0,2.0,3.0,6.0,2006.0,lemesos,Agios Tychonas,34.71223,33.094148,7.818,5.489,True,False,False,False,False,True,2025-08-27,19,2362.5730994152045,3788
synthetic,True,resale,321000,160,house,4.0,3.0,,1.0,2023.0,pafos,Yeroskipou,34.765869,32.457256,4.738,3.212,True,False,False,True,False,False,2025-09-07,2,2006.25,1531
synthetic,True,new_build,1099000,621,villa,4.0,2.0,,1.0,1988.0,lemesos,Kato Polemidia,34.695443,33.003432,4.97,4.192,True,False,False,True,True,False,2024-06-22,37,1769.7262479871176,1493
synthetic,True,resale,319000,198,house,5.0,2.0,,2.0,2020.0,lemesos,Polemidia,34.693483,33.023467,3.979,2.438,True,False,False,True,False,False,2024-06-27,5,1611.111111111111,1661
synthetic,True,new_build,749000,397,villa,5.0,2.0,,2.0,2019.0,lemesos,Kato Polemidia,34.697766,33.011701,4.967,3.609,False,False,True,True,False,False,2025-08-16,6,1886.6498740554157,1493
synthetic,True,resale,156000,53,apartment,3.0,2.0,5.0,6.0,2012.0,lemesos,Germasogeia,34.711649,33.079322,6.931,4.439,True,False,False,False,True,False,2025-11-09,13,2943.396226415094,2929
synthetic,True,resale,367000,140,apartment,2.0,2.0,2.0,2.0,2014.0,lemesos,Mouttagiaka,34.715529,33.088256,7.606,5.319,True,False,True,False,True,True,2024-11-08,11,2621.4285714285716,3193
synthetic,True,resale,340000,132,apartment,2.0,1.0,4.0,4.0,2007.0,lemesos,Agía Zóni,34.677401,33.047586,2.012,0.555,False,True,True,False,False,False,2025-02-08,18,2575.757575757576,2652
synthetic,True,resale,135000,69,apartment,4.0,2.0,3.0,4.0,2019.0,lemesos,Episkopi,34.673757,32.911325,12.319,12.388,True,False,False,False,True,False,2025-12-20,6,1956.5217391304348,1536
synthetic,True,new_build,344000,105,house,4.0,3.0,,2.0,2019.0,lemesos,Potamos Germasogeias,34.709044,33.072781,6.33,3.829,True,False,True,False,True,False,2024-08-10,6,3276.190476190476,2204
synthetic,True,resale,145000,74,apartment,3.0,2.0,8.0,8.0,2024.0,lefkosia,Lakatamia,35.137525,33.334642,60.425,6.881,True,False,False,False,True,False,2025-06-11,1,1959.4594594594594,1517
synthetic,True,resale,294000,106,apartment,3.0,2.0,6.0,6.0,2021.0,larnaka,Finikoudes,34.916807,33.638254,0.561,1.522,True,True,False,False,True,False,2025-06-08,4,2773.5849056603774,2276
synthetic,True,resale,807000,276,villa,5.0,4.0,,1.0,2020.0,pafos,Kato Paphos,34.769393,32.410581,2.023,1.409,True,True,True,False,True,True,2025-02-15,5,2923.913043478261,2730
synthetic,True,resale,322000,149,house,3.0,2.0,,2.0,2002.0,lemesos,Pyrgos,34.710243,33.106066,7.953,6.278,False,False,False,False,True,True,2024-10-02,23,2161.0738255033557,2440
synthetic,True,resale,218000,130,apartment,1.0,1.0,2.0,3.0,2013.0,lemesos,Episkopi,34.669627,32.901762,12.571,13.301,True,False,True,False,True,False,2025-07-07,12,1676.923076923077,1536
synthetic,True,resale,226000,81,apartment,3.0,2.0,6.0,8.0,1986.0,lemesos,Germasogeia,34.713957,33.075764,6.95,4.427,True,False,False,False,True,False,2026-03-13,39,2790.1234567901233,2929
synthetic,True,new_build,306000,145,house,4.0,3.0,,2.0,2013.0,lemesos,Mesa Geitonia,34.680842,33.040189,2.302,0.591,True,True,True,False,False,False,2025-09-14,12,2110.344827586207,1927
synthetic,True,resale,410000,249,house,5.0,3.0,,1.0,2018.0,lefkosia,Lakatamia,35.127966,33.311923,53.249,9.056,True,False,False,False,True,False,2024-08-13,7,1646.5863453815261,1517
synthetic,True,resale,83000,57,apartment,3.0,2.0,4.0,4.0,1994.0,lemesos,Polemidia,34.6941,33.029815,3.717,2.005,True,False,True,False,False,False,2025-10-05,31,1456.140350877193,1661
synthetic,True,resale,256000,171,apartment,1.0,1.0,7.0,7.0,2015.0,lemesos,Ypsonas,34.701549,32.991792,6.491,5.432,True,False,False,False,True,False,2025-07-06,10,1497.076023391813,1306
synthetic,True,new_build,120000,96,apartment,1.0,1.0,6.0,9.0,2006.0,lemesos,Kato Polemidia,34.688775,33.006165,4.261,3.749,False,False,False,False,False,False,2025-05-23,19,1250.0,1493
synthetic,True,resale,112000,57,apartment,4.0,1.0,3.0,3.0,2011.0,lemesos,Potamos Germasogeias,34.703638,33.059848,5.656,2.672,True,False,False,False,True,False,2024-07-05,14,1964.9122807017543,2204
synthetic,True,new_build,717000,194,apartment,2.0,2.0,2.0,2.0,2017.0,lemesos,Germasogeia,34.708463,33.074425,5.984,3.877,True,False,False,False,True,False,2026-04-04,8,3695.8762886597938,2929
synthetic,True,resale,632000,168,house,4.0,2.0,,1.0,2009.0,lemesos,Agios Tychonas,34.71116,33.10063,7.898,5.906,True,False,True,True,False,True,2025-05-23,16,3761.904761904762,3788
synthetic,True,resale,506000,137,house,4.0,3.0,,2.0,2009.0,lemesos,Agía Zóni,34.672294,33.043832,1.689,1.137,True,True,True,False,True,False,2026-02-09,16,3693.4306569343066,2652
synthetic,True,resale,316000,170,apartment,3.0,1.0,6.0,8.0,2016.0,lefkosia,Lakatamia,35.127316,33.314927,52.279,8.917,True,False,False,False,True,False,2024-05-04,9,1858.8235294117646,1517
synthetic,True,resale,679000,268,house,5.0,2.0,,2.0,2005.0,lemesos,Mesa Geitonia,34.688622,33.048461,3.395,0.728,True,False,True,True,True,False,2025-01-15,20,2533.582089552239,1927
synthetic,True,resale,141000,50,apartment,2.0,2.0,6.0,6.0,2010.0,lemesos,Agía Zóni,34.681894,33.042966,2.411,0.317,True,True,False,False,False,False,2025-08-15,15,2820.0,2652
synthetic,True,resale,202000,117,house,4.0,2.0,,2.0,2015.0,lemesos,Zakaki,34.692916,33.027205,3.768,2.115,False,False,False,True,True,False,2025-11-27,10,1726.4957264957266,1611
synthetic,True,resale,680000,317,villa,5.0,4.0,,2.0,2016.0,pafos,Chloraka,34.794872,32.421676,4.84,2.165,True,False,True,True,False,False,2026-01-09,9,2145.1104100946372,1903
synthetic,True,resale,281000,167,house,3.0,3.0,,1.0,2012.0,lefkosia,Strovolos,35.138956,33.33952,60.688,6.483,True,False,False,True,True,False,2026-04-14,13,1682.6347305389222,1771
synthetic,True,new_build,544000,454,land,,,,,,pafos,Kato Paphos,34.768551,32.427407,2.022,0.83,True,False,False,False,True,True,2024-04-24,20,1198.2378854625551,2730
synthetic,True,new_build,553000,146,apartment,1.0,1.0,2.0,2.0,2007.0,lemesos,Agios Tychonas,34.711874,33.095583,7.664,5.571,True,False,True,False,False,True,2025-09-08,18,3787.671232876712,3788
synthetic,True,resale,166000,97,apartment,4.0,2.0,3.0,4.0,1986.0,lefkosia,Engomi,35.179672,33.356919,51.734,2.399,True,False,False,False,True,False,2024-10-31,39,1711.340206185567,2024
synthetic,True,resale,122000,80,apartment,2.0,1.0,1.0,3.0,1992.0,lefkosia,Engomi,35.178985,33.355244,65.876,2.567,True,False,False,False,True,False,2025-07-20,33,1525.0,2024
synthetic,True,new_build,848000,408,villa,4.0,3.0,,1.0,2004.0,lemesos,Episkopi,34.66597,32.908595,12.044,12.732,True,False,True,True,True,False,2026-02-14,21,2078.4313725490197,1536
synthetic,True,new_build,84000,50,apartment,2.0,2.0,5.0,6.0,2019.0,lemesos,Episkopi,34.669184,32.901651,12.547,13.317,True,False,False,False,True,False,2024-11-07,6,1680.0,1536
synthetic,True,resale,267000,273,house,4.0,2.0,,2.0,1972.0,lemesos,Kato Polemidia,34.690515,33.006378,4.411,3.772,True,False,False,True,False,False,2025-08-03,53,978.021978021978,1493
synthetic,True,resale,272000,135,apartment,1.0,1.0,5.0,7.0,2014.0,lemesos,Zakaki,34.681168,33.022456,2.418,2.193,True,True,False,False,True,False,2024-10-02,11,2014.8148148148148,1611
synthetic,True,resale,207000,90,apartment,1.0,1.0,7.0,10.0,2025.0,lefkosia,Engomi,35.174971,33.343126,56.928,3.751,True,False,False,False,True,False,2026-01-18,0,2300.0,2024
synthetic,True,resale,192000,148,house,3.0,3.0,,2.0,2006.0,lefkosia,Strovolos,35.139859,33.352205,51.246,5.775,True,False,False,True,False,False,2025-04-13,19,1297.2972972972973,1771
synthetic,True,new_build,394000,90,apartment,3.0,2.0,3.0,3.0,2025.0,pafos,Kato Paphos,34.75824,32.410638,0.458,2.279,True,True,False,False,True,True,2026-01-08,0,4377.777777777777,2730
synthetic,True,new_build,194000,130,apartment,4.0,1.0,1.0,1.0,2017.0,lemesos,Polemidia,34.690179,33.025759,3.705,2.081,True,False,False,False,False,False,2025-03-19,8,1492.3076923076924,1661
synthetic,True,resale,196000,129,apartment,2.0,2.0,1.0,1.0,1992.0,lefkosia,Engomi,35.171182,33.344157,67.668,3.819,False,False,False,False,True,False,2025-04-12,33,1519.3798449612402,2024
synthetic,True,resale,126000,70,apartment,1.0,1.0,1.0,4.0,2020.0,lemesos,Polemidia,34.698485,33.01304,4.915,3.541,False,False,False,False,True,False,2025-09-02,5,1800.0,1661
synthetic,True,resale,108000,52,apartment,3.0,2.0,3.0,4.0,2021.0,lefkosia,Nicosia Old Town,35.184028,33.381814,53.474,0.18,True,False,False,False,True,False,2024-07-25,4,2076.923076923077,1660
synthetic,True,resale,450000,127,house,5.0,3.0,,2.0,2008.0,lemesos,Agía Zóni,34.683944,33.052353,2.873,0.574,True,True,False,True,True,False,2024-07-25,17,3543.3070866141734,2652
synthetic,True,resale,162000,98,house,5.0,3.0,,2.0,1996.0,lefkosia,Engomi,35.170981,33.34475,63.77,3.78,False,False,False,False,True,False,2026-01-25,29,1653.061224489796,2024
synthetic,True,new_build,225000,65,apartment,2.0,1.0,2.0,4.0,1989.0,lemesos,Mouttagiaka,34.71828,33.071775,7.106,4.625,True,True,False,False,False,True,2024-06-17,36,3461.5384615384614,3193
synthetic,True,resale,127000,68,apartment,3.0,1.0,2.0,2.0,2025.0,lefkosia,Engomi,35.181586,33.338735,50.402,3.984,True,False,False,False,True,False,2025-05-10,0,1867.6470588235295,2024
synthetic,True,resale,606000,146,house,4.0,3.0,,1.0,2005.0,lemesos,Agios Tychonas,34.714441,33.101899,8.272,6.206,True,False,False,True,True,True,2025-03-03,20,4150.684931506849,3788
synthetic,True,resale,235000,153,apartment,1.0,1.0,8.0,10.0,2003.0,lemesos,Episkopi,34.669628,32.911626,11.647,12.405,True,False,False,False,True,False,2024-10-26,22,1535.9477124183006,1536
synthetic,True,new_build,1247000,578,villa,6.0,4.0,,2.0,2019.0,lemesos,Kato Polemidia,34.692122,33.022041,3.851,2.481,False,False,True,True,False,False,2026-02-05,6,2157.439446366782,1493
synthetic,True,resale,353000,289,house,4.0,3.0,,1.0,2015.0,lemesos,Ypsonas,34.712849,33.000394,6.769,5.406,True,False,False,True,True,False,2024-06-13,10,1221.453287197232,1306
synthetic,True,resale,45000,46,apartment,3.0,2.0,6.0,6.0,2020.0,lemesos,Ypsonas,34.704131,32.992877,6.292,5.462,False,False,False,False,False,False,2025-05-21,5,978.2608695652174,1306
synthetic,True,resale,507000,262,house,5.0,2.0,,2.0,2013.0,lemesos,Mesa Geitonia,34.682819,33.044228,2.222,0.207,False,False,False,True,False,False,2024-04-23,12,1935.1145038167938,1927
synthetic,True,resale,256000,152,apartment,2.0,2.0,6.0,7.0,2002.0,lemesos,Mesa Geitonia,34.685954,33.058461,3.281,1.175,True,False,False,False,True,False,2024-06-16,23,1684.2105263157894,1927
synthetic,True,resale,629000,222,house,5.0,2.0,,1.0,2025.0,lemesos,Agía Zóni,34.681978,33.038151,2.584,0.755,True,False,False,False,True,False,2025-03-04,0,2833.3333333333335,2652
synthetic,True,new_build,824000,905,land,,,,,,lefkosia,Engomi,35.18443,33.356466,61.229,2.351,False,False,False,False,True,False,2025-11-12,20,910.4972375690608,2024
synthetic,True,resale,222000,91,apartment,2.0,2.0,7.0,10.0,2015.0,lemesos,Germasogeia,34.717146,33.085251,7.438,5.256,False,False,False,False,True,False,2025-04-12,10,2439.5604395604396,2929
synthetic,True,resale,1544000,482,villa,4.0,4.0,,2.0,2006.0,lemesos,Pyrgos,34.723147,33.098623,8.906,6.589,True,True,True,True,False,True,2026-02-01,19,3203.319502074689,2440
synthetic,True,resale,623000,173,apartment,4.0,2.0,3.0,5.0,1996.0,lemesos,Agios Tychonas,34.713614,33.095895,7.507,5.71,True,True,False,False,False,True,2026-01-14,29,3601.156069364162,3788
synthetic,True,resale,235000,124,apartment,4.0,2.0,4.0,4.0,2016.0,lemesos,Mesa Geitonia,34.686435,33.049548,3.012,0.542,True,False,False,False,True,False,2025-06-21,9,1895.1612903225807,1927
synthetic,True,resale,263000,151,apartment,1.0,1.0,3.0,4.0,2015.0,lemesos,Kato Polemidia,34.691505,33.01717,4.523,2.862,True,False,False,False,True,False,2026-02-24,10,1741.7218543046358,1493
synthetic,True,new_build,144000,73,apartment,3.0,1.0,5.0,8.0,2017.0,lefkosia,Lakatamia,35.133795,33.320419,57.605,8.052,True,False,False,False,True,False,2025-09-22,8,1972.6027397260275,1517
synthetic,True,resale,1436000,2350,land,,,,,,lefkosia,Lakatamia,35.127158,33.320244,53.207,8.606,False,False,False,False,True,False,2025-11-13,20,611.063829787234,1517
synthetic,True,new_build,263000,119,apartment,2.0,1.0,3.0,3.0,2007.0,pafos,Chloraka,34.790301,32.422619,3.835,1.651,True,False,False,False,True,False,2024-07-17,18,2210.084033613445,1903
synthetic,True,resale,134000,87,apartment,1.0,1.0,3.0,3.0,2015.0,lemesos,Zakaki,34.685141,33.017277,3.304,2.682,True,False,False,False,True,False,2025-12-02,10,1540.2298850574712,1611
synthetic,True,resale,1061000,453,villa,6.0,4.0,,2.0,2025.0,lemesos,Kato Polemidia,34.69161,33.001583,4.619,4.226,True,False,True,True,True,False,2024-09-20,0,2342.1633554083887,1493
synthetic,True,resale,113000,67,apartment,2.0,2.0,1.0,2.0,2008.0,larnaka,Drosia,34.934016,33.630111,2.589,1.383,True,False,False,False,True,False,2025-02-25,17,1686.5671641791046,1832
synthetic,True,resale,93000,85,apartment,3.0,2.0,6.0,8.0,2021.0,lemesos,Ypsonas,34.701363,33.002084,5.722,4.573,True,False,False,False,False,False,2025-04-16,4,1094.1176470588234,1306
synthetic,True,resale,144000,116,apartment,3.0,1.0,2.0,5.0,2021.0,larnaka,Aradippou,34.94783,33.601063,5.619,3.434,True,False,False,False,False,False,2024-08-19,4,1241.3793103448277,1333
synthetic,True,new_build,255000,83,apartment,3.0,1.0,3.0,3.0,2016.0,pafos,Kato Paphos,34.762486,32.409069,0.698,1.995,True,False,False,False,True,True,2025-02-16,9,3072.289156626506,2730
synthetic,True,resale,175000,85,apartment,3.0,2.0,6.0,7.0,2017.0,lefkosia,Nicosia Old Town,35.182646,33.372052,56.278,0.988,True,False,False,False,True,False,2024-10-15,8,2058.823529411765,1660
synthetic,True,resale,621000,205,villa,6.0,4.0,,2.0,2005.0,lemesos,Pyrgos,34.717841,33.095505,8.375,5.981,True,False,True,True,False,True,2025-06-24,20,3029.268292682927,2440
synthetic,True,resale,97000,66,apartment,3.0,2.0,4.0,6.0,2014.0,lefkosia,Engomi,35.175082,33.355338,63.703,2.715,True,False,False,False,False,False,2025-03-24,11,1469.6969696969697,2024
synthetic,True,resale,128000,45,apartment,2.0,2.0,1.0,3.0,2015.0,lemesos,Germasogeia,34.703219,33.08615,6.609,4.315,True,False,False,False,True,False,2026-01-10,10,2844.4444444444443,2929
synthetic,True,new_build,586000,296,house,3.0,3.0,,2.0,2016.0,lemesos,Episkopi,34.664966,32.908807,12.276,12.729,True,False,False,False,True,False,2025-03-27,9,1979.7297297297298,1536
synthetic,True,resale,89000,81,apartment,4.0,1.0,2.0,3.0,2020.0,lemesos,Kato Polemidia,34.689447,33.016288,3.731,2.866,True,False,False,False,True,False,2026-01-31,5,1098.7654320987654,1493
synthetic,True,resale,150000,94,apartment,2.0,2.0,7.0,10.0,2008.0,lefkosia,Engomi,35.173639,33.339925,51.085,4.074,True,False,False,False,False,False,2024-05-12,17,1595.7446808510638,2024
synthetic,True,new_build,464000,217,house,3.0,3.0,,2.0,2023.0,lemesos,Agía Zóni,34.67769,33.044717,1.893,0.535,True,False,False,True,True,False,2025-06-06,2,2138.2488479262674,2652
synthetic,True,resale,169000,122,house,3.0,3.0,,1.0,2022.0,lemesos,Zakaki,34.683176,33.033113,2.541,1.219,False,False,False,True,False,False,2025-05-11,3,1385.2459016393443,1611
synthetic,True,resale,242000,109,apartment,3.0,2.0,3.0,3.0,2020.0,lemesos,Potamos Germasogeias,34.699277,33.056396,4.698,2.097,True,False,False,False,True,False,2025-06-06,5,2220.183486238532,2204
synthetic,True,resale,205000,98,house,3.0,2.0,,2.0,2016.0,lemesos,Agía Zóni,34.673066,33.04277,1.502,1.079,True,False,False,False,False,False,2025-03-09,9,2091.8367346938776,2652
synthetic,True,resale,219000,122,house,5.0,2.0,,2.0,2015.0,lemesos,Polemidia,34.694365,33.016618,4.178,3.036,False,False,True,True,True,False,2025-08-18,10,1795.0819672131147,1661
synthetic,True,resale,1692000,460,villa,4.0,4.0,,2.0,2019.0,lemesos,Agios Tychonas,34.707225,33.09409,7.369,5.166,True,False,True,True,True,True,2025-04-26,6,3678.2608695652175,3788
synthetic,True,resale,181000,131,house,3.0,3.0,,2.0,2009.0,lemesos,Kato Polemidia,34.692528,33.003474,4.964,4.086,True,False,False,False,True,False,2025-12-05,16,1381.679389312977,1493
synthetic,True,resale,533000,223,house,5.0,2.0,,2.0,2024.0,lefkosia,Engomi,35.168666,33.35059,51.118,3.443,True,False,False,False,True,False,2025-10-10,1,2390.134529147982,2024
synthetic,True,resale,111000,72,apartment,1.0,1.0,7.0,8.0,1996.0,lefkosia,Strovolos,35.14714,33.360136,61.931,4.727,True,False,False,False,False,False,2024-05-20,29,1541.6666666666667,1771
synthetic,True,resale,79000,60,apartment,2.0,2.0,8.0,9.0,1986.0,lefkosia,Strovolos,35.131086,33.350716,54.59,6.707,True,False,False,False,True,False,2025-09-16,39,1316.6666666666667,1771
synthetic,True,new_build,282000,126,apartment,4.0,2.0,4.0,7.0,2014.0,lefkosia,Strovolos,35.133869,33.353638,55.073,6.315,True,False,False,False,True,False,2025-12-14,11,2238.095238095238,1771
synthetic,True,resale,531000,270,house,4.0,2.0,,1.0,1987.0,lefkosia,Strovolos,35.134045,33.343147,58.011,6.748,False,False,True,False,True,False,2025-02-28,38,1966.6666666666667,1771
synthetic,True,resale,229000,130,house,3.0,3.0,,1.0,2018.0,lefkosia,Strovolos,35.144937,33.360697,66.405,4.93,True,False,False,False,True,False,2024-05-29,7,1761.5384615384614,1771
synthetic,True,resale,128000,108,apartment,4.0,2.0,4.0,5.0,2009.0,lemesos,Ypsonas,34.711054,32.991372,7.41,5.961,True,False,False,False,True,False,2025-07-25,16,1185.1851851851852,1306
synthetic,True,resale,187000,161,house,4.0,2.0,,2.0,2020.0,larnaka,Aradippou,34.950413,33.608982,4.993,3.326,True,False,False,True,False,False,2025-04-29,5,1161.4906832298136,1333
synthetic,True,resale,277000,70,apartment,2.0,1.0,5.0,6.0,2021.0,lemesos,Mouttagiaka,34.710303,33.087886,7.3,4.907,True,False,False,False,False,True,2024-12-07,4,3957.1428571428573,3193
synthetic,True,resale,1831000,410,villa,4.0,4.0,,1.0,2024.0,lemesos,Germasogeia,34.71762,33.079363,7.329,4.95,True,True,True,True,False,False,2025-07-23,1,4465.8536585365855,2929
synthetic,True,resale,429000,156,apartment,3.0,2.0,6.0,9.0,1996.0,lemesos,Germasogeia,34.719171,33.073577,7.373,4.794,True,False,False,False,True,False,2025-11-12,29,2750.0,2929
synthetic,True,resale,239000,121,apartment,2.0,1.0,7.0,7.0,1983.0,lemesos,Agía Zóni,34.673748,33.053186,1.779,1.135,True,False,False,False,True,False,2025-12-11,42,1975.206611570248,2652
synthetic,True,resale,327000,151,house,3.0,3.0,,2.0,2016.0,lemesos,Potamos Germasogeias,34.703653,33.067997,5.528,3.088,False,False,True,True,False,False,2025-04-28,9,2165.562913907285,2204
synthetic,True,resale,612000,196,apartment,2.0,1.0,1.0,2.0,2017.0,lemesos,Germasogeia,34.705349,33.081116,6.261,4.08,True,False,False,False,True,False,2025-03-04,8,3122.4489795918366,2929
synthetic,True,new_build,389000,104,apartment,2.0,1.0,3.0,4.0,2017.0,lemesos,Mouttagiaka,34.714272,33.071686,6.68,4.241,True,False,True,False,True,True,2024-08-11,8,3740.3846153846152,3193
synthetic,True,resale,434000,241,villa,4.0,3.0,,2.0,2013.0,lemesos,Zakaki,34.686525,33.027796,2.726,1.765,True,False,True,True,True,False,2024-09-30,12,1800.8298755186722,1611
synthetic,True,resale,360000,181,house,3.0,2.0,,2.0,2023.0,lemesos,Mesa Geitonia,34.685921,33.043265,2.693,0.494,True,False,False,True,True,False,2024-07-21,2,1988.9502762430939,1927
synthetic,True,resale,211000,146,apartment,3.0,1.0,2.0,3.0,1999.0,lemesos,Zakaki,34.68481,33.018043,3.454,2.608,True,False,True,False,True,False,2025-07-16,26,1445.2054794520548,1611
synthetic,True,new_build,308000,179,apartment,2.0,1.0,4.0,7.0,1988.0,lefkosia,Engomi,35.171267,33.356514,66.345,2.834,True,False,False,False,True,False,2025-12-10,37,1720.6703910614526,2024
synthetic,True,resale,225000,105,apartment,1.0,1.0,2.0,5.0,1972.0,lemesos,Potamos Germasogeias,34.708313,33.072273,5.877,3.737,True,True,False,False,True,False,2024-07-13,53,2142.8571428571427,2204
synthetic,True,resale,152000,90,apartment,1.0,1.0,6.0,7.0,1978.0,lemesos,Mesa Geitonia,34.688045,33.042148,2.951,0.748,True,False,False,False,True,False,2024-09-24,47,1688.888888888889,1927
synthetic,True,resale,233000,194,apartment,3.0,1.0,6.0,7.0,1984.0,lemesos,Kato Polemidia,34.697291,33.01354,4.601,3.436,False,False,False,False,True,False,2025-05-20,41,1201.0309278350514,1493
synthetic,True,new_build,185000,134,apartment,3.0,2.0,1.0,3.0,2018.0,lemesos,Kato Polemidia,34.697528,33.003244,5.452,4.294,False,False,False,False,True,False,2025-02-13,7,1380.597014925373,1493
synthetic,True,resale,57000,47,apartment,1.0,1.0,7.0,8.0,2017.0,larnaka,Aradippou,34.949254,33.595871,6.189,3.852,False,False,False,False,True,False,2024-04-25,8,1212.7659574468084,1333
synthetic,True,resale,193000,128,apartment,4.0,2.0,6.0,9.0,2010.0,lefkosia,Nicosia Old Town,35.172706,33.368834,56.75,1.885,True,False,False,False,True,False,2026-03-10,15,1507.8125,1660
synthetic,True,resale,130000,65,apartment,1.0,1.0,6.0,7.0,2007.0,pafos,Chloraka,34.794888,32.407546,4.397,2.633,True,False,True,False,False,False,2024-05-08,18,2000.0,1903
synthetic,True,resale,153000,93,apartment,3.0,2.0,7.0,7.0,2000.0,lefkosia,Lakatamia,35.132845,33.310934,66.167,8.746,True,False,False,False,True,False,2024-11-16,25,1645.1612903225807,1517
synthetic,True,resale,284000,126,house,4.0,3.0,,1.0,2019.0,lefkosia,Engomi,35.184955,33.359363,65.057,2.086,True,False,False,True,True,False,2024-09-06,6,2253.968253968254,2024
synthetic,True,resale,233000,241,house,5.0,2.0,,1.0,1997.0,lemesos,Ypsonas,34.703694,32.991433,6.772,5.56,True,False,False,True,False,False,2025-08-18,28,966.804979253112,1306
synthetic,True,resale,199000,99,house,3.0,2.0,,1.0,2019.0,lemesos,Mesa Geitonia,34.692791,33.042247,4.112,1.227,True,False,False,True,False,False,2025-07-27,6,2010.1010101010102,1927
synthetic,True,new_build,278000,131,house,3.0,3.0,,2.0,1989.0,lemesos,Germasogeia,34.712359,33.066327,6.164,3.807,False,False,False,False,True,False,2024-08-11,36,2122.1374045801526,2929
synthetic,True,resale,866000,192,apartment,3.0,1.0,6.0,8.0,2005.0,lemesos,Agios Tychonas,34.70916,33.10779,8.414,6.358,False,False,False,False,True,True,2024-09-23,20,4510.416666666667,3788
synthetic,True,resale,374000,159,apartment,2.0,1.0,7.0,9.0,2006.0,pafos,Kato Paphos,34.760286,32.41102,0.595,2.071,True,True,False,False,True,True,2025-11-17,19,2352.2012578616354,2730
synthetic,True,resale,202000,99,apartment,3.0,2.0,7.0,9.0,2024.0,lefkosia,Strovolos,35.131695,33.350791,64.389,6.643,False,False,False,False,True,False,2025-07-15,1,2040.4040404040404,1771
synthetic,True,resale,442000,217,house,5.0,3.0,,2.0,2012.0,lefkosia,Strovolos,35.135773,33.338626,51.59,6.816,True,False,False,True,True,False,2025-09-17,13,2036.8663594470047,1771
synthetic,True,resale,196000,426,land,,,,,,lemesos,Episkopi,34.673007,32.914698,11.45,12.087,False,False,False,False,False,False,2026-03-06,20,460.09389671361504,1536
synthetic,True,resale,841000,551,villa,3.0,3.0,,2.0,2005.0,lemesos,Kato Polemidia,34.685636,33.024896,2.925,2.001,True,False,True,True,False,False,2025-12-20,20,1526.3157894736842,1493
synthetic,True,resale,1195000,679,villa,6.0,3.0,,1.0,2018.0,lemesos,Ypsonas,34.708196,32.997861,6.58,5.29,True,False,True,True,True,False,2024-09-28,7,1759.941089837997,1306
synthetic,True,new_build,512000,199,villa,3.0,4.0,,1.0,2025.0,lemesos,Polemidia,34.698482,33.021488,4.525,2.903,True,False,False,True,False,False,2024-11-25,0,2572.8643216080404,1661
synthetic,True,resale,74000,62,apartment,2.0,1.0,6.0,6.0,1977.0,lemesos,Ypsonas,34.706152,32.991588,6.656,5.67,True,False,True,False,True,False,2024-09-05,48,1193.5483870967741,1306
synthetic,True,resale,121000,54,apartment,3.0,1.0,5.0,8.0,2018.0,lefkosia,Engomi,35.177842,33.358493,51.863,2.329,True,False,True,False,True,False,2024-05-09,7,2240.740740740741,2024
synthetic,True,resale,168000,126,house,4.0,3.0,,2.0,1996.0,lefkosia,Lakatamia,35.128541,33.331195,55.193,7.864,True,False,False,True,False,False,2025-02-15,29,1333.3333333333333,1517
synthetic,True,new_build,721000,268,villa,4.0,4.0,,2.0,2006.0,lemesos,Mesa Geitonia,34.683185,33.052812,2.125,0.595,True,False,True,True,False,False,2025-05-06,19,2690.2985074626868,1927
synthetic,True,resale,472000,251,villa,5.0,3.0,,2.0,2025.0,lemesos,Polemidia,34.69084,33.018027,3.698,2.763,True,False,True,True,False,False,2025-05-27,0,1880.4780876494024,1661
synthetic,True,new_build,118000,71,apartment,1.0,1.0,4.0,4.0,1975.0,lefkosia,Engomi,35.18291,33.346175,66.589,3.297,True,False,False,False,True,False,2024-11-02,50,1661.9718309859154,2024
synthetic,True,resale,484000,205,house,5.0,2.0,,1.0,2020.0,lefkosia,Engomi,35.175809,33.353701,60.447,2.818,True,False,True,False,False,False,2025-07-09,5,2360.9756097560976,2024
synthetic,True,resale,332000,112,apartment,2.0,2.0,4.0,5.0,2016.0,lemesos,Germasogeia,34.712459,33.077852,6.487,4.417,True,False,True,False,True,False,2024-08-12,9,2964.285714285714,2929
synthetic,True,resale,304000,138,house,5.0,3.0,,2.0,2018.0,larnaka,Drosia,34.926688,33.627112,2.131,0.546,True,True,False,True,True,False,2024-06-02,7,2202.8985507246375,1832
synthetic,True,resale,207000,76,apartment,2.0,2.0,3.0,3.0,2018.0,lemesos,Pyrgos,34.717313,33.096307,8.289,5.998,True,True,False,False,True,True,2024-12-07,7,2723.684210526316,2440
synthetic,True,resale,1089000,494,villa,5.0,4.0,,2.0,2015.0,lemesos,Mesa Geitonia,34.688865,33.055686,3.192,1.12,True,False,True,True,False,False,2025-11-23,10,2204.453441295547,1927
synthetic,True,resale,224000,168,house,3.0,3.0,,1.0,2015.0,larnaka,Aradippou,34.940003,33.584402,5.995,4.024,True,False,False,False,False,False,2025-02-25,10,1333.3333333333333,1333
synthetic,True,resale,88000,68,apartment,2.0,2.0,6.0,9.0,2010.0,larnaka,Aradippou,34.953516,33.609037,5.858,3.644,True,False,False,False,True,False,2025-12-07,15,1294.1176470588234,1333
synthetic,True,resale,321000,147,apartment,3.0,2.0,3.0,6.0,2014.0,lemesos,Agía Zóni,34.681377,33.046274,2.84,0.103,True,True,False,False,True,False,2025-04-04,11,2183.673469387755,2652
synthetic,True,resale,163000,61,apartment,2.0,1.0,4.0,7.0,2017.0,lemesos,Agía Zóni,34.676792,33.047865,2.08,0.627,True,False,False,False,True,False,2024-12-20,8,2672.1311475409834,2652
synthetic,True,new_build,131000,64,apartment,3.0,1.0,1.0,3.0,2016.0,lefkosia,Strovolos,35.154444,33.345071,53.35,4.843,True,False,False,False,True,False,2025-10-18,9,2046.875,1771
synthetic,True,resale,445000,184,house,3.0,2.0,,1.0,2024.0,larnaka,Drosia,34.925547,33.623508,2.3,0.295,True,True,True,True,False,False,2025-10-25,1,2418.478260869565,1832
synthetic,True,new_build,301000,148,apartment,1.0,1.0,7.0,9.0,2018.0,lemesos,Kato Polemidia,34.699224,33.023061,4.659,2.845,False,False,False,False,True,False,2026-01-04,7,2033.7837837837837,1493
synthetic,True,resale,154000,102,apartment,3.0,1.0,6.0,6.0,2021.0,lemesos,Ypsonas,34.710129,32.994836,7.073,5.639,True,False,False,False,True,False,2024-08-14,4,1509.8039215686274,1306
synthetic,True,resale,227000,366,land,,,,,,lefkosia,Lakatamia,35.132762,33.327702,52.4,7.691,False,False,False,False,True,False,2025-07-05,20,620.2185792349727,1517
synthetic,True,resale,318000,189,house,3.0,2.0,,1.0,1985.0,lefkosia,Lakatamia,35.135402,33.316433,65.615,8.186,True,False,True,False,True,False,2025-01-17,40,1682.5396825396826,1517
synthetic,True,resale,114000,60,apartment,3.0,2.0,3.0,5.0,2015.0,lefkosia,Engomi,35.177713,33.343513,58.918,3.633,False,False,False,False,True,False,2024-10-08,10,1900.0,2024
synthetic,True,resale,329000,183,house,3.0,2.0,,1.0,2022.0,lemesos,Mesa Geitonia,34.691697,33.042424,2.928,1.106,True,False,False,False,True,False,2024-05-09,3,1797.8142076502731,1927
synthetic,True,resale,831000,292,house,3.0,3.0,,1.0,2014.0,lemesos,Agía Zóni,34.681559,33.040379,2.458,0.557,True,False,False,True,False,False,2024-05-20,11,2845.890410958904,2652
synthetic,True,resale,152000,91,house,3.0,2.0,,1.0,2021.0,larnaka,Drosia,34.923495,33.621441,2.241,0.182,True,True,False,True,False,False,2024-05-20,4,1670.3296703296703,1832
synthetic,True,resale,487000,140,house,4.0,3.0,,1.0,1995.0,lemesos,Agía Zóni,34.679097,33.043467,2.471,0.446,True,True,False,True,True,False,2026-04-07,30,3478.5714285714284,2652
synthetic,True,resale,250000,134,house,4.0,3.0,,2.0,1978.0,lemesos,Agía Zóni,34.68353,33.045076,2.779,0.183,True,True,False,False,False,False,2025-04-09,47,1865.6716417910447,2652
synthetic,True,resale,56000,51,apartment,3.0,2.0,8.0,9.0,2024.0,larnaka,Aradippou,34.946963,33.598794,5.551,3.486,True,False,False,False,True,False,2024-10-11,1,1098.0392156862745,1333
synthetic,True,resale,102000,78,apartment,3.0,2.0,4.0,4.0,2009.0,lemesos,Polemidia,34.691741,33.027377,3.665,2.032,False,False,False,False,True,False,2024-07-29,16,1307.6923076923076,1661
synthetic,True,resale,141000,53,apartment,3.0,1.0,5.0,6.0,2011.0,lemesos,Mesa Geitonia,34.690797,33.05264,3.669,1.104,True,False,True,False,True,False,2025-02-17,14,2660.377358490566,1927
synthetic,True,resale,657000,853,land,,,,,,larnaka,Drosia,34.928874,33.63674,2.061,1.394,False,False,False,False,True,False,2024-12-19,20,770.2227432590856,1832
synthetic,True,resale,80000,48,apartment,2.0,1.0,7.0,8.0,2005.0,lefkosia,Strovolos,35.139858,33.357433,63.933,5.566,True,False,True,False,True,False,2024-04-24,20,1666.6666666666667,1771
synthetic,True,resale,97000,65,apartment,2.0,2.0,4.0,4.0,2006.0,lemesos,Polemidia,34.696964,33.020835,4.565,2.85,True,False,False,False,False,False,2024-06-20,19,1492.3076923076924,1661
synthetic,True,resale,510000,261,house,5.0,2.0,,2.0,2023.0,lefkosia,Engomi,35.17148,33.359588,54.773,2.593,True,False,False,False,True,False,2024-10-17,2,1954.0229885057472,2024
synthetic,True,resale,60000,47,apartment,2.0,1.0,5.0,5.0,2003.0,lefkosia,Strovolos,35.145524,33.357198,68.907,5.007,True,False,True,False,False,False,2024-06-23,22,1276.595744680851,1771
synthetic,True,resale,504000,192,apartment,2.0,1.0,5.0,6.0,2000.0,lemesos,Agios Tychonas,34.71604,33.105048,8.434,6.544,True,False,False,False,False,True,2025-10-17,25,2625.0,3788
synthetic,True,resale,185000,92,house,4.0,3.0,,1.0,2005.0,larnaka,Drosia,34.922302,33.624758,1.922,0.149,True,False,True,True,True,False,2026-04-10,20,2010.8695652173913,1832
synthetic,True,resale,158000,99,apartment,3.0,2.0,1.0,2.0,1990.0,pafos,Chloraka,34.789003,32.407389,4.208,2.141,True,True,False,False,True,False,2025-09-26,35,1595.959595959596,1903
synthetic,True,resale,216000,102,apartment,3.0,1.0,6.0,9.0,2022.0,lemesos,Kato Polemidia,34.695073,33.002184,4.877,4.285,True,False,True,False,True,False,2025-01-16,3,2117.6470588235293,1493
synthetic,True,resale,403000,747,land,,,,,,lemesos,Polemidia,34.696357,33.027411,4.374,2.336,False,False,False,False,False,False,2025-07-09,20,539.4912985274431,1661
synthetic,True,resale,235000,193,house,4.0,2.0,,2.0,2012.0,lemesos,Ypsonas,34.711329,32.992739,7.267,5.872,True,False,False,True,False,False,2025-10-13,13,1217.6165803108809,1306
synthetic,True,resale,258000,120,apartment,3.0,2.0,2.0,4.0,2015.0,lemesos,Potamos Germasogeias,34.69679,33.060544,4.576,2.066,True,False,False,False,True,False,2025-02-09,10,2150.0,2204
synthetic,True,resale,93000,51,apartment,2.0,1.0,6.0,8.0,2018.0,lefkosia,Nicosia Old Town,35.174375,33.374057,51.537,1.456,True,False,False,False,True,False,2025-05-01,7,1823.5294117647059,1660
synthetic,True,new_build,136000,62,apartment,2.0,1.0,2.0,3.0,2012.0,pafos,Kato Paphos,34.762054,32.426295,1.848,1.508,True,True,False,False,False,True,2025-11-20,13,2193.548387096774,2730
synthetic,True,resale,406000,191,apartment,1.0,1.0,1.0,1.0,2023.0,lefkosia,Strovolos,35.154528,33.348195,65.26,4.642,True,False,False,False,True,False,2026-03-16,2,2125.6544502617803,1771
synthetic,True,resale,1781000,511,villa,5.0,2.0,,2.0,2018.0,lemesos,Pyrgos,34.724232,33.101957,9.241,6.894,True,False,True,True,False,True,2025-12-26,7,3485.3228962818002,2440
synthetic,True,resale,329000,145,apartment,1.0,1.0,8.0,10.0,2014.0,lemesos,Mesa Geitonia,34.683214,33.044551,2.889,0.197,True,True,False,False,True,False,2025-10-03,11,2268.9655172413795,1927
synthetic,True,resale,476000,306,villa,4.0,4.0,,1.0,2015.0,larnaka,Aradippou,34.954086,33.591023,6.929,4.548,False,False,True,True,False,False,2025-07-03,10,1555.5555555555557,1333
synthetic,True,resale,261000,285,house,5.0,3.0,,2.0,1991.0,lefkosia,Lakatamia,35.135126,33.330025,68.865,7.354,True,False,False,True,False,False,2025-05-15,34,915.7894736842105,1517
synthetic,True,new_build,168000,119,apartment,3.0,2.0,5.0,7.0,2014.0,lemesos,Ypsonas,34.701148,33.005032,5.828,4.324,True,False,False,False,False,False,2025-06-08,11,1411.764705882353,1306
synthetic,True,resale,345000,199,apartment,2.0,1.0,1.0,4.0,2015.0,larnaka,Finikoudes,34.920374,33.637782,1.194,1.35,True,True,False,False,False,False,2025-03-21,10,1733.6683417085428,2276
synthetic,True,new_build,135000,52,apartment,3.0,1.0,6.0,7.0,2006.0,lemesos,Mesa Geitonia,34.685269,33.053225,2.78,0.706,False,False,True,False,True,False,2024-11-30,19,2596.153846153846,1927
synthetic,True,resale,131000,56,apartment,3.0,1.0,5.0,7.0,2025.0,lemesos,Potamos Germasogeias,34.702542,33.070298,5.335,3.137,True,False,True,False,False,False,2025-09-12,0,2339.285714285714,2204
synthetic,True,resale,915000,264,villa,4.0,3.0,,2.0,1996.0,lemesos,Agía Zóni,34.67856,33.043098,1.868,0.514,True,True,False,True,False,False,2024-09-12,29,3465.909090909091,2652
synthetic,True,resale,125000,54,apartment,3.0,2.0,5.0,7.0,2002.0,lefkosia,Engomi,35.175862,33.343288,64.929,3.707,True,False,False,False,True,False,2024-06-21,23,2314.814814814815,2024
synthetic,True,resale,189000,65,apartment,3.0,1.0,6.0,8.0,2023.0,larnaka,Finikoudes,34.916408,33.645793,0.843,2.174,True,True,False,False,True,False,2024-10-27,2,2907.6923076923076,2276
synthetic,True,resale,148000,147,house,3.0,3.0,,2.0,1999.0,lefkosia,Strovolos,35.143132,33.349915,51.805,5.565,True,False,False,False,True,False,2025-12-20,26,1006.8027210884354,1771
synthetic,True,new_build,664000,260,house,3.0,3.0,,1.0,2022.0,lemesos,Mesa Geitonia,34.69445,33.057589,4.09,1.695,False,False,False,False,True,False,2024-05-13,3,2553.846153846154,1927
synthetic,True,new_build,839000,212,villa,4.0,2.0,,2.0,2020.0,lemesos,Pyrgos,34.715827,33.113196,8.696,7.154,True,False,False,True,False,True,2024-04-29,5,3957.5471698113206,2440
synthetic,True,resale,162000,79,apartment,3.0,1.0,1.0,4.0,2005.0,lemesos,Agía Zóni,34.68148,33.047311,2.143,0.124,True,False,False,False,True,False,2025-01-07,20,2050.6329113924053,2652
synthetic,True,resale,208000,180,apartment,4.0,1.0,1.0,1.0,2017.0,lemesos,Zakaki,34.690312,33.031535,3.499,1.625,False,False,False,False,False,False,2025-04-03,8,1155.5555555555557,1611
synthetic,True,new_build,129000,86,apartment,3.0,1.0,5.0,7.0,2008.0,lemesos,Ypsonas,34.707888,33.005467,6.277,4.701,True,False,False,False,True,False,2025-08-16,17,1500.0,1306
synthetic,True,resale,163000,157,apartment,3.0,2.0,2.0,2.0,1981.0,lefkosia,Nicosia Old Town,35.180264,33.37008,50.206,1.259,True,False,False,False,True,False,2024-11-14,44,1038.216560509554,1660
synthetic,True,resale,264000,151,apartment,4.0,2.0,3.0,3.0,2013.0,lefkosia,Strovolos,35.139273,33.361233,61.191,5.496,True,False,False,False,True,False,2025-06-29,12,1748.3443708609273,1771
synthetic,True,resale,753000,274,villa,5.0,4.0,,2.0,1982.0,larnaka,Finikoudes,34.928974,33.640339,2.0,1.694,True,True,True,True,True,False,2025-11-14,43,2748.175182481752,2276
synthetic,True,resale,1443000,594,villa,5.0,4.0,,2.0,1996.0,lemesos,Agía Zóni,34.674349,33.040861,1.805,1.019,True,False,False,True,True,False,2025-05-18,29,2429.2929292929293,2652
synthetic,True,resale,493000,180,villa,5.0,3.0,,2.0,2024.0,lemesos,Agía Zóni,34.680574,33.045719,2.605,0.202,True,False,False,True,True,False,2025-03-02,1,2738.8888888888887,2652
synthetic,True,resale,311000,168,apartment,3.0,2.0,3.0,5.0,2021.0,lemesos,Pyrgos,34.721692,33.100699,8.898,6.62,True,False,False,False,False,True,2025-01-25,4,1851.1904761904761,2440
synthetic,True,resale,91000,49,apartment,2.0,2.0,2.0,5.0,2025.0,lefkosia,Engomi,35.184546,33.352882,62.952,2.676,True,False,False,False,True,False,2024-11-05,0,1857.142857142857,2024
synthetic,True,resale,66000,47,apartment,3.0,2.0,3.0,4.0,1980.0,lemesos,Mesa Geitonia,34.689913,33.05137,3.482,0.961,True,False,False,False,True,False,2025-10-05,45,1404.2553191489362,1927
synthetic,True,resale,517000,522,land,,,,,,lemesos,Agía Zóni,34.675371,33.049448,2.291,0.819,True,True,False,False,True,False,2024-07-22,20,990.4214559386974,2652
synthetic,True,resale,454000,202,house,5.0,2.0,,1.0,2010.0,lemesos,Potamos Germasogeias,34.700925,33.061053,4.965,2.467,True,False,False,True,True,False,2024-04-25,15,2247.5247524752476,2204
synthetic,True,resale,148000,115,apartment,1.0,1.0,7.0,10.0,2015.0,lemesos,Kato Polemidia,34.691743,33.006066,4.799,3.834,True,False,False,False,True,False,2026-02-11,10,1286.9565217391305,1493
synthetic,True,resale,336000,187,apartment,1.0,1.0,4.0,7.0,2000.0,lemesos,Mesa Geitonia,34.680953,33.057858,2.649,1.058,False,False,False,False,True,False,2025-03-11,25,1796.7914438502673,1927
synthetic,True,resale,290000,179,house,4.0,2.0,,2.0,2016.0,pafos,Yeroskipou,34.766284,32.459899,4.85,3.427,True,False,True,True,False,False,2024-11-15,9,1620.1117318435754,1531
synthetic,True,resale,222000,112,apartment,3.0,1.0,1.0,4.0,2025.0,lemesos,Agía Zóni,34.680028,33.040052,2.252,0.633,False,False,False,False,False,False,2025-12-15,0,1982.142857142857,2652
synthetic,True,resale,98000,96,apartment,2.0,1.0,2.0,3.0,2009.0,larnaka,Aradippou,34.944382,33.593246,5.72,3.635,True,False,False,False,False,False,2024-06-03,16,1020.8333333333334,1333
synthetic,True,resale,169000,133,apartment,1.0,1.0,2.0,2.0,2009.0,lemesos,Zakaki,34.691808,33.01776,3.677,2.824,True,False,False,False,True,False,2024-06-07,16,1270.6766917293232,1611
synthetic,True,resale,76000,54,apartment,3.0,1.0,7.0,10.0,2023.0,larnaka,Aradippou,34.953287,33.601024,5.734,3.942,True,False,False,False,True,False,2024-10-11,2,1407.4074074074074,1333
synthetic,True,resale,233000,159,house,4.0,2.0,,1.0,2002.0,lemesos,Zakaki,34.68189,33.034838,2.461,1.058,True,False,False,False,True,False,2024-06-17,23,1465.4088050314465,1611
synthetic,True,resale,797000,295,house,4.0,2.0,,1.0,2018.0,pafos,Kato Paphos,34.754083,32.415458,0.504,2.509,True,False,False,True,True,True,2025-02-17,7,2701.6949152542375,2730
synthetic,True,resale,1255000,423,villa,6.0,4.0,,2.0,2024.0,lemesos,Agía Zóni,34.678191,33.045585,1.92,0.463,False,True,True,True,False,False,2024-09-19,1,2966.903073286052,2652
synthetic,True,new_build,704000,205,house,3.0,3.0,,1.0,1976.0,lemesos,Mouttagiaka,34.711129,33.072417,6.467,3.992,True,True,False,True,True,True,2026-02-28,49,3434.1463414634145,3193
synthetic,True,resale,180000,128,house,4.0,3.0,,2.0,2019.0,lemesos,Ypsonas,34.713504,33.005627,6.413,5.092,True,False,True,False,True,False,2025-07-04,6,1406.25,1306
synthetic,True,resale,388000,215,house,4.0,2.0,,2.0,2024.0,lefkosia,Nicosia Old Town,35.17858,33.377515,64.148,0.894,True,False,False,True,True,False,2024-08-29,1,1804.6511627906978,1660
synthetic,True,resale,148000,91,house,4.0,3.0,,1.0,2014.0,lemesos,Polemidia,34.696027,33.006125,5.426,3.986,True,False,False,True,False,False,2025-06-13,11,1626.3736263736264,1661
synthetic,True,resale,442000,160,apartment,2.0,2.0,2.0,4.0,2011.0,lemesos,Germasogeia,34.706484,33.074388,6.098,3.712,True,False,True,False,True,False,2024-09-23,14,2762.5,2929
synthetic,True,resale,355000,247,house,5.0,2.0,,2.0,2011.0,lefkosia,Engomi,35.175582,33.356618,60.009,2.586,True,False,False,True,False,False,2025-03-21,14,1437.246963562753,2024
synthetic,True,new_build,114000,124,apartment,1.0,1.0,3.0,5.0,1999.0,pafos,Yeroskipou,34.76777,32.447033,3.448,2.264,False,False,False,False,False,False,2025-05-20,26,919.3548387096774,1531
synthetic,True,resale,257000,201,house,3.0,3.0,,2.0,2017.0,lemesos,Kato Polemidia,34.685238,33.017296,3.483,2.681,True,False,False,True,False,False,2024-05-01,8,1278.6069651741293,1493
synthetic,True,resale,335000,89,apartment,1.0,1.0,4.0,5.0,2025.0,pafos,Kato Paphos,34.757088,32.408206,0.381,2.51,True,True,False,False,True,True,2025-07-04,0,3764.044943820225,2730
synthetic,True,resale,358000,208,house,3.0,2.0,,1.0,2023.0,lefkosia,Strovolos,35.146496,33.351577,63.648,5.168,True,False,False,False,False,False,2026-04-12,2,1721.1538461538462,1771
synthetic,True,resale,1307000,624,villa,4.0,3.0,,2.0,1980.0,pafos,Chloraka,34.778882,32.423469,2.332,0.38,True,False,False,True,True,False,2025-08-02,45,2094.551282051282,1903
synthetic,True,resale,257000,91,apartment,2.0,2.0,4.0,6.0,2021.0,lemesos,Germasogeia,34.712506,33.065697,5.826,3.794,True,False,False,False,True,False,2026-02-11,4,2824.1758241758243,2929
synthetic,True,resale,1789000,606,villa,4.0,2.0,,2.0,2008.0,larnaka,Finikoudes,34.925707,33.645653,2.154,2.062,True,True,True,True,True,False,2026-03-19,17,2952.145214521452,2276
synthetic,True,new_build,391000,102,apartment,2.0,2.0,8.0,9.0,2020.0,lemesos,Germasogeia,34.702054,33.079879,6.328,3.767,True,True,False,False,True,False,2025-04-02,5,3833.3333333333335,2929
synthetic,True,resale,144000,93,house,5.0,2.0,,2.0,2018.0,pafos,Chloraka,34.780458,32.405935,2.963,1.748,True,False,False,True,True,False,2026-03-02,7,1548.3870967741937,1903
synthetic,True,resale,630000,261,house,4.0,3.0,,2.0,2021.0,lemesos,Episkopi,34.670398,32.913996,11.682,12.18,True,True,False,True,True,False,2025-06-28,4,2413.793103448276,1536
synthetic,True,resale,176000,106,house,5.0,2.0,,1.0,2024.0,lemesos,Episkopi,34.665097,32.916635,11.315,12.02,True,False,True,False,False,False,2025-12-02,1,1660.377358490566,1536
synthetic,True,resale,256000,129,apartment,3.0,2.0,4.0,4.0,2004.0,lefkosia,Engomi,35.174362,33.35119,69.54,3.091,True,False,False,False,True,False,2025-10-25,21,1984.4961240310076,2024
synthetic,True,resale,471000,241,house,3.0,3.0,,2.0,2009.0,lemesos,Zakaki,34.687637,33.024972,3.099,2.047,True,False,False,True,True,False,2024-09-06,16,1954.356846473029,1611
synthetic,True,resale,249000,92,apartment,2.0,2.0,7.0,10.0,2012.0,lemesos,Pyrgos,34.711271,33.110032,8.506,6.65,True,False,False,False,True,True,2026-01-24,13,2706.521739130435,2440
synthetic,True,resale,183000,111,apartment,3.0,2.0,4.0,5.0,2019.0,lefkosia,Nicosia Old Town,35.17107,33.360842,54.006,2.533,False,False,False,False,True,False,2025-02-23,6,1648.6486486486488,1660
synthetic,True,resale,94000,77,apartment,2.0,2.0,8.0,10.0,2005.0,larnaka,Aradippou,34.949811,33.609678,5.02,3.24,True,False,False,False,True,False,2026-04-05,20,1220.7792207792209,1333
synthetic,True,resale,108000,62,apartment,4.0,1.0,6.0,9.0,1998.0,lemesos,Potamos Germasogeias,34.698382,33.063514,4.785,2.376,True,False,False,False,True,False,2024-09-25,27,1741.9354838709678,2204
synthetic,True,resale,155000,114,house,3.0,2.0,,2.0,2006.0,lemesos,Polemidia,34.690403,33.009975,4.407,3.45,True,False,True,True,False,False,2024-06-03,19,1359.6491228070176,1661
synthetic,True,resale,202000,180,villa,5.0,4.0,,2.0,2022.0,lemesos,Ypsonas,34.708812,33.00005,6.479,5.162,True,False,False,True,False,False,2025-10-17,3,1122.2222222222222,1306
synthetic,True,resale,1139000,289,house,3.0,2.0,,1.0,2016.0,lemesos,Agios Tychonas,34.708642,33.09154,6.936,5.061,False,False,False,False,True,True,2024-09-25,9,3941.176470588235,3788
synthetic,True,resale,376000,172,house,3.0,3.0,,1.0,2008.0,lemesos,Mesa Geitonia,34.687566,33.05559,3.279,1.024,True,True,False,False,False,False,2025-07-03,17,2186.046511627907,1927
synthetic,True,resale,142000,62,apartment,3.0,1.0,5.0,6.0,1996.0,larnaka,Finikoudes,34.917407,33.635883,0.871,1.3,False,False,False,False,True,False,2024-05-08,29,2290.3225806451615,2276
synthetic,True,resale,213000,132,apartment,1.0,1.0,6.0,7.0,1984.0,lemesos,Agía Zóni,34.682041,33.051041,2.825,0.425,True,False,False,False,False,False,2024-10-07,41,1613.6363636363637,2652
synthetic,True,resale,297000,131,apartment,2.0,1.0,2.0,4.0,2007.0,lemesos,Mesa Geitonia,34.681588,33.046467,2.272,0.079,True,True,False,False,True,False,2026-01-07,18,2267.1755725190837,1927
synthetic,True,resale,484000,281,house,3.0,3.0,,1.0,2010.0,lefkosia,Nicosia Old Town,35.180169,33.381392,63.874,0.61,True,False,False,True,True,False,2025-08-08,15,1722.4199288256227,1660
synthetic,True,resale,169000,128,apartment,1.0,1.0,1.0,4.0,2004.0,lefkosia,Engomi,35.173042,33.341337,54.088,3.976,False,False,False,False,True,False,2024-05-11,21,1320.3125,2024
synthetic,True,resale,484000,188,villa,3.0,2.0,,2.0,2014.0,lefkosia,Engomi,35.176865,33.342038,62.596,3.786,True,False,True,True,True,False,2024-07-03,11,2574.468085106383,2024
synthetic,True,resale,181000,81,apartment,3.0,2.0,1.0,4.0,1986.0,lemesos,Pyrgos,34.724265,33.102192,8.97,6.913,True,False,False,False,True,True,2024-12-08,39,2234.567901234568,2440
synthetic,True,new_build,549000,192,apartment,4.0,2.0,6.0,9.0,2017.0,lemesos,Agía Zóni,34.674011,33.041224,1.813,1.036,True,False,False,False,True,False,2024-11-09,8,2859.375,2652
synthetic,True,resale,238000,120,apartment,3.0,1.0,3.0,5.0,2024.0,lefkosia,Strovolos,35.131443,33.347248,58.481,6.813,True,False,False,False,True,False,2025-03-17,1,1983.3333333333333,1771
synthetic,True,new_build,1219000,578,villa,5.0,3.0,,2.0,2024.0,lemesos,Ypsonas,34.707778,32.993776,6.456,5.583,True,False,False,True,True,False,2024-11-27,1,2108.9965397923875,1306
synthetic,True,resale,312000,136,house,3.0,2.0,,1.0,2010.0,lemesos,Agía Zóni,34.678825,33.049127,2.258,0.46,True,False,False,True,True,False,2024-07-02,15,2294.1176470588234,2652
synthetic,True,new_build,80000,48,apartment,3.0,1.0,2.0,3.0,1971.0,lemesos,Germasogeia,34.705535,33.073554,5.725,3.583,False,False,False,False,False,False,2025-05-27,54,1666.6666666666667,2929
synthetic,True,new_build,185000,112,house,3.0,3.0,,2.0,2016.0,larnaka,Aradippou,34.945677,33.581717,6.936,4.559,True,False,True,False,True,False,2024-06-30,9,1651.7857142857142,1333
synthetic,True,resale,341000,192,apartment,3.0,1.0,6.0,9.0,2024.0,pafos,Yeroskipou,34.761043,32.441144,2.986,2.238,True,False,False,False,True,False,2024-11-14,1,1776.0416666666667,1531
synthetic,True,resale,199000,144,apartment,3.0,1.0,4.0,5.0,2024.0,lemesos,Kato Polemidia,34.697485,33.024908,4.092,2.591,True,False,False,False,False,False,2024-06-02,1,1381.9444444444443,1493
synthetic,True,new_build,176000,126,apartment,2.0,2.0,7.0,8.0,1990.0,lemesos,Episkopi,34.662036,32.916036,11.327,12.133,True,False,False,False,False,False,2024-10-13,35,1396.8253968253969,1536
synthetic,True,resale,74000,49,apartment,2.0,2.0,6.0,7.0,2005.0,lemesos,Mesa Geitonia,34.691569,33.05595,3.802,1.351,True,False,False,False,True,False,2024-05-09,20,1510.204081632653,1927
synthetic,True,resale,381000,114,house,5.0,2.0,,2.0,2019.0,lemesos,Mouttagiaka,34.712174,33.086574,6.885,4.952,True,False,True,False,False,True,2025-02-06,6,3342.1052631578946,3193
synthetic,True,resale,430000,224,house,5.0,3.0,,1.0,2022.0,lefkosia,Nicosia Old Town,35.175866,33.371613,55.661,1.454,False,False,False,True,True,False,2025-09-26,3,1919.642857142857,1660
synthetic,True,new_build,421000,254,house,5.0,2.0,,1.0,1981.0,lefkosia,Engomi,35.177787,33.352923,69.77,2.808,True,False,True,False,True,False,2025-10-20,44,1657.4803149606298,2024
synthetic,True,new_build,622000,235,house,4.0,3.0,,1.0,2017.0,lefkosia,Strovolos,35.149883,33.353804,65.555,4.742,True,False,True,True,True,False,2025-06-13,8,2646.808510638298,1771
synthetic,True,resale,302000,198,apartment,1.0,1.0,4.0,4.0,2016.0,lefkosia,Engomi,35.183451,33.355495,53.698,2.448,True,False,False,False,False,False,2026-03-10,9,1525.2525252525252,2024
synthetic,True,resale,325000,109,apartment,3.0,2.0,3.0,6.0,2013.0,lemesos,Agía Zóni,34.684562,33.040917,2.583,0.561,True,False,False,False,True,False,2025-09-06,12,2981.651376146789,2652
synthetic,True,resale,243000,150,apartment,2.0,2.0,7.0,8.0,1985.0,pafos,Chloraka,34.784104,32.403212,3.239,2.134,False,False,False,False,True,False,2025-02-09,40,1620.0,1903
synthetic,True,resale,233000,105,house,4.0,3.0,,1.0,2006.0,larnaka,Finikoudes,34.921305,33.64928,1.269,2.375,False,True,False,True,True,False,2025-10-17,19,2219.0476190476193,2276
synthetic,True,resale,559000,234,house,3.0,2.0,,1.0,2007.0,lemesos,Pyrgos,34.722102,33.096911,8.495,6.396,False,False,False,False,True,True,2026-04-05,18,2388.8888888888887,2440
synthetic,True,new_build,519000,247,house,4.0,3.0,,2.0,2020.0,lefkosia,Lakatamia,35.122853,33.324189,55.347,8.752,True,False,False,True,True,False,2025-05-29,5,2101.2145748987855,1517
synthetic,True,resale,212000,166,apartment,3.0,1.0,7.0,8.0,2013.0,larnaka,Drosia,34.923601,33.621873,2.174,0.152,False,False,False,False,True,False,2025-04-26,12,1277.1084337349398,1832
synthetic,True,resale,342000,529,land,,,,,,lemesos,Zakaki,34.69235,33.032607,3.39,1.685,False,False,False,False,True,False,2025-05-03,20,646.5028355387524,1611
synthetic,True,new_build,179000,80,apartment,1.0,1.0,4.0,6.0,2024.0,larnaka,Finikoudes,34.92673,33.632357,2.451,0.929,False,True,False,False,False,False,2025-10-06,1,2237.5,2276
synthetic,True,new_build,167000,65,apartment,2.0,2.0,5.0,7.0,1996.0,lemesos,Agía Zóni,34.674568,33.046995,1.907,0.861,True,False,False,False,True,False,2026-03-04,29,2569.230769230769,2652
synthetic,True,new_build,360000,145,apartment,2.0,2.0,3.0,5.0,2020.0,lemesos,Mesa Geitonia,34.680474,33.053324,2.705,0.665,True,False,False,False,False,False,2026-02-20,5,2482.7586206896553,1927
synthetic,True,resale,386000,548,land,,,,,,lefkosia,Strovolos,35.148436,33.348424,55.789,5.154,False,False,False,False,True,False,2024-06-01,20,704.3795620437957,1771
synthetic,True,resale,252000,127,house,3.0,2.0,,2.0,1993.0,larnaka,Finikoudes,34.927339,33.644023,1.836,1.953,True,True,True,True,False,False,2025-04-07,32,1984.251968503937,2276
synthetic,True,resale,102000,65,apartment,2.0,2.0,2.0,5.0,2024.0,lemesos,Mesa Geitonia,34.684798,33.040951,2.79,0.57,True,False,False,False,True,False,2024-08-19,1,1569.2307692307693,1927
synthetic,True,resale,327000,137,house,4.0,2.0,,1.0,2024.0,lemesos,Mesa Geitonia,34.68315,33.047681,2.749,0.151,True,False,True,True,True,False,2024-09-18,1,2386.8613138686133,1927
synthetic,True,resale,52000,47,apartment,2.0,2.0,3.0,5.0,2015.0,pafos,Yeroskipou,34.766043,32.462771,4.762,3.685,True,False,True,False,False,False,2025-03-11,10,1106.3829787234042,1531
synthetic,True,resale,309000,122,apartment,2.0,1.0,5.0,7.0,1996.0,lemesos,Germasogeia,34.7032,33.070445,5.417,3.199,True,True,False,False,True,False,2025-09-11,29,2532.7868852459014,2929
synthetic,True,resale,239000,87,apartment,2.0,2.0,6.0,6.0,1972.0,lemesos,Agía Zóni,34.679867,33.044275,2.125,0.333,True,True,False,False,True,False,2024-06-14,53,2747.1264367816093,2652
synthetic,True,resale,264000,191,house,3.0,2.0,,2.0,2012.0,lemesos,Ypsonas,34.703092,32.998844,6.032,4.924,True,False,True,True,False,False,2024-05-11,13,1382.1989528795812,1306
synthetic,True,resale,82000,48,apartment,3.0,2.0,7.0,7.0,1973.0,lefkosia,Engomi,35.172169,33.358001,69.408,2.666,False,False,True,False,True,False,2025-12-27,52,1708.3333333333333,2024
synthetic,True,resale,817000,424,villa,5.0,3.0,,2.0,2018.0,lemesos,Polemidia,34.691274,33.008481,4.49,3.608,True,False,True,True,False,False,2024-06-12,7,1926.8867924528302,1661
synthetic,True,resale,239000,154,house,3.0,3.0,,1.0,2023.0,lemesos,Episkopi,34.670301,32.921446,11.093,11.504,True,False,False,False,True,False,2025-04-23,2,1551.948051948052,1536
synthetic,True,resale,248000,90,apartment,2.0,2.0,8.0,11.0,1990.0,larnaka,Finikoudes,34.921168,33.635308,1.663,1.112,True,True,False,False,True,False,2024-07-02,35,2755.5555555555557,2276
synthetic,True,new_build,347000,174,house,3.0,3.0,,2.0,1999.0,lemesos,Polemidia,34.693689,33.015466,4.119,3.099,True,False,False,False,True,False,2025-04-10,26,1994.2528735632184,1661
synthetic,True,resale,451000,250,villa,5.0,2.0,,2.0,1993.0,larnaka,Aradippou,34.94442,33.584324,6.638,4.284,True,False,True,True,True,False,2025-08-07,32,1804.0,1333
synthetic,True,resale,460000,356,villa,5.0,3.0,,2.0,1994.0,lemesos,Ypsonas,34.702246,32.993648,6.314,5.308,True,False,True,True,False,False,2025-08-25,31,1292.1348314606741,1306
synthetic,True,resale,1269000,1360,land,,,,,,lemesos,Agios Tychonas,34.71043,33.109338,8.349,6.549,True,False,False,False,True,True,2025-05-29,20,933.0882352941177,3788
synthetic,True,resale,116000,96,apartment,3.0,2.0,1.0,2.0,2014.0,lefkosia,Strovolos,35.131367,33.346915,58.484,6.835,True,False,False,False,False,False,2024-09-14,11,1208.3333333333333,1771
synthetic,True,resale,463000,170,apartment,3.0,1.0,2.0,4.0,2019.0,pafos,Kato Paphos,34.755491,32.414789,0.772,2.382,False,True,False,False,True,True,2025-11-10,6,2723.529411764706,2730
synthetic,True,resale,505000,218,house,3.0,3.0,,2.0,2016.0,lefkosia,Engomi,35.184198,33.343095,54.313,3.566,True,False,False,True,True,False,2024-11-21,9,2316.5137614678897,2024
synthetic,True,resale,879000,197,house,3.0,3.0,,1.0,2015.0,lemesos,Agía Zóni,34.676024,33.052748,2.062,0.908,True,True,True,True,True,False,2025-04-07,10,4461.928934010152,2652
synthetic,True,new_build,1278000,471,villa,4.0,3.0,,2.0,2016.0,larnaka,Drosia,34.933757,33.62258,2.824,1.209,True,False,True,True,True,False,2024-12-23,9,2713.375796178344,1832
synthetic,True,resale,717000,381,villa,3.0,3.0,,1.0,1999.0,lemesos,Kato Polemidia,34.686637,33.004507,4.415,3.861,True,False,True,True,True,False,2025-04-09,26,1881.8897637795276,1493
synthetic,True,resale,101000,58,apartment,1.0,1.0,7.0,7.0,2018.0,lefkosia,Nicosia Old Town,35.173172,33.360505,65.172,2.415,True,False,False,False,True,False,2025-10-28,7,1741.3793103448277,1660
synthetic,True,new_build,286000,63,apartment,3.0,1.0,6.0,8.0,2023.0,lemesos,Mouttagiaka,34.713033,33.085677,7.435,4.957,True,False,True,False,True,True,2024-06-29,2,4539.68253968254,3193
synthetic,True,resale,107000,89,apartment,2.0,1.0,1.0,3.0,1973.0,pafos,Kato Paphos,34.769665,32.417244,1.538,0.902,True,False,False,False,False,True,2025-12-19,52,1202.247191011236,2730
synthetic,True,resale,143000,58,apartment,3.0,1.0,2.0,2.0,2009.0,pafos,Kato Paphos,34.762844,32.411578,0.733,1.813,True,True,False,False,False,True,2025-03-20,16,2465.5172413793102,2730
synthetic,True,resale,415000,537,land,,,,,,lemesos,Pyrgos,34.715259,33.110875,9.147,6.941,False,False,False,False,True,True,2025-02-14,20,772.8119180633147,2440
synthetic,True,resale,949000,433,villa,3.0,4.0,,2.0,1997.0,lefkosia,Engomi,35.168555,33.338577,65.81,4.403,False,False,False,True,False,False,2025-01-22,28,2191.6859122401847,2024
synthetic,True,resale,158000,82,apartment,1.0,1.0,7.0,7.0,2015.0,lemesos,Zakaki,34.681776,33.026539,2.452,1.817,True,True,False,False,False,False,2025-06-14,10,1926.8292682926829,1611
synthetic,True,resale,421000,182,house,3.0,2.0,,2.0,1989.0,lemesos,Pyrgos,34.722106,33.102562,9.394,6.779,True,False,False,True,True,True,2025-03-10,36,2313.186813186813,2440
synthetic,True,resale,161000,85,apartment,2.0,1.0,1.0,1.0,2025.0,lemesos,Polemidia,34.697298,33.020642,4.561,2.886,True,False,False,False,True,False,2026-03-22,0,1894.1176470588234,1661
synthetic,True,resale,71000,45,apartment,3.0,1.0,5.0,7.0,2024.0,lemesos,Polemidia,34.695473,33.027464,4.154,2.268,True,False,False,False,True,False,2024-05-11,1,1577.7777777777778,1661
synthetic,True,new_build,694000,1339,land,,,,,,larnaka,Drosia,34.921543,33.635863,1.235,1.155,False,False,False,False,False,False,2026-02-08,20,518.2972367438387,1832
synthetic,True,resale,363000,571,land,,,,,,lemesos,Episkopi,34.663796,32.912294,11.889,12.435,False,False,False,False,True,False,2025-05-28,20,635.7267950963222,1536
synthetic,True,resale,146000,67,apartment,2.0,1.0,5.0,5.0,2017.0,lemesos,Germasogeia,34.706577,33.076634,6.288,3.864,True,False,False,False,False,False,2024-08-07,8,2179.10447761194,2929
synthetic,True,resale,286000,140,house,3.0,3.0,,1.0,2006.0,lemesos,Mesa Geitonia,34.684276,33.052873,3.094,0.631,True,True,False,True,False,False,2025-01-04,19,2042.857142857143,1927
synthetic,True,new_build,851000,315,villa,6.0,4.0,,2.0,2023.0,lemesos,Potamos Germasogeias,34.707646,33.073754,6.245,3.768,False,False,True,True,False,False,2025-03-22,2,2701.5873015873017,2204
synthetic,True,resale,772000,182,apartment,3.0,1.0,8.0,11.0,2006.0,lemesos,Agios Tychonas,34.709214,33.083789,7.023,4.543,True,False,False,False,True,True,2025-09-16,19,4241.758241758242,3788
synthetic,True,resale,207000,121,apartment,2.0,2.0,5.0,8.0,2022.0,lefkosia,Engomi,35.171612,33.352751,59.363,3.103,True,False,False,False,False,False,2024-05-12,3,1710.7438016528927,2024
synthetic,True,resale,239000,119,house,4.0,3.0,,1.0,2007.0,lemesos,Pyrgos,34.712209,33.112524,8.809,6.9,True,False,False,True,True,True,2025-09-28,18,2008.4033613445379,2440
synthetic,True,resale,231000,117,house,4.0,2.0,,1.0,2003.0,lemesos,Mesa Geitonia,34.687943,33.049872,3.544,0.703,True,False,True,True,True,False,2025-09-18,22,1974.3589743589744,1927
synthetic,True,resale,684000,239,house,3.0,3.0,,2.0,2011.0,lemesos,Germasogeia,34.714678,33.067356,6.264,4.078,True,False,False,True,True,False,2025-04-19,14,2861.9246861924685,2929
synthetic,True,resale,152000,83,apartment,3.0,1.0,2.0,4.0,2006.0,pafos,Chloraka,34.782208,32.402735,3.069,2.089,True,False,False,False,True,False,2025-05-08,19,1831.3253012048192,1903
synthetic,True,resale,584000,273,villa,6.0,2.0,,2.0,2001.0,larnaka,Aradippou,34.953533,33.597872,6.41,4.12,False,False,True,True,True,False,2025-01-09,24,2139.194139194139,1333
synthetic,True,new_build,197000,127,apartment,2.0,1.0,6.0,6.0,2011.0,pafos,Yeroskipou,34.768745,32.448721,3.643,2.371,True,False,False,False,True,False,2024-06-03,14,1551.1811023622047,1531
synthetic,True,resale,74000,48,apartment,2.0,1.0,1.0,3.0,2022.0,lemesos,Kato Polemidia,34.689421,33.011346,4.268,3.301,True,False,True,False,False,False,2026-03-13,3,1541.6666666666667,1493
synthetic,True,resale,888000,346,villa,5.0,2.0,,2.0,2015.0,lemesos,Mesa Geitonia,34.689556,33.048451,3.295,0.828,True,False,True,True,True,False,2025-11-24,10,2566.473988439306,1927
synthetic,True,resale,215000,133,apartment,1.0,1.0,5.0,6.0,2008.0,lemesos,Potamos Germasogeias,34.705277,33.062151,5.29,2.933,False,False,False,False,False,False,2024-10-31,17,1616.5413533834587,2204
synthetic,True,new_build,425000,167,apartment,3.0,1.0,2.0,2.0,2013.0,lemesos,Agía Zóni,34.682789,33.049048,2.744,0.248,False,False,False,False,True,False,2024-12-04,12,2544.9101796407185,2652
synthetic,True,new_build,133000,52,apartment,3.0,2.0,7.0,7.0,2005.0,lefkosia,Engomi,35.170601,33.357358,60.396,2.814,True,False,False,False,True,False,2026-03-23,20,2557.6923076923076,2024
synthetic,True,resale,180000,108,house,5.0,3.0,,1.0,2021.0,lemesos,Polemidia,34.692562,33.023542,3.703,2.381,False,False,False,True,True,False,2024-06-17,4,1666.6666666666667,1661
synthetic,True,resale,85000,59,apartment,4.0,2.0,4.0,6.0,2013.0,larnaka,Drosia,34.933606,33.639256,2.6,1.88,True,False,False,False,True,False,2024-06-09,12,1440.677966101695,1832
synthetic,True,resale,1698000,648,villa,4.0,2.0,,2.0,2015.0,lemesos,Mesa Geitonia,34.689677,33.04753,3.082,0.827,True,False,True,True,True,False,2025-08-15,10,2620.3703703703704,1927
synthetic,True,resale,166000,143,house,3.0,2.0,,2.0,1976.0,lemesos,Episkopi,34.665761,32.9292,9.712,10.874,True,False,False,True,True,False,2025-10-31,49,1160.8391608391607,1536
synthetic,True,resale,128000,92,house,3.0,3.0,,2.0,2018.0,lemesos,Kato Polemidia,34.68629,33.000606,4.726,4.211,True,False,False,False,True,False,2024-09-19,7,1391.304347826087,1493
synthetic,True,resale,85000,98,apartment,1.0,1.0,4.0,4.0,2006.0,larnaka,Aradippou,34.949382,33.606219,5.353,3.331,False,False,False,False,False,False,2026-01-28,19,867.3469387755102,1333
synthetic,True,new_build,138000,48,apartment,1.0,1.0,5.0,6.0,2020.0,lemesos,Germasogeia,34.712225,33.072806,6.351,4.111,True,False,False,False,False,False,2026-03-09,5,2875.0,2929
synthetic,True,resale,121000,62,apartment,1.0,1.0,4.0,6.0,2005.0,lemesos,Agía Zóni,34.681611,33.053799,2.538,0.681,False,False,False,False,True,False,2024-05-16,20,1951.6129032258063,2652
synthetic,True,resale,276000,144,apartment,1.0,1.0,6.0,7.0,2023.0,lefkosia,Engomi,35.174581,33.346299,52.505,3.494,True,False,False,False,True,False,2025-08-02,2,1916.6666666666667,2024
synthetic,True,new_build,364000,180,apartment,3.0,1.0,2.0,4.0,1998.0,larnaka,Finikoudes,34.918528,33.630874,1.091,0.845,False,False,False,False,False,False,2025-07-15,27,2022.2222222222222,2276
synthetic,True,resale,116000,80,apartment,4.0,1.0,5.0,6.0,2019.0,lemesos,Kato Polemidia,34.6902,33.010271,4.211,3.418,True,False,True,False,True,False,2025-06-11,6,1450.0,1493
synthetic,True,new_build,147000,72,apartment,3.0,1.0,5.0,5.0,2007.0,larnaka,Finikoudes,34.924536,33.639907,1.745,1.525,True,True,False,False,False,False,2026-02-15,18,2041.6666666666667,2276
synthetic,True,new_build,1701000,3236,land,,,,,,larnaka,Drosia,34.933987,33.625748,3.109,1.253,False,False,False,False,True,False,2024-05-16,20,525.6489493201483,1832
synthetic,True,resale,119000,56,apartment,2.0,2.0,5.0,6.0,1973.0,pafos,Kato Paphos,34.762685,32.415426,0.77,1.63,True,True,False,False,True,True,2025-01-18,52,2125.0,2730
synthetic,True,resale,91000,70,apartment,1.0,1.0,3.0,6.0,1979.0,lemesos,Polemidia,34.703036,33.008181,5.443,4.186,True,False,False,False,True,False,2026-02-28,46,1300.0,1661
synthetic,True,resale,110000,55,apartment,3.0,2.0,3.0,3.0,2020.0,lefkosia,Strovolos,35.141095,33.350265,54.74,5.742,True,False,False,False,True,False,2025-11-12,5,2000.0,1771
synthetic,True,resale,209000,127,house,3.0,2.0,,2.0,2017.0,larnaka,Finikoudes,34.927312,33.640216,1.971,1.618,False,False,False,True,False,False,2026-02-21,8,1645.6692913385828,2276
synthetic,True,new_build,147000,75,apartment,2.0,1.0,4.0,7.0,2023.0,lefkosia,Lakatamia,35.126339,33.314876,61.505,9.0,True,False,False,False,True,False,2025-12-07,2,1960.0,1517
synthetic,True,new_build,1120000,346,villa,4.0,2.0,,1.0,2015.0,pafos,Kato Paphos,34.764786,32.42265,1.714,1.199,True,True,False,True,False,True,2026-01-30,10,3236.9942196531792,2730
synthetic,True,resale,1011000,355,villa,6.0,3.0,,2.0,1980.0,lemesos,Pyrgos,34.723564,33.102087,8.857,6.853,True,False,False,True,True,True,2024-08-19,45,2847.887323943662,2440
synthetic,True,new_build,161000,119,apartment,2.0,2.0,2.0,3.0,2006.0,larnaka,Aradippou,34.953434,33.597807,6.269,4.114,False,False,False,False,True,False,2025-11-19,19,1352.9411764705883,1333
synthetic,True,new_build,1534000,305,villa,3.0,3.0,,2.0,2004.0,lemesos,Mouttagiaka,34.715965,33.078611,7.082,4.763,False,False,False,True,False,True,2024-10-09,21,5029.508196721312,3193
synthetic,True,resale,271000,83,apartment,3.0,2.0,2.0,2.0,2010.0,lemesos,Agios Tychonas,34.716448,33.091086,7.898,5.577,False,False,False,False,False,True,2026-01-28,15,3265.0602409638554,3788
synthetic,True,resale,168000,117,apartment,2.0,1.0,1.0,2.0,2008.0,lemesos,Kato Polemidia,34.694459,33.012821,4.62,3.355,True,False,True,False,True,False,2025-09-07,17,1435.8974358974358,1493
synthetic,True,resale,600000,233,house,3.0,2.0,,2.0,1996.0,lemesos,Agía Zóni,34.674711,33.041028,1.293,0.976,True,True,False,True,True,False,2025-06-24,29,2575.107296137339,2652
synthetic,True,resale,274000,146,apartment,3.0,2.0,7.0,8.0,2003.0,lemesos,Mesa Geitonia,34.686373,33.043524,3.233,0.524,False,False,True,False,True,False,2026-02-18,22,1876.7123287671234,1927
synthetic,True,resale,91000,72,apartment,3.0,1.0,6.0,7.0,1974.0,lemesos,Zakaki,34.692278,33.02117,4.051,2.56,False,False,False,False,True,False,2024-10-30,51,1263.888888888889,1611
synthetic,True,resale,523000,982,land,,,,,,lemesos,Kato Polemidia,34.697572,33.009888,4.97,3.745,False,False,False,False,False,False,2024-12-04,20,532.5865580448066,1493
synthetic,True,new_build,594000,178,apartment,1.0,1.0,2.0,2.0,2019.0,lemesos,Germasogeia,34.712631,33.082202,7.131,4.7,True,False,True,False,True,False,2025-05-30,6,3337.078651685393,2929
synthetic,True,new_build,271000,176,house,3.0,2.0,,1.0,2004.0,lefkosia,Strovolos,35.137554,33.349014,51.994,6.14,True,False,False,True,True,False,2026-03-20,21,1539.7727272727273,1771
synthetic,True,resale,233000,68,apartment,3.0,2.0,4.0,4.0,2016.0,lemesos,Germasogeia,34.711263,33.08107,6.646,4.519,True,False,True,False,True,False,2025-05-20,9,3426.470588235294,2929
synthetic,True,resale,826000,419,villa,6.0,2.0,,2.0,2022.0,lefkosia,Strovolos,35.136704,33.343021,61.248,6.505,True,False,True,True,True,False,2026-03-06,3,1971.3603818615752,1771
synthetic,True,resale,203000,125,house,3.0,3.0,,2.0,2003.0,larnaka,Drosia,34.927869,33.622797,2.736,0.554,False,False,False,False,True,False,2025-03-30,22,1624.0,1832
synthetic,True,resale,121000,49,apartment,2.0,1.0,3.0,6.0,2025.0,lemesos,Germasogeia,34.718724,33.088177,7.804,5.567,True,False,True,False,True,False,2025-04-21,0,2469.387755102041,2929
synthetic,True,resale,310000,177,apartment,4.0,1.0,2.0,3.0,1999.0,lefkosia,Nicosia Old Town,35.170212,33.364238,55.684,2.371,True,False,True,False,True,False,2024-07-23,26,1751.412429378531,1660
synthetic,True,resale,265000,151,apartment,3.0,2.0,2.0,2.0,2021.0,lefkosia,Strovolos,35.149584,33.361738,51.827,4.419,True,False,True,False,True,False,2024-10-27,4,1754.9668874172185,1771
synthetic,True,resale,603000,235,house,3.0,3.0,,2.0,2018.0,lemesos,Agía Zóni,34.674781,33.040824,1.465,0.979,True,False,False,True,True,False,2025-10-01,7,2565.9574468085107,2652
synthetic,True,resale,885000,161,house,5.0,2.0,,2.0,2012.0,lemesos,Agios Tychonas,34.700213,33.093262,6.591,4.725,True,True,False,True,True,True,2024-11-28,13,5496.894409937888,3788
synthetic,True,resale,322000,278,house,3.0,2.0,,2.0,2022.0,lemesos,Zakaki,34.688184,33.017078,3.765,2.76,True,False,False,True,True,False,2024-05-26,3,1158.273381294964,1611
synthetic,True,resale,590000,253,house,4.0,2.0,,1.0,2003.0,larnaka,Finikoudes,34.92868,33.641737,2.31,1.8,True,True,True,False,True,False,2024-12-23,22,2332.01581027668,2276
synthetic,True,new_build,274000,145,house,4.0,2.0,,2.0,2008.0,lefkosia,Lakatamia,35.12926,33.312907,51.811,8.891,True,False,True,False,True,False,2024-04-22,17,1889.655172413793,1517
synthetic,True,resale,312000,107,house,5.0,3.0,,2.0,2015.0,lemesos,Germasogeia,34.70828,33.085882,6.862,4.623,True,False,False,True,True,False,2025-09-11,10,2915.88785046729,2929
synthetic,True,resale,601000,193,house,3.0,2.0,,1.0,1990.0,pafos,Kato Paphos,34.764912,32.414351,0.884,1.476,True,False,True,True,True,True,2025-02-07,35,3113.9896373056995,2730
synthetic,True,resale,527000,200,villa,5.0,3.0,,2.0,2010.0,lemesos,Mesa Geitonia,34.682807,33.04716,2.601,0.089,False,False,True,True,True,False,2024-11-11,15,2635.0,1927
synthetic,True,resale,166000,84,apartment,1.0,1.0,1.0,1.0,2020.0,lemesos,Mesa Geitonia,34.688662,33.051862,3.429,0.866,True,False,False,False,True,False,2026-01-12,5,1976.1904761904761,1927
synthetic,True,resale,685000,270,house,3.0,2.0,,2.0,2018.0,lefkosia,Engomi,35.181185,33.338109,53.187,4.046,True,False,False,False,True,False,2025-02-04,7,2537.037037037037,2024
synthetic,True,resale,128000,105,apartment,2.0,1.0,7.0,7.0,1992.0,lefkosia,Strovolos,35.146747,33.361285,50.538,4.724,True,False,False,False,True,False,2026-03-10,33,1219.047619047619,1771
synthetic,True,new_build,153000,48,apartment,3.0,2.0,1.0,2.0,2015.0,lemesos,Mouttagiaka,34.710973,33.080347,7.005,4.449,True,False,False,False,True,True,2025-01-08,10,3187.5,3193
synthetic,True,resale,244000,174,house,5.0,2.0,,1.0,2015.0,lemesos,Polemidia,34.702663,33.029294,4.94,2.752,False,False,False,True,False,False,2024-08-09,10,1402.2988505747126,1661
synthetic,True,resale,68000,50,apartment,2.0,2.0,1.0,1.0,1978.0,lefkosia,Engomi,35.173034,33.356022,60.855,2.767,True,False,False,False,True,False,2024-05-09,47,1360.0,2024
synthetic,True,resale,739000,299,villa,3.0,4.0,,2.0,2008.0,lefkosia,Nicosia Old Town,35.183984,33.378051,61.381,0.426,True,False,False,True,False,False,2025-12-16,17,2471.5719063545152,1660
synthetic,True,resale,540000,983,land,,,,,,lefkosia,Strovolos,35.14539,33.35094,65.874,5.303,False,False,False,False,True,False,2025-03-02,20,549.3387589013225,1771
synthetic,True,resale,130000,98,apartment,2.0,2.0,2.0,3.0,2018.0,larnaka,Drosia,34.926108,33.620374,2.531,0.445,True,False,False,False,False,False,2025-04-28,7,1326.530612244898,1832
synthetic,True,resale,117000,57,apartment,3.0,2.0,2.0,3.0,2013.0,lemesos,Mesa Geitonia,34.686929,33.054851,3.364,0.929,True,False,False,False,True,False,2026-03-22,12,2052.6315789473683,1927
synthetic,True,resale,218000,114,house,3.0,2.0,,2.0,1995.0,lefkosia,Engomi,35.184825,33.346256,60.752,3.277,True,False,True,True,True,False,2024-05-11,30,1912.280701754386,2024
synthetic,True,resale,316000,166,apartment,2.0,1.0,7.0,9.0,2021.0,pafos,Chloraka,34.787106,32.409804,3.642,1.836,True,False,True,False,True,False,2024-11-15,4,1903.6144578313254,1903
synthetic,True,new_build,338000,183,house,3.0,3.0,,2.0,1995.0,pafos,Chloraka,34.794073,32.408126,4.348,2.529,False,False,False,False,True,False,2025-09-15,30,1846.9945355191257,1903
synthetic,True,resale,294000,119,house,5.0,3.0,,2.0,2019.0,lefkosia,Strovolos,35.141091,33.343805,53.538,6.061,True,False,True,False,True,False,2024-10-11,6,2470.5882352941176,1771
synthetic,True,new_build,313000,120,house,3.0,3.0,,2.0,2009.0,lemesos,Polemidia,34.698013,33.005593,4.777,4.12,True,False,True,False,True,False,2025-04-04,16,2608.3333333333335,1661
synthetic,True,resale,1739000,680,villa,4.0,2.0,,2.0,2006.0,lemesos,Mesa Geitonia,34.691933,33.044202,3.806,1.09,True,False,True,True,True,False,2024-09-10,19,2557.3529411764707,1927
synthetic,True,resale,149000,108,apartment,3.0,1.0,4.0,6.0,1972.0,lefkosia,Strovolos,35.137372,33.35585,63.902,5.877,True,False,True,False,False,False,2024-10-26,53,1379.6296296296296,1771
synthetic,True,resale,108000,50,apartment,2.0,2.0,4.0,5.0,2016.0,lemesos,Pyrgos,34.712537,33.105505,8.244,6.364,True,False,False,False,True,True,2024-10-25,9,2160.0,2440
synthetic,True,resale,98000,53,apartment,4.0,1.0,8.0,9.0,2020.0,larnaka,Drosia,34.920493,33.632528,1.578,0.883,False,True,False,False,False,False,2026-02-08,5,1849.0566037735848,1832
synthetic,True,resale,137000,63,apartment,2.0,1.0,4.0,7.0,1986.0,larnaka,Finikoudes,34.918908,33.634879,0.77,1.145,True,True,True,False,True,False,2024-07-03,39,2174.6031746031745,2276
synthetic,True,resale,228000,122,apartment,4.0,2.0,5.0,6.0,2017.0,lefkosia,Strovolos,35.148864,33.352432,59.852,4.905,True,False,False,False,True,False,2025-10-13,8,1868.8524590163934,1771
synthetic,True,resale,165000,71,apartment,2.0,2.0,6.0,9.0,2005.0,lemesos,Mesa Geitonia,34.693879,33.048864,3.692,1.307,True,False,True,False,True,False,2024-06-14,20,2323.943661971831,1927
synthetic,True,resale,224000,163,house,3.0,3.0,,2.0,2015.0,lefkosia,Strovolos,35.135718,33.344309,68.687,6.534,True,False,False,True,False,False,2025-09-19,10,1374.2331288343557,1771
synthetic,True,new_build,157000,75,apartment,3.0,2.0,5.0,5.0,1995.0,lemesos,Zakaki,34.685602,33.021437,3.68,2.312,False,False,True,False,True,False,2024-08-01,30,2093.3333333333335,1611
synthetic,True,resale,93000,54,apartment,2.0,2.0,3.0,4.0,2015.0,lefkosia,Engomi,35.173826,33.349834,58.762,3.228,True,False,False,False,True,False,2025-11-22,10,1722.2222222222222,2024
synthetic,True,resale,259000,139,house,3.0,3.0,,1.0,2025.0,lefkosia,Engomi,35.180094,33.344907,67.069,3.453,True,False,True,True,False,False,2024-11-06,0,1863.3093525179856,2024
synthetic,True,resale,1425000,2867,land,,,,,,lemesos,Ypsonas,34.714397,33.007462,6.625,5.041,True,False,False,False,True,False,2024-09-04,20,497.03522846180675,1306
synthetic,True,resale,1048000,1437,land,,,,,,pafos,Chloraka,34.790782,32.419178,4.033,1.758,False,False,False,False,False,False,2025-01-27,20,729.2971468336813,1903
synthetic,True,new_build,354000,171,apartment,3.0,1.0,6.0,7.0,1994.0,larnaka,Drosia,34.929355,33.627799,2.599,0.827,True,False,False,False,True,False,2025-09-20,31,2070.1754385964914,1832
synthetic,True,resale,98000,56,apartment,3.0,2.0,1.0,4.0,2022.0,lemesos,Mesa Geitonia,34.694045,33.044345,3.679,1.319,True,False,False,False,True,False,2024-11-02,3,1750.0,1927
synthetic,True,new_build,205000,95,apartment,2.0,1.0,8.0,8.0,2021.0,lemesos,Zakaki,34.687337,33.027097,3.26,1.852,False,False,True,False,True,False,2025-03-11,4,2157.8947368421054,1611
synthetic,True,resale,289000,323,land,,,,,,larnaka,Finikoudes,34.926215,33.647947,2.089,2.277,True,True,False,False,True,False,2025-03-30,20,894.7368421052631,2276
synthetic,True,new_build,101000,50,apartment,2.0,2.0,7.0,9.0,2003.0,lefkosia,Lakatamia,35.123493,33.322965,53.028,8.763,True,False,False,False,True,False,2024-10-24,22,2020.0,1517
synthetic,True,resale,285000,78,apartment,3.0,1.0,5.0,8.0,2023.0,lemesos,Agía Zóni,34.674895,33.045138,2.203,0.831,True,True,False,False,True,False,2025-11-19,2,3653.846153846154,2652
synthetic,True,resale,128000,72,apartment,3.0,2.0,6.0,9.0,2013.0,lemesos,Agía Zóni,34.67725,33.053078,2.364,0.83,False,False,False,False,False,False,2025-03-16,12,1777.7777777777778,2652
synthetic,True,resale,358000,765,land,,,,,,lefkosia,Lakatamia,35.120286,33.325866,66.708,8.892,False,False,False,False,False,False,2025-01-05,20,467.9738562091503,1517
synthetic,True,resale,366000,173,apartment,3.0,2.0,2.0,4.0,2002.0,lefkosia,Strovolos,35.136983,33.356444,68.478,5.895,True,False,False,False,True,False,2025-06-16,23,2115.606936416185,1771
synthetic,True,resale,102000,77,apartment,3.0,1.0,1.0,2.0,2007.0,lemesos,Mesa Geitonia,34.688299,33.058791,4.107,1.315,True,False,False,False,False,False,2025-10-27,18,1324.6753246753246,1927
synthetic,True,new_build,149000,64,apartment,4.0,2.0,5.0,8.0,2025.0,lefkosia,Nicosia Old Town,35.18396,33.375754,60.816,0.622,True,False,False,False,True,False,2026-02-05,0,2328.125,1660
synthetic,True,resale,314000,183,apartment,2.0,1.0,6.0,6.0,2024.0,lemesos,Mesa Geitonia,34.692337,33.055292,3.73,1.381,True,False,False,False,False,False,2024-10-25,1,1715.8469945355191,1927
synthetic,True,new_build,150000,94,apartment,4.0,1.0,7.0,9.0,2011.0,lemesos,Ypsonas,34.709906,32.995976,7.089,5.538,False,False,True,False,True,False,2025-04-08,14,1595.7446808510638,1306
synthetic,True,resale,193000,96,apartment,4.0,2.0,7.0,9.0,1986.0,lemesos,Pyrgos,34.720524,33.10365,8.734,6.742,False,True,False,False,True,True,2024-09-17,39,2010.4166666666667,2440
synthetic,True,resale,155000,96,house,4.0,2.0,,2.0,2018.0,lefkosia,Strovolos,35.15176,33.354021,50.842,4.557,False,False,False,True,True,False,2026-03-07,7,1614.5833333333333,1771
synthetic,True,resale,122000,91,house,3.0,3.0,,2.0,2002.0,pafos,Yeroskipou,34.766887,32.456727,4.724,3.13,True,False,False,False,False,False,2025-11-01,23,1340.6593406593406,1531
synthetic,True,resale,108000,56,apartment,2.0,1.0,6.0,8.0,2019.0,lemesos,Polemidia,34.694828,33.015033,4.487,3.188,True,False,True,False,True,False,2025-11-02,6,1928.5714285714287,1661
synthetic,True,new_build,195000,62,apartment,2.0,1.0,7.0,9.0,2006.0,pafos,Kato Paphos,34.76331,32.427994,1.807,1.401,True,True,True,False,True,True,2025-11-07,19,3145.1612903225805,2730
synthetic,True,resale,81000,52,apartment,2.0,1.0,8.0,11.0,2014.0,lefkosia,Engomi,35.182165,33.359632,54.907,2.095,True,False,False,False,False,False,2025-07-19,11,1557.6923076923076,2024
synthetic,True,new_build,1605000,532,villa,4.0,4.0,,2.0,2025.0,lemesos,Mesa Geitonia,34.683521,33.050807,2.25,0.425,True,False,False,True,True,False,2026-02-19,0,3016.9172932330825,1927
synthetic,True,resale,242000,143,house,5.0,2.0,,1.0,2003.0,lemesos,Mesa Geitonia,34.68097,33.059916,3.175,1.245,False,False,False,True,True,False,2025-06-01,22,1692.3076923076924,1927
synthetic,True,resale,156000,58,apartment,4.0,1.0,6.0,6.0,1985.0,lemesos,Potamos Germasogeias,34.703548,33.072519,5.861,3.359,True,True,False,False,True,False,2025-12-13,40,2689.655172413793,2204
synthetic,True,resale,133000,60,apartment,2.0,1.0,7.0,9.0,1997.0,lemesos,Agía Zóni,34.681112,33.049651,2.574,0.325,True,True,False,False,False,False,2025-10-24,28,2216.6666666666665,2652
synthetic,True,resale,178000,83,apartment,2.0,2.0,3.0,4.0,1988.0,lemesos,Mouttagiaka,34.709903,33.076125,6.528,4.099,True,False,False,False,True,True,2025-01-14,37,2144.578313253012,3193
synthetic,True,resale,142000,68,apartment,4.0,2.0,4.0,5.0,2024.0,lemesos,Agía Zóni,34.684454,33.053992,3.066,0.734,False,False,False,False,True,False,2025-04-05,1,2088.235294117647,2652
synthetic,True,resale,127000,46,apartment,3.0,2.0,7.0,8.0,1992.0,lemesos,Mouttagiaka,34.716911,33.070832,6.867,4.45,True,False,False,False,True,True,2025-03-12,33,2760.8695652173915,3193
synthetic,True,resale,493000,275,house,5.0,2.0,,2.0,1980.0,lemesos,Mouttagiaka,34.716563,33.083978,7.408,5.13,True,False,False,False,False,True,2025-03-31,45,1792.7272727272727,3193
synthetic,True,new_build,142000,67,apartment,2.0,1.0,1.0,4.0,2018.0,lefkosia,Engomi,35.175773,33.342086,54.431,3.815,True,False,False,False,True,False,2026-02-28,7,2119.402985074627,2024
synthetic,True,resale,379000,290,house,3.0,3.0,,2.0,2008.0,lemesos,Ypsonas,34.703873,33.008444,5.943,4.219,True,False,False,True,False,False,2026-02-01,17,1306.896551724138,1306
synthetic,True,new_build,2056000,694,villa,5.0,4.0,,2.0,2015.0,lefkosia,Engomi,35.176305,33.342034,56.548,3.803,True,False,True,True,False,False,2025-10-08,10,2962.536023054755,2024
synthetic,True,resale,176000,86,apartment,3.0,1.0,1.0,2.0,2024.0,lemesos,Potamos Germasogeias,34.701539,33.062418,5.038,2.593,True,False,False,False,True,False,2025-09-27,1,2046.5116279069769,2204
synthetic,True,new_build,142000,81,apartment,2.0,2.0,1.0,1.0,2009.0,lemesos,Zakaki,34.686608,33.031868,3.1,1.412,True,False,False,False,True,False,2024-09-11,16,1753.0864197530864,1611
synthetic,True,new_build,612000,181,house,4.0,3.0,,2.0,2016.0,lemesos,Agios Tychonas,34.711273,33.082218,6.624,4.594,False,False,False,False,True,True,2024-07-01,9,3381.2154696132598,3788
synthetic,True,resale,96000,58,apartment,2.0,1.0,7.0,8.0,2007.0,lefkosia,Nicosia Old Town,35.173858,33.363527,64.8,2.148,True,False,False,False,True,False,2024-10-19,18,1655.1724137931035,1660
synthetic,True,resale,539000,200,apartment,2.0,2.0,4.0,7.0,1989.0,lemesos,Agios Tychonas,34.703892,33.106208,7.955,5.972,True,False,True,False,False,True,2024-11-01,36,2695.0,3788
synthetic,True,resale,238000,89,apartment,2.0,2.0,8.0,9.0,1992.0,lemesos,Mouttagiaka,34.708097,33.081348,6.818,4.294,True,False,False,False,False,True,2026-02-19,33,2674.1573033707864,3193
synthetic,True,new_build,973000,207,villa,4.0,3.0,,2.0,2018.0,lemesos,Agía Zóni,34.676637,33.050641,2.104,0.74,True,True,True,True,True,False,2025-12-19,7,4700.48309178744,2652
synthetic,True,new_build,231000,100,apartment,4.0,1.0,8.0,8.0,2024.0,lefkosia,Engomi,35.180846,33.340983,57.619,3.792,False,False,False,False,False,False,2024-05-30,1,2310.0,2024
synthetic,True,resale,217000,65,apartment,2.0,2.0,4.0,6.0,2023.0,lemesos,Potamos Germasogeias,34.706892,33.070732,5.573,3.525,True,True,False,False,True,False,2024-06-11,2,3338.4615384615386,2204
synthetic,True,resale,1019000,294,house,3.0,3.0,,1.0,2018.0,lemesos,Agía Zóni,34.673698,33.05463,2.164,1.217,True,True,False,True,True,False,2025-06-30,7,3465.986394557823,2652
synthetic,True,resale,548000,194,villa,5.0,2.0,,1.0,2015.0,lemesos,Episkopi,34.661272,32.919987,10.878,11.795,True,False,True,True,True,False,2025-05-11,10,2824.742268041237,1536
synthetic,True,resale,71000,47,apartment,2.0,1.0,4.0,4.0,2008.0,lefkosia,Engomi,35.179971,33.342389,64.921,3.681,True,False,False,False,False,False,2026-02-11,17,1510.6382978723404,2024
synthetic,True,resale,100000,62,apartment,2.0,2.0,4.0,5.0,2021.0,lemesos,Kato Polemidia,34.699613,33.006582,5.095,4.118,True,False,False,False,True,False,2024-05-15,4,1612.9032258064517,1493
synthetic,True,resale,62000,58,apartment,2.0,2.0,2.0,4.0,2006.0,lemesos,Zakaki,34.680942,33.021884,2.828,2.247,False,False,False,False,True,False,2025-08-24,19,1068.9655172413793,1611
synthetic,True,resale,170000,79,apartment,1.0,1.0,7.0,7.0,2020.0,lefkosia,Engomi,35.175904,33.348156,68.469,3.285,False,False,False,False,True,False,2025-10-08,5,2151.8987341772154,2024
synthetic,True,resale,353000,100,apartment,2.0,2.0,8.0,11.0,2022.0,lemesos,Agía Zóni,34.675522,33.041362,1.666,0.883,True,True,False,False,True,False,2024-11-28,3,3530.0,2652
synthetic,True,resale,357000,108,apartment,3.0,1.0,6.0,9.0,2010.0,lemesos,Germasogeia,34.712609,33.082101,6.911,4.692,True,False,True,False,True,False,2024-08-31,15,3305.5555555555557,2929
synthetic,True,resale,327000,209,villa,5.0,2.0,,2.0,2013.0,lefkosia,Lakatamia,35.139309,33.32954,61.445,7.035,True,False,True,True,True,False,2025-07-06,12,1564.5933014354066,1517
synthetic,True,new_build,445000,192,house,4.0,3.0,,2.0,2023.0,lefkosia,Strovolos,35.141844,33.34336,50.061,6.017,False,False,False,True,True,False,2024-11-14,2,2317.7083333333335,1771
synthetic,True,resale,88000,53,apartment,1.0,1.0,2.0,4.0,2023.0,lemesos,Polemidia,34.702279,33.005273,5.512,4.367,True,False,False,False,True,False,2024-04-21,2,1660.377358490566,1661
synthetic,True,resale,281000,175,house,3.0,3.0,,2.0,2008.0,lefkosia,Engomi,35.173488,33.338373,51.048,4.213,False,False,False,True,True,False,2025-11-30,17,1605.7142857142858,2024
synthetic,True,new_build,249000,140,apartment,2.0,1.0,8.0,11.0,2013.0,lemesos,Episkopi,34.661534,32.904901,12.338,13.144,True,False,False,False,True,False,2024-09-20,12,1778.5714285714287,1536
synthetic,True,resale,338000,138,house,4.0,3.0,,1.0,2013.0,lemesos,Potamos Germasogeias,34.70218,33.055844,5.196,2.373,True,False,False,True,True,False,2025-04-22,12,2449.2753623188405,2204
synthetic,True,resale,176000,130,apartment,2.0,2.0,3.0,4.0,2002.0,lefkosia,Strovolos,35.152464,33.34194,54.256,5.199,False,False,False,False,True,False,2024-05-27,23,1353.8461538461538,1771
synthetic,True,resale,129000,89,apartment,3.0,2.0,6.0,9.0,2016.0,lemesos,Mesa Geitonia,34.680625,33.056093,2.707,0.906,False,False,True,False,True,False,2025-05-14,9,1449.438202247191,1927
synthetic,True,resale,229000,128,house,3.0,2.0,,2.0,2022.0,lemesos,Mesa Geitonia,34.693812,33.049604,3.862,1.313,False,False,False,False,True,False,2025-10-01,3,1789.0625,1927
synthetic,True,resale,258000,163,apartment,4.0,1.0,2.0,2.0,2024.0,pafos,Chloraka,34.78276,32.416341,3.125,1.074,True,False,False,False,False,False,2024-05-06,1,1582.8220858895706,1903
synthetic,True,resale,314000,119,house,4.0,2.0,,2.0,2018.0,lemesos,Agía Zóni,34.672389,33.046456,1.471,1.102,True,False,False,False,True,False,2026-02-28,7,2638.655462184874,2652
synthetic,True,resale,145000,113,apartment,2.0,2.0,3.0,5.0,2008.0,larnaka,Aradippou,34.954282,33.594656,6.474,4.358,True,False,False,False,False,False,2024-05-26,17,1283.1858407079646,1333
synthetic,True,new_build,446000,189,apartment,3.0,1.0,1.0,3.0,2022.0,lefkosia,Strovolos,35.139008,33.348361,62.043,6.03,True,False,False,False,True,False,2026-01-21,3,2359.7883597883597,1771
synthetic,True,resale,1315000,2543,land,,,,,,larnaka,Aradippou,34.94816,33.595587,6.161,3.778,True,False,False,False,True,False,2024-09-30,20,517.1057805741251,1333
synthetic,True,resale,1640000,613,villa,4.0,4.0,,2.0,2020.0,pafos,Chloraka,34.781724,32.408778,2.694,1.561,True,False,True,True,True,False,2026-03-14,5,2675.36704730832,1903
synthetic,True,resale,1654000,310,villa,5.0,2.0,,2.0,1998.0,lemesos,Agios Tychonas,34.71361,33.082011,7.051,4.766,True,False,True,True,True,True,2025-03-18,27,5335.4838709677415,3788
synthetic,True,resale,142000,134,apartment,3.0,1.0,8.0,10.0,1986.0,lefkosia,Lakatamia,35.131742,33.332016,68.982,7.534,True,False,False,False,False,False,2025-01-07,39,1059.7014925373135,1517
synthetic,True,resale,233000,153,apartment,2.0,2.0,1.0,3.0,2018.0,lemesos,Mesa Geitonia,34.681926,33.057254,2.994,0.993,False,False,False,False,True,False,2025-09-23,7,1522.875816993464,1927
synthetic,True,resale,398000,114,apartment,2.0,2.0,8.0,9.0,2021.0,lemesos,Germasogeia,34.714891,33.081347,7.494,4.831,True,False,False,False,True,False,2025-01-29,4,3491.2280701754385,2929
synthetic,True,resale,184000,125,house,3.0,3.0,,2.0,2013.0,lemesos,Kato Polemidia,34.694522,33.002658,4.978,4.224,False,False,False,False,True,False,2024-06-08,12,1472.0,1493
synthetic,True,resale,142000,50,apartment,2.0,1.0,5.0,6.0,2008.0,pafos,Kato Paphos,34.755069,32.42538,1.527,2.275,True,True,False,False,True,True,2024-12-09,17,2840.0,2730
synthetic,True,new_build,266000,90,apartment,3.0,1.0,2.0,5.0,2025.0,larnaka,Finikoudes,34.922702,33.631981,1.375,0.792,True,True,False,False,False,False,2026-03-17,0,2955.5555555555557,2276
synthetic,True,resale,242000,191,apartment,3.0,1.0,4.0,6.0,1985.0,lemesos,Zakaki,34.686747,33.031727,2.816,1.43,True,False,False,False,True,False,2024-06-18,40,1267.0157068062827,1611
synthetic,True,resale,227000,147,apartment,2.0,2.0,6.0,6.0,2003.0,larnaka,Aradippou,34.948029,33.589813,6.056,4.138,True,False,False,False,True,False,2025-05-06,22,1544.2176870748299,1333
synthetic,True,resale,177000,90,apartment,3.0,2.0,6.0,7.0,2015.0,lemesos,Mesa Geitonia,34.686358,33.053182,3.308,0.767,True,False,False,False,False,False,2024-12-05,10,1966.6666666666667,1927
synthetic,True,resale,95000,48,apartment,1.0,1.0,8.0,11.0,2014.0,lefkosia,Nicosia Old Town,35.175121,33.365604,51.441,1.913,True,False,False,False,True,False,2025-11-22,11,1979.1666666666667,1660
synthetic,True,resale,513000,214,villa,6.0,4.0,,2.0,1983.0,lemesos,Mesa Geitonia,34.680818,33.056943,2.742,0.978,False,False,True,True,True,False,2026-03-22,42,2397.196261682243,1927
synthetic,True,resale,167000,100,apartment,3.0,1.0,2.0,3.0,1999.0,lefkosia,Strovolos,35.150143,33.357803,54.063,4.528,True,False,False,False,True,False,2024-08-08,26,1670.0,1771
synthetic,True,resale,306000,179,apartment,1.0,1.0,4.0,7.0,2022.0,larnaka,Drosia,34.932709,33.628171,2.992,1.178,True,False,False,False,True,False,2024-05-15,3,1709.4972067039107,1832
synthetic,True,resale,66000,52,apartment,3.0,1.0,2.0,5.0,1974.0,lemesos,Polemidia,34.694713,33.015128,4.481,3.175,True,False,False,False,True,False,2025-07-13,51,1269.2307692307693,1661
synthetic,True,resale,294000,81,apartment,3.0,2.0,6.0,6.0,1987.0,lemesos,Mouttagiaka,34.707528,33.087073,6.887,4.658,True,False,False,False,True,True,2025-07-03,38,3629.6296296296296,3193
synthetic,True,new_build,313000,166,apartment,4.0,1.0,4.0,4.0,1997.0,larnaka,Finikoudes,34.918333,33.631336,1.411,0.891,True,False,False,False,True,False,2025-10-05,28,1885.5421686746988,2276
synthetic,True,resale,608000,182,villa,4.0,2.0,,1.0,2022.0,lemesos,Agía Zóni,34.681963,33.046725,2.405,0.048,True,False,True,True,True,False,2024-12-29,3,3340.6593406593406,2652
synthetic,True,resale,253000,200,house,4.0,3.0,,2.0,2012.0,lemesos,Kato Polemidia,34.693255,33.018156,4.374,2.855,False,False,False,True,True,False,2025-03-26,13,1265.0,1493
synthetic,True,resale,260000,89,apartment,3.0,2.0,7.0,8.0,2023.0,lemesos,Agía Zóni,34.681754,33.041665,2.298,0.437,True,False,True,False,True,False,2026-01-01,2,2921.3483146067415,2652
synthetic,True,resale,162000,56,apartment,4.0,2.0,2.0,4.0,2005.0,lemesos,Agía Zóni,34.677025,33.049108,1.821,0.637,True,True,False,False,True,False,2025-05-07,20,2892.8571428571427,2652
synthetic,True,resale,310000,196,house,4.0,2.0,,2.0,2013.0,lefkosia,Strovolos,35.137123,33.339222,60.34,6.663,True,False,False,True,False,False,2024-07-22,12,1581.6326530612246,1771
synthetic,True,resale,253000,154,apartment,3.0,1.0,7.0,9.0,1999.0,lemesos,Mesa Geitonia,34.684544,33.059071,3.107,1.185,True,False,False,False,True,False,2024-05-29,26,1642.857142857143,1927
synthetic,True,resale,222000,175,house,4.0,3.0,,2.0,2015.0,lemesos,Episkopi,34.674692,32.925518,10.745,11.086,False,False,False,False,False,False,2025-02-24,10,1268.5714285714287,1536
synthetic,True,resale,482000,251,villa,6.0,2.0,,2.0,2014.0,lemesos,Ypsonas,34.703865,33.006481,5.698,4.367,True,False,True,True,True,False,2025-01-23,11,1920.3187250996016,1306
synthetic,True,resale,302000,157,apartment,2.0,1.0,5.0,6.0,1995.0,lemesos,Mesa Geitonia,34.694675,33.046676,3.786,1.376,True,False,False,False,True,False,2024-04-30,30,1923.5668789808917,1927
synthetic,True,resale,90000,56,apartment,2.0,2.0,6.0,6.0,2015.0,lefkosia,Nicosia Old Town,35.172664,33.362937,69.674,2.273,True,False,True,False,False,False,2024-07-26,10,1607.142857142857,1660
synthetic,True,resale,380000,172,house,4.0,3.0,,1.0,2018.0,lemesos,Agía Zóni,34.67538,33.048939,1.733,0.804,True,False,False,False,True,False,2025-06-02,7,2209.3023255813955,2652
synthetic,True,resale,161000,69,apartment,1.0,1.0,5.0,7.0,2015.0,lefkosia,Engomi,35.179955,33.33881,51.175,4.002,True,False,False,False,True,False,2024-12-16,10,2333.3333333333335,2024
synthetic,True,new_build,374000,193,apartment,3.0,2.0,6.0,9.0,2006.0,lefkosia,Strovolos,35.138627,33.339174,66.822,6.531,True,False,True,False,True,False,2025-05-07,19,1937.823834196891,1771
synthetic,True,resale,136000,90,apartment,3.0,2.0,6.0,6.0,2020.0,lemesos,Episkopi,34.669059,32.928712,10.495,10.862,True,False,True,False,True,False,2025-09-25,5,1511.111111111111,1536
synthetic,True,new_build,913000,354,villa,3.0,3.0,,1.0,1984.0,lemesos,Mouttagiaka,34.711824,33.084382,6.802,4.779,True,False,False,True,True,True,2025-08-23,41,2579.0960451977403,3193
synthetic,True,resale,205000,130,apartment,1.0,1.0,5.0,8.0,2022.0,lefkosia,Strovolos,35.130107,33.343501,54.436,7.107,True,False,True,False,False,False,2025-03-12,3,1576.923076923077,1771
synthetic,True,resale,115000,65,apartment,1.0,1.0,3.0,5.0,2009.0,lefkosia,Strovolos,35.135006,33.354442,51.594,6.169,True,False,False,False,True,False,2026-02-03,16,1769.2307692307693,1771
synthetic,True,resale,454000,97,apartment,1.0,1.0,2.0,5.0,2004.0,lemesos,Agios Tychonas,34.718742,33.108608,9.37,6.983,True,True,False,False,True,True,2026-01-16,21,4680.412371134021,3788
synthetic,True,resale,133000,51,apartment,2.0,2.0,7.0,7.0,2020.0,pafos,Kato Paphos,34.762353,32.42317,1.307,1.464,True,True,False,False,True,True,2024-09-21,5,2607.843137254902,2730
synthetic,True,resale,148000,90,house,5.0,3.0,,2.0,2025.0,lefkosia,Strovolos,35.134978,33.339007,59.058,6.868,True,False,False,True,False,False,2025-05-01,0,1644.4444444444443,1771
synthetic,True,resale,103000,92,house,5.0,2.0,,2.0,2004.0,lemesos,Polemidia,34.699571,33.011151,4.925,3.752,False,False,False,False,False,False,2025-06-27,21,1119.5652173913043,1661
synthetic,True,resale,344000,192,villa,6.0,3.0,,2.0,2015.0,lemesos,Zakaki,34.693971,33.027058,3.984,2.194,True,False,True,True,True,False,2024-09-26,10,1791.6666666666667,1611
synthetic,True,resale,85000,47,apartment,1.0,1.0,1.0,1.0,1979.0,lefkosia,Engomi,35.183823,33.344862,67.559,3.408,True,False,False,False,True,False,2024-09-09,46,1808.5106382978724,2024
synthetic,True,resale,981000,410,villa,3.0,4.0,,2.0,2022.0,lefkosia,Engomi,35.175995,33.354032,52.533,2.782,True,False,False,True,True,False,2024-08-30,3,2392.682926829268,2024
synthetic,True,new_build,582000,194,villa,5.0,4.0,,1.0,1990.0,lemesos,Germasogeia,34.702493,33.075506,5.593,3.482,True,False,True,True,True,False,2025-12-22,35,3000.0,2929
synthetic,True,resale,261000,97,apartment,4.0,2.0,5.0,8.0,2022.0,larnaka,Finikoudes,34.918889,33.632888,1.051,0.981,True,True,False,False,True,False,2026-02-11,3,2690.721649484536,2276
synthetic,True,new_build,268000,149,house,3.0,2.0,,2.0,2011.0,lefkosia,Lakatamia,35.130486,33.315096,52.208,8.654,True,False,True,False,True,False,2025-08-17,14,1798.6577181208054,1517
synthetic,True,resale,1633000,3018,land,,,,,,lefkosia,Strovolos,35.143794,33.353405,52.894,5.339,True,False,False,False,False,False,2025-06-29,20,541.0868124585818,1771
synthetic,True,resale,4005000,3535,land,,,,,,lemesos,Germasogeia,34.718627,33.086396,7.372,5.448,False,True,False,False,True,False,2025-12-24,20,1132.956152758133,2929
synthetic,True,resale,82000,57,apartment,2.0,1.0,4.0,6.0,2006.0,lefkosia,Lakatamia,35.133921,33.316799,53.989,8.275,True,False,True,False,True,False,2025-02-18,19,1438.5964912280701,1517
synthetic,True,resale,224000,79,apartment,2.0,1.0,1.0,3.0,2015.0,larnaka,Finikoudes,34.929943,33.631452,2.307,1.08,True,True,True,False,True,False,2025-08-11,10,2835.4430379746836,2276
synthetic,True,resale,112000,51,apartment,1.0,1.0,5.0,5.0,2007.0,lemesos,Potamos Germasogeias,34.704859,33.068917,6.03,3.245,True,False,False,False,True,False,2025-11-05,18,2196.078431372549,2204
synthetic,True,resale,186000,79,apartment,3.0,1.0,2.0,3.0,2019.0,lemesos,Agía Zóni,34.682755,33.04136,2.655,0.464,False,False,False,False,True,False,2026-03-10,6,2354.4303797468356,2652
synthetic,True,resale,1266000,508,villa,5.0,3.0,,2.0,2013.0,lemesos,Potamos Germasogeias,34.696628,33.070288,4.953,2.703,True,False,False,True,False,False,2025-10-20,12,2492.1259842519685,2204
synthetic,True,new_build,276000,167,apartment,3.0,2.0,2.0,2.0,1991.0,lefkosia,Lakatamia,35.125205,33.315354,64.668,9.063,True,False,False,False,True,False,2026-02-19,34,1652.6946107784431,1517
synthetic,True,new_build,175000,84,apartment,2.0,1.0,6.0,6.0,2006.0,lemesos,Kato Polemidia,34.686896,33.0227,3.025,2.226,True,False,False,False,True,False,2026-01-31,19,2083.3333333333335,1493
synthetic,True,resale,78000,55,apartment,3.0,1.0,1.0,1.0,2019.0,lemesos,Potamos Germasogeias,34.706402,33.064218,5.352,3.136,True,False,False,False,True,False,2024-07-08,6,1418.1818181818182,2204
synthetic,True,new_build,571000,264,house,3.0,3.0,,1.0,2016.0,lefkosia,Strovolos,35.15471,33.345508,63.444,4.794,True,False,False,True,True,False,2024-12-20,9,2162.878787878788,1771
synthetic,True,new_build,220000,114,apartment,1.0,1.0,3.0,6.0,1991.0,lemesos,Mesa Geitonia,34.688988,33.040056,3.055,0.943,True,False,False,False,True,False,2024-09-26,34,1929.8245614035088,1927
synthetic,True,resale,122000,62,apartment,3.0,1.0,3.0,3.0,2021.0,lefkosia,Strovolos,35.135198,33.347844,67.121,6.42,False,False,True,False,True,False,2025-07-24,4,1967.741935483871,1771
synthetic,True,resale,159000,94,apartment,2.0,1.0,3.0,6.0,2005.0,pafos,Chloraka,34.786052,32.422011,3.624,1.189,True,False,False,False,True,False,2025-04-02,20,1691.4893617021276,1903
synthetic,True,resale,298000,167,apartment,2.0,2.0,5.0,5.0,2020.0,lefkosia,Lakatamia,35.122082,33.334019,55.037,8.316,True,False,False,False,True,False,2025-06-03,5,1784.4311377245508,1517
synthetic,True,resale,260000,104,apartment,2.0,1.0,5.0,7.0,1992.0,lemesos,Germasogeia,34.711514,33.085368,6.876,4.821,True,False,False,False,True,False,2025-09-05,33,2500.0,2929
synthetic,True,resale,117000,57,apartment,1.0,1.0,8.0,8.0,2016.0,lemesos,Polemidia,34.702428,33.011443,5.267,3.902,True,False,False,False,True,False,2026-03-10,9,2052.6315789473683,1661
synthetic,True,new_build,855000,379,villa,6.0,3.0,,2.0,1971.0,lefkosia,Nicosia Old Town,35.179178,33.371108,65.168,1.243,True,False,True,True,True,False,2024-07-01,54,2255.9366754617413,1660
synthetic,True,resale,319000,157,apartment,2.0,2.0,3.0,3.0,2016.0,lefkosia,Engomi,35.184643,33.340633,64.496,3.788,False,False,True,False,True,False,2025-04-28,9,2031.8471337579617,2024
synthetic,True,new_build,558000,227,house,4.0,2.0,,1.0,2009.0,larnaka,Drosia,34.926109,33.623412,2.588,0.357,False,True,False,True,True,False,2025-05-04,16,2458.149779735683,1832
synthetic,True,resale,297000,78,apartment,3.0,1.0,4.0,6.0,2023.0,lemesos,Mouttagiaka,34.719494,33.084875,7.695,5.429,False,True,False,False,True,True,2025-10-17,2,3807.6923076923076,3193
synthetic,True,new_build,462000,192,apartment,2.0,1.0,4.0,6.0,2025.0,lefkosia,Engomi,35.168885,33.347455,61.006,3.672,True,False,False,False,True,False,2024-05-31,0,2406.25,2024
synthetic,True,new_build,131000,65,apartment,1.0,1.0,8.0,8.0,1980.0,larnaka,Drosia,34.926112,33.624239,2.42,0.367,True,False,False,False,True,False,2024-08-10,45,2015.3846153846155,1832
synthetic,True,resale,459000,237,house,4.0,3.0,,1.0,2020.0,lefkosia,Strovolos,35.149166,33.351745,57.517,4.912,True,False,True,True,True,False,2025-09-27,5,1936.7088607594937,1771
synthetic,True,resale,229000,137,apartment,3.0,1.0,8.0,9.0,1990.0,pafos,Yeroskipou,34.767749,32.460177,4.857,3.406,False,False,False,False,True,False,2024-10-29,35,1671.5328467153286,1531
synthetic,True,resale,508000,284,house,4.0,3.0,,2.0,2023.0,lefkosia,Strovolos,35.152697,33.353605,67.97,4.493,True,False,False,False,True,False,2024-08-18,2,1788.7323943661972,1771
synthetic,True,new_build,95000,63,apartment,4.0,1.0,1.0,4.0,1988.0,lefkosia,Strovolos,35.146523,33.340244,61.012,5.787,False,False,False,False,False,False,2025-03-02,37,1507.936507936508,1771
synthetic,True,resale,448000,130,house,5.0,2.0,,2.0,2022.0,lemesos,Germasogeia,34.706215,33.077726,5.901,3.908,True,False,True,True,False,False,2025-05-07,3,3446.153846153846,2929
synthetic,True,resale,209000,130,apartment,1.0,1.0,3.0,4.0,2024.0,larnaka,Aradippou,34.95418,33.591256,6.896,4.542,True,False,False,False,True,False,2024-08-09,1,1607.6923076923076,1333
synthetic,True,new_build,1197000,252,house,3.0,2.0,,1.0,2022.0,lemesos,Agios Tychonas,34.708981,33.084192,6.65,4.554,False,False,True,True,False,True,2024-05-24,3,4750.0,3788
synthetic,True,resale,185000,100,apartment,4.0,2.0,2.0,5.0,1986.0,lemesos,Agía Zóni,34.674635,33.041946,2.096,0.945,False,True,False,False,False,False,2024-11-05,39,1850.0,2652
synthetic,True,new_build,534000,157,apartment,1.0,1.0,5.0,7.0,2019.0,pafos,Kato Paphos,34.762738,32.429482,1.829,1.502,True,True,False,False,True,True,2025-12-31,6,3401.2738853503183,2730
synthetic,True,resale,254000,203,villa,5.0,3.0,,2.0,1988.0,lemesos,Kato Polemidia,34.698576,33.018523,4.478,3.126,True,False,False,True,False,False,2025-08-20,37,1251.231527093596,1493
synthetic,True,resale,640000,267,villa,4.0,4.0,,2.0,2020.0,larnaka,Drosia,34.932721,33.623544,3.148,1.092,True,False,True,False,True,False,2025-11-15,5,2397.0037453183522,1832
synthetic,True,resale,311000,180,house,4.0,2.0,,2.0,1973.0,larnaka,Finikoudes,34.921266,33.632873,1.345,0.891,False,True,False,False,False,False,2024-09-07,52,1727.7777777777778,2276
synthetic,True,resale,1836000,3688,land,,,,,,lemesos,Ypsonas,34.711324,33.009098,6.338,4.695,False,False,False,False,True,False,2026-03-07,20,497.8308026030369,1306
synthetic,True,resale,1241000,2695,land,,,,,,larnaka,Aradippou,34.950377,33.586894,6.719,4.511,False,False,False,False,True,False,2025-06-28,20,460.4823747680891,1333
synthetic,True,resale,150000,118,apartment,4.0,1.0,7.0,10.0,1997.0,lemesos,Ypsonas,34.714436,33.005023,6.636,5.204,True,False,False,False,True,False,2024-12-28,28,1271.1864406779662,1306
synthetic,True,resale,103000,69,apartment,2.0,1.0,6.0,6.0,1997.0,lemesos,Kato Polemidia,34.687249,33.015591,3.968,2.87,True,False,False,False,True,False,2024-07-19,28,1492.7536231884058,1493
synthetic,True,resale,186000,111,apartment,2.0,2.0,8.0,11.0,2007.0,lemesos,Kato Polemidia,34.695095,33.004198,5.087,4.113,True,False,False,False,True,False,2025-08-30,18,1675.6756756756756,1493
synthetic,True,resale,277000,340,land,,,,,,larnaka,Finikoudes,34.928933,33.648691,2.185,2.41,False,True,False,False,False,False,2024-08-19,20,814.7058823529412,2276
synthetic,True,resale,268000,143,apartment,2.0,1.0,8.0,10.0,2024.0,lemesos,Potamos Germasogeias,34.704119,33.068729,5.472,3.171,True,False,False,False,True,False,2025-12-13,1,1874.1258741258741,2204
synthetic,True,resale,926000,500,villa,5.0,3.0,,2.0,2021.0,larnaka,Aradippou,34.941118,33.604972,4.94,2.626,True,False,True,True,True,False,2024-12-13,4,1852.0,1333
synthetic,True,resale,61000,45,apartment,2.0,1.0,1.0,3.0,2008.0,lefkosia,Nicosia Old Town,35.181982,33.369841,56.346,1.202,False,False,False,False,True,False,2025-04-10,17,1355.5555555555557,1660
synthetic,True,resale,563000,184,apartment,1.0,1.0,7.0,10.0,2004.0,lemesos,Pyrgos,34.722847,33.101966,8.973,6.792,True,False,False,False,True,True,2025-02-06,21,3059.782608695652,2440
synthetic,True,resale,138000,95,apartment,1.0,1.0,1.0,1.0,2005.0,pafos,Chloraka,34.790115,32.415341,3.981,1.811,True,False,False,False,False,False,2025-09-13,20,1452.6315789473683,1903
synthetic,True,new_build,228000,101,apartment,2.0,2.0,7.0,10.0,2025.0,lemesos,Mesa Geitonia,34.683061,33.05266,2.969,0.579,False,False,True,False,True,False,2024-11-03,0,2257.4257425742576,1927
synthetic,True,resale,498000,202,villa,5.0,2.0,,2.0,2022.0,pafos,Chloraka,34.782895,32.423743,3.473,0.823,True,False,True,True,True,False,2024-10-16,3,2465.3465346534654,1903
synthetic,True,resale,160000,120,apartment,2.0,2.0,5.0,8.0,1994.0,lemesos,Kato Polemidia,34.686306,33.011401,3.864,3.231,True,False,True,False,True,False,2025-12-31,31,1333.3333333333333,1493
synthetic,True,new_build,102000,71,apartment,4.0,1.0,6.0,7.0,2015.0,lemesos,Kato Polemidia,34.691593,33.003023,4.805,4.098,True,False,False,False,False,False,2024-09-28,10,1436.619718309859,1493
synthetic,True,new_build,193000,103,apartment,2.0,1.0,8.0,11.0,2023.0,lemesos,Episkopi,34.665455,32.928925,10.064,10.905,False,False,False,False,True,False,2025-12-16,2,1873.7864077669904,1536
synthetic,True,resale,750000,321,villa,4.0,4.0,,2.0,1990.0,lemesos,Mesa Geitonia,34.692909,33.048776,3.794,1.2,False,False,True,True,True,False,2025-04-06,35,2336.448598130841,1927
synthetic,True,resale,1224000,644,villa,4.0,4.0,,2.0,2015.0,lemesos,Polemidia,34.69822,33.009332,5.001,3.824,True,False,True,True,False,False,2026-03-04,10,1900.6211180124224,1661
synthetic,True,resale,116000,63,apartment,2.0,1.0,4.0,4.0,1994.0,lemesos,Germasogeia,34.718451,33.081135,7.665,5.123,True,False,True,False,False,False,2025-09-29,31,1841.2698412698412,2929
synthetic,True,resale,1105000,625,villa,4.0,4.0,,2.0,1994.0,lemesos,Polemidia,34.698648,33.029804,4.129,2.368,True,False,True,True,True,False,2026-01-13,31,1768.0,1661
synthetic,True,resale,311000,197,apartment,4.0,1.0,4.0,4.0,1997.0,lemesos,Mesa Geitonia,34.693699,33.040837,3.71,1.366,True,False,False,False,True,False,2025-06-30,28,1578.6802030456852,1927
synthetic,True,new_build,306000,111,apartment,4.0,1.0,5.0,8.0,2022.0,lemesos,Agía Zóni,34.679259,33.044711,2.169,0.372,True,False,True,False,True,False,2024-08-12,3,2756.7567567567567,2652
synthetic,True,resale,283000,157,house,5.0,3.0,,2.0,1992.0,lemesos,Polemidia,34.702352,33.024409,4.95,3.002,True,False,False,True,True,False,2024-07-25,33,1802.5477707006369,1661
synthetic,True,resale,625000,185,apartment,3.0,1.0,7.0,8.0,2022.0,lemesos,Germasogeia,34.701206,33.079977,5.895,3.721,False,False,True,False,True,False,2024-04-26,3,3378.3783783783783,2929
synthetic,True,resale,292000,126,apartment,2.0,2.0,2.0,4.0,2017.0,lefkosia,Engomi,35.17012,33.351555,68.16,3.282,True,False,False,False,True,False,2025-07-31,8,2317.4603174603176,2024
synthetic,True,resale,182000,65,apartment,1.0,1.0,5.0,5.0,2009.0,lemesos,Agía Zóni,34.672772,33.040015,1.442,1.21,True,True,False,False,True,False,2026-01-18,16,2800.0,2652
synthetic,True,resale,291000,95,apartment,2.0,2.0,8.0,10.0,2009.0,lemesos,Agía Zóni,34.675205,33.045853,1.833,0.791,True,True,False,False,True,False,2025-09-17,16,3063.157894736842,2652
synthetic,True,new_build,585000,180,apartment,3.0,1.0,6.0,6.0,2021.0,lemesos,Agía Zóni,34.680724,33.052827,2.648,0.613,True,False,False,False,True,False,2026-02-22,4,3250.0,2652
synthetic,True,resale,81000,65,apartment,3.0,2.0,1.0,3.0,2025.0,lemesos,Kato Polemidia,34.698709,33.000934,5.238,4.54,True,False,False,False,True,False,2024-11-22,0,1246.1538461538462,1493
synthetic,True,new_build,343000,127,house,5.0,3.0,,2.0,2023.0,pafos,Kato Paphos,34.769835,32.422055,1.904,0.657,True,False,True,False,True,True,2024-05-09,2,2700.787401574803,2730
synthetic,True,new_build,318000,129,house,4.0,3.0,,1.0,2017.0,pafos,Chloraka,34.787909,32.422799,3.895,1.385,True,True,False,True,True,False,2024-07-11,8,2465.1162790697676,1903
synthetic,True,resale,2617000,596,villa,5.0,4.0,,2.0,2025.0,lemesos,Pyrgos,34.718186,33.114465,9.558,7.392,True,False,True,True,True,True,2025-03-02,0,4390.939597315436,2440
synthetic,True,resale,272000,159,apartment,4.0,2.0,8.0,8.0,1983.0,larnaka,Finikoudes,34.92661,33.639026,1.422,1.492,True,True,False,False,True,False,2024-06-20,42,1710.691823899371,2276
synthetic,True,resale,120000,84,apartment,2.0,2.0,8.0,8.0,2015.0,lefkosia,Nicosia Old Town,35.177495,33.377977,55.408,0.983,True,False,False,False,False,False,2024-05-24,10,1428.5714285714287,1660
synthetic,True,resale,547000,284,house,4.0,2.0,,1.0,2009.0,larnaka,Drosia,34.925,33.627548,2.379,0.452,False,False,False,True,True,False,2025-11-10,16,1926.056338028169,1832
synthetic,True,resale,297000,112,house,5.0,3.0,,1.0,2025.0,lemesos,Agía Zóni,34.673329,33.04042,1.721,1.138,True,False,True,True,True,False,2025-11-11,0,2651.785714285714,2652
synthetic,True,new_build,132000,67,apartment,2.0,1.0,4.0,7.0,1999.0,pafos,Chloraka,34.787788,32.410623,3.595,1.839,False,False,True,False,True,False,2026-03-23,26,1970.1492537313434,1903
synthetic,True,resale,843000,727,land,,,,,,larnaka,Finikoudes,34.926507,33.639912,2.163,1.567,True,True,False,False,True,False,2026-02-07,20,1159.5598349381019,2276
synthetic,True,new_build,254000,181,apartment,3.0,1.0,2.0,4.0,2003.0,lefkosia,Engomi,35.17715,33.354566,62.61,2.69,False,False,True,False,False,False,2024-10-10,22,1403.3149171270718,2024
synthetic,True,resale,470000,199,house,4.0,2.0,,1.0,2021.0,lefkosia,Nicosia Old Town,35.178727,33.375323,60.991,0.993,True,False,False,True,True,False,2024-05-03,4,2361.809045226131,1660
synthetic,True,resale,429000,156,apartment,2.0,2.0,3.0,3.0,2002.0,lemesos,Agía Zóni,34.677492,33.050379,2.203,0.647,True,True,False,False,True,False,2025-10-13,23,2750.0,2652
synthetic,True,resale,803000,1228,land,,,,,,lemesos,Episkopi,34.670236,32.908219,12.056,12.707,True,False,False,False,False,False,2025-05-01,20,653.9087947882737,1536
synthetic,True,resale,345000,133,apartment,1.0,1.0,5.0,8.0,2020.0,lemesos,Agía Zóni,34.684389,33.051056,3.022,0.485,True,False,False,False,True,False,2024-05-03,5,2593.9849624060153,2652
synthetic,True,new_build,1692000,395,villa,5.0,3.0,,2.0,1985.0,pafos,Kato Paphos,34.755895,32.411347,0.224,2.472,True,True,True,True,True,True,2024-10-12,40,4283.544303797468,2730
synthetic,True,resale,286000,175,apartment,4.0,1.0,5.0,8.0,2018.0,lemesos,Kato Polemidia,34.690941,33.017774,4.1,2.788,False,False,True,False,True,False,2024-12-10,7,1634.2857142857142,1493
synthetic,True,resale,376000,259,house,3.0,2.0,,1.0,2005.0,lemesos,Mesa Geitonia,34.690942,33.057328,3.934,1.386,True,False,False,True,False,False,2025-06-06,20,1451.7374517374517,1927
synthetic,True,resale,142000,68,apartment,4.0,2.0,5.0,8.0,2016.0,lefkosia,Engomi,35.180576,33.357137,66.91,2.354,True,False,False,False,True,False,2024-11-29,9,2088.235294117647,2024
synthetic,True,resale,1748000,617,villa,3.0,2.0,,2.0,1979.0,lemesos,Agios Tychonas,34.710778,33.100552,8.089,5.877,True,False,True,True,True,True,2025-08-22,46,2833.063209076175,3788
synthetic,True,resale,671000,274,villa,5.0,3.0,,2.0,1984.0,larnaka,Finikoudes,34.928085,33.645757,1.977,2.127,False,True,True,True,True,False,2024-05-10,41,2448.905109489051,2276
synthetic,True,resale,76000,72,apartment,2.0,2.0,7.0,10.0,2013.0,lemesos,Ypsonas,34.710569,33.001049,6.959,5.203,False,False,False,False,False,False,2025-12-28,12,1055.5555555555557,1306
synthetic,True,resale,397000,199,apartment,3.0,1.0,5.0,6.0,2021.0,lemesos,Mesa Geitonia,34.685653,33.040729,2.488,0.639,True,False,False,False,True,False,2025-03-09,4,1994.9748743718592,1927
synthetic,True,resale,633000,271,villa,3.0,2.0,,1.0,1996.0,larnaka,Finikoudes,34.918941,33.633448,1.464,1.025,True,True,True,True,True,False,2025-12-11,29,2335.7933579335795,2276
synthetic,True,resale,233000,105,apartment,4.0,1.0,2.0,2.0,2003.0,lemesos,Agía Zóni,34.676845,33.051547,1.866,0.768,True,False,False,False,True,False,2026-01-04,22,2219.0476190476193,2652
synthetic,True,resale,874000,192,house,5.0,3.0,,2.0,2018.0,lemesos,Agios Tychonas,34.700338,33.105059,7.346,5.726,False,False,True,True,True,True,2026-01-16,7,4552.083333333333,3788
synthetic,True,resale,444000,237,villa,4.0,4.0,,2.0,2016.0,lefkosia,Lakatamia,35.138852,33.33467,50.032,6.765,True,False,True,True,True,False,2024-12-30,9,1873.4177215189873,1517
synthetic,True,resale,107000,48,apartment,2.0,2.0,7.0,8.0,2022.0,lefkosia,Strovolos,35.143951,33.350481,62.706,5.46,False,False,False,False,True,False,2025-04-12,3,2229.1666666666665,1771
synthetic,True,resale,163000,57,apartment,3.0,2.0,3.0,3.0,2007.0,lemesos,Mouttagiaka,34.713386,33.087454,7.659,5.102,False,False,False,False,True,True,2024-12-01,18,2859.6491228070176,3193
synthetic,True,new_build,502000,277,house,4.0,2.0,,2.0,2024.0,lemesos,Ypsonas,34.701449,33.003459,5.821,4.466,True,False,True,True,True,False,2025-04-25,1,1812.274368231047,1306
synthetic,True,resale,472000,180,villa,5.0,3.0,,2.0,2024.0,lefkosia,Strovolos,35.131134,33.348443,60.116,6.794,True,False,True,True,True,False,2025-10-15,1,2622.222222222222,1771
synthetic,True,resale,153000,107,house,4.0,2.0,,1.0,1987.0,lemesos,Episkopi,34.673311,32.926564,10.873,11.004,True,False,False,True,False,False,2026-02-13,38,1429.9065420560748,1536
synthetic,True,resale,506000,922,land,,,,,,lemesos,Ypsonas,34.709156,33.006877,6.321,4.688,False,False,False,False,False,False,2025-09-22,20,548.8069414316703,1306
synthetic,True,resale,652000,515,villa,5.0,4.0,,1.0,2015.0,lemesos,Kato Polemidia,34.693905,33.017012,4.402,2.981,True,False,False,True,False,False,2025-07-25,10,1266.0194174757282,1493
synthetic,True,resale,61000,49,apartment,2.0,1.0,1.0,3.0,1994.0,lemesos,Kato Polemidia,34.697545,33.002202,5.193,4.382,True,False,False,False,True,False,2025-04-11,31,1244.8979591836735,1493
synthetic,True,resale,371000,199,villa,4.0,3.0,,2.0,2010.0,lemesos,Kato Polemidia,34.688629,33.021784,3.353,2.358,True,False,False,True,True,False,2025-03-19,15,1864.321608040201,1493
synthetic,True,resale,271000,143,house,5.0,2.0,,1.0,1986.0,pafos,Chloraka,34.792447,32.410147,4.204,2.275,True,False,False,True,True,False,2026-03-02,39,1895.1048951048951,1903
synthetic,True,resale,223000,104,house,4.0,3.0,,1.0,2006.0,lemesos,Potamos Germasogeias,34.704991,33.067002,5.477,3.149,False,False,True,False,True,False,2025-03-31,19,2144.230769230769,2204
synthetic,True,resale,380000,190,villa,4.0,3.0,,2.0,2025.0,larnaka,Finikoudes,34.919753,33.64881,1.057,2.352,False,True,True,False,False,False,2025-04-24,0,2000.0,2276
synthetic,True,resale,255000,161,house,3.0,3.0,,1.0,1991.0,pafos,Chloraka,34.782414,32.415843,2.91,1.077,True,False,True,True,True,False,2025-06-24,34,1583.8509316770187,1903
synthetic,True,resale,162000,301,land,,,,,,pafos,Chloraka,34.791139,32.400305,4.018,2.783,False,False,False,False,True,False,2024-10-06,20,538.2059800664451,1903
synthetic,True,resale,108000,101,apartment,2.0,1.0,6.0,8.0,2007.0,lemesos,Ypsonas,34.703321,33.003079,5.809,4.599,True,False,True,False,False,False,2024-10-02,18,1069.3069306930693,1306
synthetic,True,resale,224000,103,apartment,2.0,2.0,4.0,4.0,2012.0,lemesos,Mesa Geitonia,34.691674,33.057909,4.12,1.481,False,False,True,False,True,False,2025-03-22,13,2174.757281553398,1927
synthetic,True,resale,222000,70,apartment,3.0,1.0,4.0,5.0,2022.0,lemesos,Agía Zóni,34.675716,33.045809,1.888,0.734,True,True,False,False,True,False,2024-10-08,3,3171.4285714285716,2652
synthetic,True,resale,131000,77,apartment,3.0,1.0,5.0,7.0,2024.0,lefkosia,Strovolos,35.130349,33.359274,52.333,6.491,True,False,False,False,False,False,2024-08-15,1,1701.2987012987012,1771
synthetic,True,resale,291000,148,apartment,2.0,1.0,2.0,4.0,2011.0,lefkosia,Strovolos,35.135774,33.358236,58.382,5.957,True,False,False,False,True,False,2024-09-28,14,1966.2162162162163,1771
synthetic,True,resale,284000,94,house,4.0,3.0,,2.0,2010.0,lemesos,Agios Tychonas,34.703365,33.099411,7.035,5.383,True,False,False,False,True,True,2024-12-26,15,3021.276595744681,3788
synthetic,True,resale,209000,188,house,5.0,3.0,,2.0,1999.0,lefkosia,Strovolos,35.132355,33.351344,50.889,6.555,True,False,False,False,False,False,2025-05-31,26,1111.7021276595744,1771
synthetic,True,resale,484000,544,land,,,,,,larnaka,Drosia,34.922072,33.634448,1.938,1.021,True,True,False,False,True,False,2025-07-03,20,889.7058823529412,1832
synthetic,True,new_build,169000,58,apartment,3.0,1.0,3.0,3.0,2025.0,lemesos,Germasogeia,34.702634,33.083733,6.107,4.094,True,False,False,False,True,False,2024-05-02,0,2913.793103448276,2929
synthetic,True,new_build,489000,172,house,3.0,2.0,,2.0,2025.0,larnaka,Finikoudes,34.91658,33.645537,1.246,2.146,True,True,True,True,True,False,2024-05-14,0,2843.0232558139537,2276
synthetic,True,resale,986000,248,house,3.0,2.0,,2.0,2024.0,lemesos,Agios Tychonas,34.708314,33.106504,7.985,6.21,True,True,True,False,False,True,2025-02-09,1,3975.8064516129034,3788
synthetic,True,resale,199000,135,apartment,2.0,2.0,3.0,3.0,2021.0,lemesos,Kato Polemidia,34.693358,33.009214,4.309,3.615,True,False,False,False,True,False,2025-03-10,4,1474.0740740740741,1493
synthetic,True,new_build,357000,131,house,4.0,2.0,,2.0,2021.0,pafos,Chloraka,34.781206,32.405618,2.919,1.803,False,True,False,True,True,False,2026-01-01,4,2725.1908396946565,1903
synthetic,True,resale,738000,287,house,3.0,3.0,,1.0,2021.0,lefkosia,Nicosia Old Town,35.184324,33.371744,59.86,0.97,True,False,False,True,True,False,2024-12-29,4,2571.4285714285716,1660
synthetic,True,new_build,165000,52,apartment,3.0,1.0,2.0,2.0,2007.0,pafos,Kato Paphos,34.754922,32.419696,0.757,2.323,True,False,False,False,True,True,2024-11-19,18,3173.076923076923,2730
synthetic,True,new_build,303000,161,house,5.0,3.0,,1.0,2008.0,lemesos,Kato Polemidia,34.698424,33.019937,4.61,3.011,True,False,False,True,True,False,2024-10-13,17,1881.9875776397516,1493
synthetic,True,resale,321000,153,apartment,2.0,2.0,6.0,9.0,2022.0,lefkosia,Engomi,35.182259,33.351603,68.798,2.814,False,False,False,False,True,False,2025-12-14,3,2098.0392156862745,2024
synthetic,True,resale,1741000,589,villa,3.0,2.0,,2.0,2005.0,lemesos,Mesa Geitonia,34.684289,33.059954,3.494,1.259,True,False,True,True,True,False,2025-12-11,20,2955.8573853989815,1927
synthetic,True,resale,191000,125,apartment,2.0,2.0,5.0,6.0,2023.0,lemesos,Kato Polemidia,34.687505,33.023298,3.703,2.19,True,False,False,False,False,False,2024-05-22,2,1528.0,1493
synthetic,True,resale,288000,197,house,4.0,3.0,,2.0,2011.0,lemesos,Kato Polemidia,34.69813,33.020509,4.847,2.95,False,False,True,True,True,False,2026-02-09,14,1461.9289340101523,1493
synthetic,True,resale,155000,60,apartment,2.0,2.0,8.0,9.0,1975.0,lemesos,Mouttagiaka,34.712787,33.089682,7.861,5.21,False,False,True,False,True,True,2025-10-28,50,2583.3333333333335,3193
synthetic,True,resale,101000,49,apartment,3.0,1.0,8.0,9.0,2019.0,larnaka,Finikoudes,34.924714,33.637021,1.597,1.267,True,False,False,False,False,False,2025-10-02,6,2061.2244897959185,2276
synthetic,True,resale,130000,90,apartment,2.0,2.0,2.0,4.0,2011.0,larnaka,Drosia,34.92431,33.637057,1.478,1.264,True,True,False,False,False,False,2025-03-20,14,1444.4444444444443,1832
synthetic,True,resale,248000,62,apartment,4.0,2.0,7.0,9.0,2002.0,lemesos,Agía Zóni,34.677154,33.044022,2.271,0.612,True,True,False,False,True,False,2024-11-10,23,4000.0,2652
synthetic,True,resale,386000,219,house,5.0,2.0,,1.0,2008.0,lemesos,Agía Zóni,34.675299,33.040617,1.425,0.941,True,False,False,False,False,False,2025-08-07,17,1762.5570776255709,2652
synthetic,True,resale,130000,60,apartment,2.0,2.0,4.0,6.0,2017.0,lemesos,Potamos Germasogeias,34.699073,33.068673,4.854,2.761,True,False,False,False,True,False,2024-06-04,8,2166.6666666666665,2204
synthetic,True,resale,181000,142,house,3.0,2.0,,2.0,2007.0,lemesos,Ypsonas,34.709853,32.997722,6.695,5.403,True,False,False,False,True,False,2024-05-28,18,1274.6478873239437,1306
synthetic,True,resale,238000,125,house,3.0,2.0,,2.0,2025.0,lemesos,Zakaki,34.683173,33.021421,3.103,2.286,True,False,True,True,False,False,2025-01-29,0,1904.0,1611
synthetic,True,resale,308000,151,apartment,2.0,2.0,4.0,4.0,2025.0,larnaka,Drosia,34.928498,33.629078,2.77,0.815,True,True,False,False,True,False,2024-06-19,0,2039.7350993377484,1832
synthetic,True,new_build,1507000,680,villa,5.0,2.0,,1.0,2006.0,lemesos,Mesa Geitonia,34.69404,33.058814,4.105,1.73,False,False,False,True,True,False,2025-04-22,19,2216.176470588235,1927
synthetic,True,resale,366000,601,land,,,,,,lemesos,Mesa Geitonia,34.688446,33.049122,3.473,0.727,False,False,False,False,True,False,2025-01-09,20,608.9850249584026,1927
synthetic,True,resale,123000,92,apartment,1.0,1.0,4.0,6.0,1999.0,pafos,Yeroskipou,34.767427,32.449641,4.084,2.5,True,False,False,False,True,False,2024-07-03,26,1336.9565217391305,1531
synthetic,True,new_build,362000,259,house,3.0,3.0,,1.0,2009.0,lefkosia,Strovolos,35.139504,33.345706,50.991,6.11,True,False,True,True,False,False,2025-02-15,16,1397.6833976833977,1771
synthetic,True,resale,1008000,1363,land,,,,,,lefkosia,Engomi,35.180813,33.357242,68.842,2.339,False,False,False,False,False,False,2024-07-31,20,739.545121056493,2024
synthetic,True,resale,1073000,454,villa,5.0,4.0,,2.0,2015.0,lemesos,Zakaki,34.684137,33.024018,3.117,2.057,True,False,True,True,False,False,2025-11-04,10,2363.4361233480176,1611
synthetic,True,resale,698000,324,villa,5.0,3.0,,2.0,1997.0,lemesos,Agía Zóni,34.679423,33.040195,2.123,0.651,True,False,True,True,True,False,2026-02-08,28,2154.320987654321,2652
synthetic,True,resale,128000,98,house,4.0,3.0,,1.0,2018.0,lemesos,Ypsonas,34.712344,32.992829,7.229,5.928,True,False,False,True,True,False,2024-09-04,7,1306.1224489795918,1306
synthetic,True,resale,69000,55,apartment,1.0,1.0,1.0,2.0,1997.0,lefkosia,Nicosia Old Town,35.175407,33.366564,55.187,1.825,True,False,False,False,True,False,2026-03-26,28,1254.5454545454545,1660
synthetic,True,resale,324000,191,house,4.0,2.0,,1.0,2017.0,lemesos,Potamos Germasogeias,34.701235,33.069829,5.497,3.004,False,False,False,False,True,False,2024-06-14,8,1696.3350785340315,2204
synthetic,True,resale,201000,71,apartment,2.0,2.0,1.0,2.0,2015.0,lemesos,Potamos Germasogeias,34.708339,33.056288,5.524,3.033,True,False,False,False,True,False,2024-10-29,10,2830.9859154929577,2204
synthetic,True,new_build,160000,83,apartment,3.0,1.0,1.0,2.0,2009.0,pafos,Chloraka,34.780317,32.403361,2.993,1.968,True,False,False,False,True,False,2025-04-24,16,1927.710843373494,1903
synthetic,True,new_build,424000,187,villa,6.0,4.0,,2.0,1996.0,lefkosia,Strovolos,35.131417,33.344672,57.404,6.928,True,False,False,True,False,False,2026-03-29,29,2267.379679144385,1771
synthetic,True,new_build,688000,1433,land,,,,,,lemesos,Zakaki,34.689929,33.017648,4.089,2.762,False,False,False,False,False,False,2025-02-15,20,480.1116538729937,1611
synthetic,True,resale,354000,246,house,4.0,3.0,,1.0,2006.0,lemesos,Polemidia,34.702934,33.028141,4.907,2.837,True,False,False,False,True,False,2024-10-15,19,1439.0243902439024,1661
synthetic,True,resale,194000,59,apartment,1.0,1.0,1.0,1.0,2025.0,lemesos,Germasogeia,34.71479,33.088679,7.265,5.291,True,True,False,False,False,False,2026-02-23,0,3288.135593220339,2929
synthetic,True,resale,214000,128,house,4.0,3.0,,2.0,2023.0,larnaka,Drosia,34.931969,33.638651,2.434,1.725,True,False,False,True,True,False,2025-04-10,2,1671.875,1832
synthetic,True,resale,133000,65,apartment,3.0,1.0,4.0,6.0,2010.0,larnaka,Finikoudes,34.918466,33.643583,0.935,1.914,True,False,False,False,True,False,2025-03-27,15,2046.1538461538462,2276
synthetic,True,resale,211000,118,apartment,3.0,1.0,7.0,10.0,1998.0,lefkosia,Strovolos,35.138734,33.35269,67.499,5.865,True,False,False,False,True,False,2025-04-12,27,1788.135593220339,1771
synthetic,True,resale,133000,69,apartment,2.0,2.0,2.0,2.0,2022.0,lefkosia,Engomi,35.174789,33.34994,52.835,3.177,True,False,False,False,True,False,2025-08-07,3,1927.536231884058,2024
synthetic,True,resale,264000,135,apartment,2.0,2.0,5.0,5.0,2014.0,lemesos,Zakaki,34.686129,33.031533,2.935,1.424,True,True,False,False,True,False,2024-06-26,11,1955.5555555555557,1611
synthetic,True,resale,223000,87,apartment,3.0,2.0,8.0,11.0,1971.0,lemesos,Pyrgos,34.722433,33.110642,9.366,7.376,True,False,False,False,True,True,2026-04-14,54,2563.2183908045977,2440
synthetic,True,resale,330000,180,house,3.0,3.0,,2.0,2016.0,lemesos,Mesa Geitonia,34.687537,33.058649,3.788,1.262,False,False,False,False,False,False,2024-07-28,9,1833.3333333333333,1927
synthetic,True,new_build,2194000,491,villa,4.0,2.0,,2.0,2024.0,lemesos,Mouttagiaka,34.707686,33.073866,6.445,3.778,True,False,False,True,False,True,2024-05-07,1,4468.431771894094,3193
synthetic,True,resale,441000,185,apartment,2.0,1.0,1.0,1.0,2024.0,lemesos,Potamos Germasogeias,34.697987,33.069707,4.999,2.754,True,False,True,False,True,False,2024-10-19,1,2383.7837837837837,2204
synthetic,True,new_build,127000,64,apartment,2.0,2.0,3.0,6.0,2024.0,larnaka,Drosia,34.925329,33.633782,2.139,0.993,True,False,False,False,True,False,2024-12-05,1,1984.375,1832
synthetic,True,new_build,266000,152,apartment,2.0,1.0,7.0,9.0,1989.0,lemesos,Zakaki,34.689525,33.032665,3.26,1.491,True,False,False,False,True,False,2025-04-22,36,1750.0,1611
synthetic,True,resale,331000,137,house,4.0,3.0,,2.0,2019.0,larnaka,Drosia,34.932842,33.630567,2.467,1.289,False,False,True,True,True,False,2025-12-05,6,2416.058394160584,1832
synthetic,True,resale,141000,76,apartment,2.0,2.0,6.0,9.0,2017.0,lemesos,Mesa Geitonia,34.68691,33.050063,3.21,0.612,False,False,False,False,True,False,2025-04-17,8,1855.2631578947369,1927
synthetic,True,resale,202000,110,apartment,3.0,1.0,8.0,10.0,2015.0,lefkosia,Engomi,35.17147,33.351568,61.864,3.205,True,False,False,False,True,False,2024-09-04,10,1836.3636363636363,2024
synthetic,True,resale,448000,232,house,3.0,3.0,,2.0,2021.0,lefkosia,Strovolos,35.143831,33.352287,56.14,5.387,False,False,False,True,True,False,2025-03-02,4,1931.0344827586207,1771
synthetic,True,resale,68000,45,apartment,3.0,1.0,7.0,7.0,1996.0,lefkosia,Strovolos,35.154931,33.345031,61.686,4.807,False,False,False,False,True,False,2026-02-11,29,1511.111111111111,1771
synthetic,True,new_build,117000,62,apartment,2.0,2.0,4.0,7.0,2022.0,lemesos,Kato Polemidia,34.697503,33.008964,5.156,3.817,True,False,False,False,True,False,2026-04-14,3,1887.0967741935483,1493
synthetic,True,resale,449000,299,house,3.0,2.0,,1.0,2005.0,lemesos,Potamos Germasogeias,34.706397,33.063066,5.597,3.082,True,False,False,False,True,False,2024-09-08,20,1501.6722408026756,2204
synthetic,True,resale,540000,262,villa,5.0,2.0,,2.0,2000.0,lemesos,Polemidia,34.703684,33.021341,5.032,3.302,True,False,True,True,False,False,2025-03-27,25,2061.0687022900765,1661
synthetic,True,resale,474000,185,apartment,1.0,1.0,3.0,4.0,1996.0,lemesos,Mouttagiaka,34.716811,33.072521,6.823,4.52,True,False,False,False,True,True,2024-12-09,29,2562.162162162162,3193
synthetic,True,new_build,200000,68,apartment,2.0,2.0,2.0,3.0,2019.0,larnaka,Finikoudes,34.926997,33.637447,1.941,1.368,True,True,False,False,False,False,2024-12-17,6,2941.176470588235,2276
synthetic,True,resale,156000,89,apartment,3.0,2.0,6.0,8.0,2015.0,lemesos,Polemidia,34.704549,33.017366,5.5,3.629,True,False,False,False,True,False,2026-01-18,10,1752.808988764045,1661
synthetic,True,resale,1112000,394,villa,4.0,2.0,,2.0,1993.0,lemesos,Agía Zóni,34.678878,33.048824,2.072,0.44,True,True,True,True,False,False,2025-09-18,32,2822.3350253807107,2652
synthetic,True,resale,136000,61,apartment,3.0,1.0,3.0,6.0,2013.0,lemesos,Germasogeia,34.700606,33.069881,5.695,2.958,False,False,False,False,False,False,2025-06-26,12,2229.5081967213114,2929
synthetic,True,resale,160000,86,apartment,2.0,1.0,2.0,2.0,2018.0,larnaka,Drosia,34.920939,33.623631,1.765,0.22,True,True,False,False,True,False,2025-06-01,7,1860.4651162790697,1832
synthetic,True,new_build,215000,117,apartment,1.0,1.0,1.0,1.0,2015.0,lemesos,Polemidia,34.699069,33.011424,5.348,3.702,True,False,True,False,True,False,2025-06-21,10,1837.6068376068376,1661
synthetic,True,resale,322000,177,apartment,2.0,2.0,8.0,10.0,2015.0,larnaka,Finikoudes,34.919877,33.648758,1.386,2.345,True,False,False,False,True,False,2024-10-10,10,1819.2090395480227,2276
synthetic,True,resale,1121000,613,villa,6.0,3.0,,2.0,2019.0,lefkosia,Nicosia Old Town,35.182579,33.37804,55.985,0.513,False,False,False,True,True,False,2025-03-10,6,1828.7112561174552,1660
synthetic,True,new_build,162000,61,apartment,3.0,1.0,8.0,8.0,2023.0,pafos,Kato Paphos,34.757482,32.408653,0.184,2.45,False,True,False,False,True,True,2025-01-14,2,2655.7377049180327,2730
synthetic,True,resale,182000,56,apartment,3.0,2.0,1.0,3.0,2017.0,lemesos,Agía Zóni,34.679284,33.045229,2.076,0.352,True,True,False,False,True,False,2024-06-22,8,3250.0,2652
synthetic,True,resale,134000,61,apartment,1.0,1.0,1.0,2.0,2018.0,larnaka,Finikoudes,34.921972,33.641479,1.322,1.661,True,True,False,False,True,False,2024-11-09,7,2196.72131147541,2276
synthetic,True,resale,176000,111,apartment,4.0,2.0,2.0,4.0,2005.0,lefkosia,Strovolos,35.138831,33.357163,51.207,5.68,True,False,False,False,True,False,2025-12-17,20,1585.5855855855855,1771
synthetic,True,new_build,613000,153,apartment,1.0,1.0,7.0,10.0,2006.0,lemesos,Germasogeia,34.713577,33.066065,6.575,3.915,True,False,False,False,True,False,2024-05-01,19,4006.5359477124184,2929
synthetic,True,resale,647000,198,house,5.0,2.0,,2.0,2017.0,lemesos,Mouttagiaka,34.708071,33.080708,6.34,4.249,True,False,True,False,False,True,2024-07-05,8,3267.6767676767677,3193
synthetic,True,resale,330000,135,apartment,2.0,2.0,1.0,2.0,2014.0,lemesos,Germasogeia,34.7151,33.070748,6.685,4.273,False,False,False,False,True,False,2025-08-15,11,2444.4444444444443,2929
synthetic,True,resale,81000,68,apartment,1.0,1.0,2.0,2.0,2021.0,larnaka,Aradippou,34.953391,33.584074,7.337,4.928,True,False,False,False,False,False,2024-11-25,4,1191.1764705882354,1333
synthetic,True,new_build,301000,188,house,3.0,3.0,,1.0,2016.0,lemesos,Kato Polemidia,34.690387,33.012799,4.18,3.201,False,False,False,False,True,False,2025-11-29,9,1601.063829787234,1493
synthetic,True,resale,303000,387,land,,,,,,lemesos,Polemidia,34.703857,33.006696,5.846,4.35,False,False,False,False,True,False,2026-02-16,20,782.9457364341085,1661
synthetic,True,resale,121000,107,house,5.0,2.0,,1.0,1988.0,lefkosia,Strovolos,35.147604,33.340393,54.302,5.689,True,False,False,True,False,False,2024-09-03,37,1130.8411214953271,1771
synthetic,True,resale,692000,152,apartment,1.0,1.0,1.0,2.0,2013.0,lemesos,Agios Tychonas,34.719837,33.105259,8.972,6.81,True,True,False,False,True,True,2026-03-13,12,4552.631578947368,3788
synthetic,True,new_build,86000,63,apartment,1.0,1.0,8.0,10.0,1988.0,lefkosia,Lakatamia,35.137865,33.320353,52.711,7.739,True,False,True,False,False,False,2025-12-24,37,1365.079365079365,1517
synthetic,True,new_build,318000,181,house,3.0,2.0,,1.0,2024.0,lemesos,Polemidia,34.701149,33.016815,5.078,3.422,True,False,False,False,False,False,2025-07-26,1,1756.9060773480662,1661
synthetic,True,resale,497000,367,land,,,,,,lemesos,Mesa Geitonia,34.68217,33.044512,2.374,0.173,False,True,False,False,True,False,2024-06-03,20,1354.2234332425069,1927
synthetic,True,new_build,180000,77,apartment,3.0,2.0,6.0,8.0,2024.0,lefkosia,Strovolos,35.150582,33.357148,59.489,4.515,True,False,True,False,True,False,2024-10-08,1,2337.6623376623374,1771
synthetic,True,resale,175000,82,apartment,3.0,2.0,5.0,8.0,2014.0,lemesos,Mesa Geitonia,34.681595,33.053348,2.527,0.64,False,False,False,False,True,False,2025-05-30,11,2134.1463414634145,1927
synthetic,True,new_build,481000,176,house,3.0,2.0,,1.0,2015.0,lemesos,Agía Zóni,34.677698,33.049175,2.682,0.571,True,False,True,True,False,False,2025-01-22,10,2732.9545454545455,2652
synthetic,True,new_build,380000,165,apartment,2.0,1.0,3.0,3.0,1998.0,lemesos,Mouttagiaka,34.707366,33.07448,6.294,3.789,True,False,False,False,False,True,2024-09-30,27,2303.030303030303,3193
synthetic,True,resale,125000,45,apartment,1.0,1.0,7.0,7.0,2024.0,lemesos,Germasogeia,34.714286,33.075083,6.842,4.419,True,False,True,False,False,False,2024-08-31,1,2777.777777777778,2929
synthetic,True,resale,304000,210,house,4.0,3.0,,1.0,2015.0,lefkosia,Lakatamia,35.127764,33.323544,64.661,8.36,True,False,True,True,True,False,2024-10-26,10,1447.6190476190477,1517
synthetic,True,resale,295000,106,house,4.0,3.0,,1.0,2021.0,larnaka,Finikoudes,34.923774,33.637388,1.704,1.288,True,True,False,True,True,False,2024-04-24,4,2783.0188679245284,2276
synthetic,True,new_build,145000,65,apartment,3.0,1.0,3.0,4.0,2015.0,lemesos,Mesa Geitonia,34.690742,33.04191,3.273,1.025,False,False,False,False,True,False,2025-05-17,10,2230.769230769231,1927
synthetic,True,resale,153000,116,house,3.0,3.0,,1.0,1988.0,larnaka,Drosia,34.925378,33.639419,1.777,1.495,False,False,True,True,True,False,2025-04-25,37,1318.9655172413793,1832
synthetic,True,resale,817000,257,villa,4.0,3.0,,1.0,2013.0,lefkosia,Engomi,35.174759,33.357434,51.217,2.561,True,False,True,True,False,False,2024-06-13,12,3178.988326848249,2024
synthetic,True,resale,257000,197,house,3.0,2.0,,2.0,1993.0,larnaka,Aradippou,34.940173,33.602063,4.656,2.727,False,False,True,True,False,False,2024-07-13,32,1304.5685279187817,1333
synthetic,True,resale,195000,140,apartment,4.0,1.0,3.0,5.0,2019.0,pafos,Yeroskipou,34.767835,32.446487,3.636,2.215,True,False,False,False,False,False,2025-04-20,6,1392.857142857143,1531
synthetic,True,resale,680000,1018,land,,,,,,pafos,Chloraka,34.792551,32.406902,4.59,2.462,False,False,False,False,False,False,2025-09-14,20,667.9764243614932,1903
synthetic,True,resale,1118000,1179,land,,,,,,lemesos,Agía Zóni,34.673415,33.046674,1.671,0.988,True,False,False,False,True,False,2024-10-01,20,948.2612383375742,2652
synthetic,True,resale,214000,70,apartment,1.0,1.0,5.0,7.0,1987.0,lemesos,Agía Zóni,34.682278,33.045358,2.52,0.095,True,True,False,False,True,False,2025-05-04,38,3057.1428571428573,2652
synthetic,True,new_build,100000,61,apartment,4.0,2.0,5.0,5.0,1988.0,lefkosia,Lakatamia,35.13728,33.330157,64.48,7.165,True,False,False,False,True,False,2026-03-15,37,1639.344262295082,1517
synthetic,True,new_build,62000,45,apartment,3.0,2.0,1.0,1.0,1983.0,lemesos,Mesa Geitonia,34.69116,33.050558,3.448,1.056,True,False,False,False,True,False,2024-12-14,42,1377.7777777777778,1927
synthetic,True,resale,262000,205,house,3.0,3.0,,2.0,2007.0,larnaka,Finikoudes,34.922949,33.631978,1.764,0.791,False,False,False,True,False,False,2025-04-06,18,1278.0487804878048,2276
synthetic,True,resale,105000,55,apartment,2.0,1.0,8.0,8.0,2020.0,pafos,Chloraka,34.794289,32.408518,4.422,2.528,True,False,False,False,True,False,2024-12-19,5,1909.090909090909,1903
synthetic,True,new_build,582000,212,villa,4.0,3.0,,2.0,2009.0,pafos,Kato Paphos,34.76483,32.427341,1.419,1.223,False,False,True,True,True,True,2024-06-17,16,2745.2830188679245,2730
synthetic,True,resale,303000,145,apartment,2.0,2.0,7.0,9.0,2002.0,lemesos,Pyrgos,34.72152,33.099266,8.727,6.51,True,False,False,False,False,True,2025-04-06,23,2089.655172413793,2440
synthetic,True,resale,409000,232,villa,4.0,2.0,,2.0,1980.0,lefkosia,Nicosia Old Town,35.171342,33.361208,52.309,2.488,False,False,True,True,True,False,2025-08-30,45,1762.9310344827586,1660
synthetic,True,resale,533000,193,villa,5.0,3.0,,2.0,2023.0,lefkosia,Engomi,35.176558,33.342849,50.204,3.724,True,False,True,True,False,False,2025-06-01,2,2761.6580310880827,2024
synthetic,True,resale,522000,192,apartment,3.0,1.0,6.0,9.0,2006.0,lemesos,Agía Zóni,34.682662,33.052968,2.747,0.602,False,False,False,False,True,False,2024-08-16,19,2718.75,2652
synthetic,True,resale,95000,85,apartment,2.0,2.0,1.0,2.0,2005.0,lemesos,Ypsonas,34.70512,32.995192,6.377,5.325,False,False,False,False,True,False,2025-12-31,20,1117.6470588235295,1306
synthetic,True,resale,921000,241,villa,4.0,4.0,,1.0,2025.0,lemesos,Agios Tychonas,34.709277,33.09085,7.301,5.051,True,False,True,True,False,True,2025-10-20,0,3821.5767634854774,3788
synthetic,True,resale,220000,125,apartment,4.0,2.0,7.0,10.0,1972.0,lemesos,Polemidia,34.697921,33.029532,4.404,2.323,True,False,False,False,True,False,2025-02-28,53,1760.0,1661
synthetic,True,new_build,169000,60,apartment,3.0,2.0,4.0,5.0,2006.0,lemesos,Potamos Germasogeias,34.696881,33.072862,4.869,2.912,True,False,True,False,True,False,2026-01-19,19,2816.6666666666665,2204
synthetic,True,resale,1860000,499,villa,5.0,3.0,,2.0,2015.0,pafos,Kato Paphos,34.760865,32.413662,0.931,1.886,True,True,True,True,True,True,2025-12-02,10,3727.4549098196394,2730
synthetic,True,resale,668000,192,apartment,3.0,2.0,2.0,5.0,2020.0,lemesos,Agios Tychonas,34.703521,33.108311,7.958,6.132,False,False,False,False,True,True,2026-03-12,5,3479.1666666666665,3788
synthetic,True,resale,1247000,254,villa,6.0,4.0,,2.0,2014.0,lemesos,Mouttagiaka,34.71933,33.070157,7.294,4.655,False,True,True,False,True,True,2026-03-26,11,4909.4488188976375,3193
synthetic,True,resale,68000,66,apartment,2.0,2.0,3.0,5.0,2008.0,pafos,Yeroskipou,34.768934,32.451141,4.14,2.576,True,False,False,False,False,False,2025-08-30,17,1030.3030303030303,1531
synthetic,True,resale,169000,129,apartment,1.0,1.0,4.0,5.0,1995.0,pafos,Kato Paphos,34.768874,32.413722,1.569,1.201,True,False,False,False,False,True,2025-01-30,30,1310.077519379845,2730
synthetic,True,resale,521000,175,house,3.0,2.0,,2.0,2015.0,lemesos,Pyrgos,34.716788,33.107918,8.955,6.807,True,True,False,True,True,True,2026-03-23,10,2977.1428571428573,2440
synthetic,True,resale,165000,100,house,3.0,2.0,,2.0,2023.0,lemesos,Kato Polemidia,34.698835,33.014126,4.537,3.477,True,False,False,False,True,False,2025-09-29,2,1650.0,1493
synthetic,True,resale,613000,469,land,,,,,,lemesos,Agios Tychonas,34.704894,33.082017,6.409,4.113,False,False,False,False,False,True,2024-08-28,20,1307.0362473347548,3788
synthetic,True,resale,89000,102,house,3.0,2.0,,1.0,2015.0,lemesos,Ypsonas,34.710427,32.994163,7.082,5.709,False,False,False,True,True,False,2025-07-13,10,872.5490196078431,1306
synthetic,True,resale,2394000,682,villa,5.0,2.0,,2.0,2012.0,lefkosia,Engomi,35.168978,33.355162,65.027,3.082,True,False,True,True,True,False,2025-01-11,13,3510.2639296187685,2024
synthetic,True,new_build,299000,76,apartment,4.0,2.0,8.0,10.0,2022.0,lemesos,Mouttagiaka,34.706987,33.07791,6.398,3.979,True,False,False,False,True,True,2026-04-10,3,3934.2105263157896,3193
synthetic,True,resale,140000,107,house,4.0,2.0,,1.0,1972.0,lefkosia,Engomi,35.177062,33.343909,67.491,3.616,True,False,False,True,False,False,2024-08-17,53,1308.411214953271,2024
synthetic,True,resale,158000,69,apartment,3.0,2.0,6.0,6.0,2019.0,lemesos,Agía Zóni,34.68466,33.044364,2.586,0.322,True,False,False,False,True,False,2025-10-22,6,2289.855072463768,2652
synthetic,True,resale,243000,119,apartment,4.0,2.0,1.0,3.0,2020.0,lefkosia,Nicosia Old Town,35.171429,33.379197,68.855,1.601,True,False,False,False,True,False,2025-10-20,5,2042.0168067226891,1660
synthetic,True,resale,273000,130,apartment,1.0,1.0,3.0,4.0,2022.0,lemesos,Kato Polemidia,34.68688,33.014613,3.868,2.951,True,True,False,False,True,False,2025-10-20,3,2100.0,1493
synthetic,True,new_build,241000,100,house,5.0,2.0,,1.0,2020.0,lefkosia,Engomi,35.182974,33.352215,51.813,2.75,True,False,False,True,True,False,2026-02-20,5,2410.0,2024
synthetic,True,resale,196000,65,apartment,1.0,1.0,4.0,5.0,1998.0,pafos,Kato Paphos,34.755068,32.426391,1.337,2.282,True,True,False,False,True,True,2026-03-24,27,3015.3846153846152,2730
synthetic,True,resale,243000,66,apartment,2.0,1.0,6.0,6.0,2006.0,pafos,Kato Paphos,34.754596,32.416799,0.256,2.418,True,True,True,False,True,True,2025-12-18,19,3681.818181818182,2730
synthetic,True,new_build,394000,117,house,4.0,3.0,,1.0,2023.0,lemesos,Mouttagiaka,34.709247,33.071863,5.972,3.794,True,False,False,False,True,True,2024-05-05,2,3367.5213675213677,3193
synthetic,True,resale,129000,47,apartment,2.0,2.0,1.0,1.0,2012.0,lemesos,Germasogeia,34.712474,33.066125,6.269,3.809,True,False,False,False,True,False,2026-01-25,13,2744.68085106383,2929
synthetic,True,resale,150000,57,apartment,2.0,2.0,6.0,7.0,2020.0,lefkosia,Engomi,35.175283,33.345375,53.927,3.547,True,False,False,False,True,False,2026-04-11,5,2631.5789473684213,2024
synthetic,True,resale,896000,324,villa,5.0,2.0,,2.0,2020.0,lefkosia,Engomi,35.178639,33.344885,64.838,3.487,True,False,True,True,True,False,2024-10-26,5,2765.432098765432,2024
synthetic,True,resale,323000,112,apartment,3.0,2.0,3.0,6.0,2009.0,lemesos,Agios Tychonas,34.714555,33.082471,7.415,4.872,False,False,False,False,False,True,2024-07-30,16,2883.9285714285716,3788
synthetic,True,new_build,245000,123,apartment,1.0,1.0,7.0,7.0,2000.0,lefkosia,Nicosia Old Town,35.177131,33.375307,61.537,1.136,False,False,False,False,True,False,2025-03-05,25,1991.8699186991869,1660
synthetic,True,resale,237000,153,apartment,2.0,2.0,5.0,5.0,2020.0,lemesos,Mesa Geitonia,34.692261,33.04942,3.801,1.142,True,False,False,False,True,False,2025-02-14,5,1549.0196078431372,1927
synthetic,True,resale,157000,61,apartment,3.0,2.0,6.0,6.0,2016.0,lemesos,Potamos Germasogeias,34.702726,33.067358,5.394,2.972,True,False,False,False,True,False,2025-02-27,9,2573.7704918032787,2204
synthetic,True,resale,174000,131,apartment,2.0,1.0,2.0,3.0,2015.0,lefkosia,Strovolos,35.135148,33.358134,65.251,6.025,True,False,False,False,False,False,2025-02-05,10,1328.2442748091603,1771
synthetic,True,resale,193000,82,apartment,4.0,2.0,1.0,1.0,2020.0,larnaka,Finikoudes,34.921673,33.635839,1.665,1.151,True,True,False,False,True,False,2025-10-30,5,2353.6585365853657,2276
synthetic,True,resale,269000,132,house,4.0,2.0,,2.0,2012.0,pafos,Kato Paphos,34.762202,32.425067,1.865,1.481,True,False,False,True,True,True,2026-02-20,13,2037.878787878788,2730
synthetic,True,resale,132000,65,apartment,2.0,2.0,1.0,1.0,2024.0,lemesos,Potamos Germasogeias,34.706586,33.07342,5.78,3.66,True,False,False,False,True,False,2026-02-06,1,2030.7692307692307,2204
synthetic,True,resale,207000,108,apartment,3.0,1.0,1.0,4.0,2013.0,lemesos,Mesa Geitonia,34.68901,33.048292,3.37,0.766,True,False,True,False,True,False,2024-08-08,12,1916.6666666666667,1927
synthetic,True,resale,164000,61,apartment,2.0,1.0,7.0,8.0,2023.0,larnaka,Finikoudes,34.927197,33.638123,2.092,1.433,True,True,False,False,False,False,2025-06-16,2,2688.5245901639346,2276
synthetic,True,new_build,62000,51,apartment,4.0,1.0,4.0,7.0,1972.0,larnaka,Aradippou,34.942435,33.606307,4.742,2.668,True,False,False,False,True,False,2025-11-30,53,1215.686274509804,1333
synthetic,True,new_build,133000,56,apartment,3.0,2.0,6.0,8.0,2025.0,larnaka,Finikoudes,34.917861,33.645297,0.977,2.082,False,False,False,False,True,False,2024-11-20,0,2375.0,2276
synthetic,True,resale,675000,312,villa,3.0,3.0,,2.0,2013.0,lemesos,Mesa Geitonia,34.686001,33.043045,2.69,0.513,True,False,True,True,True,False,2024-10-24,12,2163.4615384615386,1927
synthetic,True,resale,313000,83,apartment,2.0,2.0,7.0,8.0,2019.0,lemesos,Agios Tychonas,34.712398,33.080332,6.828,4.563,True,False,False,False,True,True,2024-11-23,6,3771.0843373493976,3788
synthetic,True,resale,885000,211,villa,3.0,3.0,,2.0,1998.0,lemesos,Agios Tychonas,34.708677,33.089033,6.951,4.878,True,False,True,True,False,True,2025-03-02,27,4194.312796208531,3788
synthetic,True,resale,335000,236,house,5.0,2.0,,1.0,2021.0,lemesos,Ypsonas,34.70101,33.005848,5.511,4.251,True,False,True,True,True,False,2025-11-02,4,1419.4915254237287,1306
synthetic,True,resale,135000,135,house,4.0,2.0,,1.0,2012.0,lefkosia,Lakatamia,35.125937,33.310284,62.422,9.321,True,False,False,True,False,False,2024-10-03,13,1000.0,1517
synthetic,True,resale,173000,140,apartment,3.0,1.0,1.0,4.0,2009.0,pafos,Yeroskipou,34.769828,32.449251,3.718,2.382,True,False,False,False,True,False,2026-04-08,16,1235.7142857142858,1531
synthetic,True,resale,324000,170,apartment,1.0,1.0,8.0,11.0,2017.0,lemesos,Polemidia,34.693864,33.022771,3.868,2.514,False,False,False,False,True,False,2025-11-15,8,1905.8823529411766,1661
synthetic,True,resale,134000,123,house,4.0,2.0,,1.0,2025.0,lefkosia,Lakatamia,35.131677,33.328056,61.816,7.763,True,False,False,True,True,False,2025-02-13,0,1089.4308943089432,1517
synthetic,True,resale,176000,120,apartment,1.0,1.0,8.0,8.0,2018.0,larnaka,Aradippou,34.940985,33.60906,4.627,2.394,False,False,False,False,True,False,2025-07-14,7,1466.6666666666667,1333
synthetic,True,new_build,236000,56,apartment,2.0,2.0,5.0,7.0,2016.0,lemesos,Agios Tychonas,34.7121,33.082201,7.027,4.658,True,False,False,False,True,True,2026-04-02,9,4214.285714285715,3788
synthetic,True,resale,121000,84,apartment,1.0,1.0,4.0,7.0,1995.0,lefkosia,Strovolos,35.143489,33.361633,69.889,5.045,True,False,False,False,True,False,2024-05-04,30,1440.4761904761904,1771
synthetic,True,resale,265000,166,apartment,3.0,1.0,4.0,5.0,2009.0,lefkosia,Lakatamia,35.120249,33.319794,53.149,9.225,False,False,False,False,True,False,2026-02-19,16,1596.3855421686746,1517
synthetic,True,resale,79000,46,apartment,2.0,1.0,5.0,6.0,1998.0,lefkosia,Lakatamia,35.130112,33.334124,61.168,7.566,True,False,True,False,True,False,2025-10-06,27,1717.391304347826,1517
synthetic,True,new_build,329000,133,house,3.0,3.0,,2.0,2007.0,lefkosia,Engomi,35.16855,33.359872,65.974,2.784,True,False,False,True,True,False,2025-01-15,18,2473.684210526316,2024
synthetic,True,new_build,418000,157,house,5.0,3.0,,1.0,2018.0,lefkosia,Engomi,35.181989,33.35059,64.584,2.91,False,False,True,True,True,False,2024-09-23,7,2662.420382165605,2024
synthetic,True,resale,570000,186,villa,4.0,2.0,,2.0,2019.0,larnaka,Finikoudes,34.923237,33.630968,1.855,0.7,True,False,True,True,True,False,2025-08-15,6,3064.516129032258,2276
synthetic,True,resale,217000,113,apartment,2.0,1.0,3.0,6.0,2016.0,lefkosia,Engomi,35.178341,33.345457,63.771,3.444,True,False,True,False,False,False,2024-07-08,9,1920.353982300885,2024
synthetic,True,resale,74000,54,apartment,1.0,1.0,2.0,5.0,2007.0,lefkosia,Engomi,35.180702,33.359178,55.63,2.171,False,False,False,False,False,False,2024-05-12,18,1370.3703703703704,2024
synthetic,True,resale,306000,116,house,3.0,3.0,,1.0,2017.0,lemesos,Agía Zóni,34.67268,33.04989,1.569,1.116,False,False,False,True,True,False,2025-09-23,8,2637.9310344827586,2652
synthetic,True,resale,249000,117,apartment,2.0,1.0,6.0,7.0,2005.0,lefkosia,Engomi,35.180339,33.358925,58.463,2.203,True,False,False,False,True,False,2024-05-18,20,2128.2051282051284,2024
synthetic,True,resale,2342000,3845,land,,,,,,larnaka,Drosia,34.927013,33.621088,2.421,0.5,False,True,False,False,True,False,2025-09-07,20,609.1027308192457,1832
synthetic,True,resale,305000,188,apartment,2.0,1.0,6.0,9.0,1997.0,lemesos,Mesa Geitonia,34.683526,33.057622,3.019,1.035,True,False,True,False,True,False,2024-08-05,28,1622.340425531915,1927
synthetic,True,new_build,162000,87,apartment,2.0,2.0,5.0,7.0,2022.0,lemesos,Kato Polemidia,34.697755,33.003591,5.311,4.275,True,False,True,False,False,False,2025-08-15,3,1862.0689655172414,1493
synthetic,True,resale,73000,49,apartment,2.0,1.0,2.0,5.0,2000.0,lefkosia,Lakatamia,35.130698,33.318454,52.814,8.424,True,False,False,False,True,False,2024-07-31,25,1489.795918367347,1517
synthetic,True,resale,126000,93,apartment,2.0,1.0,4.0,5.0,1970.0,lemesos,Potamos Germasogeias,34.699816,33.056682,4.851,2.163,True,False,True,False,False,False,2024-11-26,55,1354.8387096774193,2204
synthetic,True,resale,334000,180,apartment,4.0,2.0,1.0,4.0,2015.0,lemesos,Kato Polemidia,34.686131,33.022168,2.897,2.256,True,False,True,False,True,False,2024-06-28,10,1855.5555555555557,1493
synthetic,True,resale,215000,170,house,4.0,3.0,,2.0,1970.0,lemesos,Zakaki,34.681984,33.024921,3.094,1.964,False,False,False,True,True,False,2025-02-25,55,1264.7058823529412,1611
synthetic,True,new_build,776000,530,villa,4.0,4.0,,1.0,2015.0,larnaka,Aradippou,34.950934,33.588482,6.508,4.449,True,False,True,True,False,False,2025-05-27,10,1464.1509433962265,1333
synthetic,True,new_build,209000,74,apartment,3.0,2.0,7.0,7.0,1995.0,larnaka,Finikoudes,34.925831,33.643237,1.914,1.847,True,True,True,False,False,False,2025-01-22,30,2824.324324324324,2276
synthetic,True,resale,757000,357,villa,4.0,4.0,,1.0,2012.0,lefkosia,Nicosia Old Town,35.172062,33.364248,61.832,2.227,False,False,True,True,False,False,2025-06-21,13,2120.448179271709,1660
synthetic,True,resale,158000,113,apartment,2.0,2.0,7.0,7.0,2006.0,lemesos,Kato Polemidia,34.686156,33.018282,3.626,2.606,True,False,False,False,True,False,2025-01-14,19,1398.2300884955753,1493
synthetic,True,new_build,100000,57,apartment,2.0,2.0,6.0,9.0,2009.0,lemesos,Mesa Geitonia,34.692591,33.041187,3.777,1.24,True,False,False,False,False,False,2026-04-09,16,1754.3859649122808,1927
synthetic,True,resale,163000,108,apartment,1.0,1.0,6.0,8.0,1994.0,lemesos,Mesa Geitonia,34.687815,33.056186,3.641,1.085,False,False,False,False,True,False,2025-09-20,31,1509.2592592592594,1927
synthetic,True,resale,120000,60,apartment,4.0,2.0,4.0,4.0,2005.0,lemesos,Mesa Geitonia,34.686387,33.050251,3.098,0.575,True,False,False,False,True,False,2024-10-14,20,2000.0,1927
synthetic,True,resale,317000,107,house,4.0,3.0,,2.0,2012.0,lemesos,Mouttagiaka,34.70917,33.071383,5.927,3.761,False,False,False,False,True,True,2025-07-13,13,2962.6168224299067,3193
synthetic,True,resale,410000,188,house,4.0,3.0,,1.0,2015.0,lemesos,Mesa Geitonia,34.687899,33.045976,3.342,0.624,True,False,False,True,True,False,2025-01-27,10,2180.851063829787,1927
synthetic,True,resale,153000,104,apartment,4.0,1.0,6.0,8.0,2022.0,lemesos,Zakaki,34.682207,33.032438,2.646,1.277,False,False,False,False,True,False,2025-04-08,3,1471.1538461538462,1611
synthetic,True,resale,205000,86,apartment,1.0,1.0,6.0,9.0,2021.0,lefkosia,Nicosia Old Town,35.174631,33.371297,58.507,1.577,True,False,False,False,True,False,2024-07-16,4,2383.720930232558,1660
synthetic,True,resale,526000,179,apartment,2.0,1.0,2.0,4.0,2021.0,lefkosia,Engomi,35.17617,33.358418,54.196,2.411,True,False,True,False,True,False,2024-09-15,4,2938.5474860335194,2024
synthetic,True,resale,237000,228,house,4.0,3.0,,2.0,1994.0,lemesos,Ypsonas,34.700351,32.998408,5.943,4.825,True,False,True,False,False,False,2024-10-06,31,1039.4736842105262,1306
synthetic,True,resale,341000,160,house,3.0,3.0,,2.0,2013.0,lefkosia,Strovolos,35.143805,33.357438,69.689,5.168,False,False,True,True,True,False,2026-02-07,12,2131.25,1771
synthetic,True,new_build,356000,291,house,3.0,3.0,,2.0,2013.0,lemesos,Ypsonas,34.704537,33.000199,6.129,4.895,True,False,False,True,False,False,2024-05-31,12,1223.3676975945018,1306
synthetic,True,new_build,354000,196,apartment,3.0,1.0,3.0,3.0,2012.0,lefkosia,Strovolos,35.132205,33.359084,60.936,6.301,True,False,False,False,False,False,2024-09-23,13,1806.1224489795918,1771
synthetic,True,resale,813000,527,villa,6.0,2.0,,1.0,2006.0,lemesos,Ypsonas,34.703359,33.008106,5.175,4.212,True,False,True,True,True,False,2026-01-01,19,1542.6944971537002,1306
synthetic,True,resale,220000,142,house,4.0,2.0,,1.0,2016.0,lefkosia,Lakatamia,35.137597,33.312504,56.585,8.291,True,False,False,True,True,False,2026-01-26,9,1549.2957746478874,1517
synthetic,True,resale,361000,99,apartment,3.0,1.0,7.0,10.0,2016.0,lemesos,Germasogeia,34.701028,33.087994,6.322,4.336,False,False,True,False,True,False,2026-02-19,9,3646.4646464646466,2929
synthetic,True,resale,342000,156,house,4.0,3.0,,1.0,2020.0,larnaka,Finikoudes,34.920236,33.64556,1.223,2.051,True,False,True,False,True,False,2024-11-12,5,2192.3076923076924,2276
synthetic,True,resale,139000,84,apartment,1.0,1.0,4.0,4.0,2021.0,lefkosia,Nicosia Old Town,35.184174,33.368053,64.128,1.304,True,False,True,False,True,False,2025-03-29,4,1654.7619047619048,1660
synthetic,True,resale,273000,114,house,3.0,3.0,,2.0,2019.0,lemesos,Mesa Geitonia,34.688063,33.051662,3.739,0.801,True,False,False,False,True,False,2025-12-18,6,2394.7368421052633,1927
synthetic,True,resale,258000,125,apartment,3.0,1.0,4.0,6.0,2017.0,lemesos,Mesa Geitonia,34.694225,33.057951,4.406,1.695,False,False,False,False,True,False,2025-12-04,8,2064.0,1927
synthetic,True,resale,176000,149,apartment,4.0,2.0,1.0,4.0,1997.0,lefkosia,Lakatamia,35.128101,33.326611,69.938,8.155,True,False,False,False,True,False,2025-11-23,28,1181.2080536912752,1517
synthetic,True,resale,430000,184,villa,3.0,4.0,,2.0,1978.0,pafos,Chloraka,34.782724,32.420283,3.254,0.876,True,False,True,True,True,False,2024-07-03,47,2336.9565217391305,1903
synthetic,True,resale,326000,168,apartment,4.0,2.0,5.0,6.0,2008.0,lemesos,Polemidia,34.694406,33.02042,4.308,2.73,True,False,False,False,True,False,2024-06-25,17,1940.4761904761904,1661
synthetic,True,new_build,167000,118,apartment,3.0,2.0,1.0,1.0,2022.0,lemesos,Ypsonas,34.70874,32.993159,6.582,5.686,False,False,False,False,True,False,2025-07-11,3,1415.2542372881355,1306
synthetic,True,resale,226000,126,apartment,2.0,1.0,4.0,4.0,2007.0,lefkosia,Nicosia Old Town,35.17824,33.370584,53.611,1.343,True,False,False,False,True,False,2024-08-20,18,1793.6507936507937,1660
synthetic,True,resale,198000,177,house,3.0,3.0,,2.0,1981.0,lemesos,Kato Polemidia,34.689752,33.001588,4.843,4.18,True,False,False,True,True,False,2025-05-17,44,1118.6440677966102,1493
synthetic,True,resale,133000,65,apartment,2.0,1.0,1.0,4.0,2006.0,lemesos,Agía Zóni,34.678258,33.045013,2.326,0.467,True,True,False,False,True,False,2026-01-31,19,2046.1538461538462,2652
synthetic,True,new_build,592000,172,house,5.0,3.0,,2.0,2021.0,lemesos,Germasogeia,34.703924,33.075106,5.969,3.559,True,False,False,True,True,False,2024-09-12,4,3441.860465116279,2929
synthetic,True,resale,916000,274,villa,3.0,2.0,,2.0,2022.0,lemesos,Agía Zóni,34.677517,33.042247,2.286,0.653,True,False,True,True,True,False,2024-10-14,3,3343.065693430657,2652
synthetic,True,resale,388000,90,apartment,3.0,2.0,6.0,9.0,2006.0,lemesos,Agios Tychonas,34.704556,33.085229,6.535,4.327,True,False,False,False,True,True,2025-01-29,19,4311.111111111111,3788
synthetic,True,resale,519000,155,house,4.0,3.0,,2.0,2017.0,lemesos,Germasogeia,34.714594,33.079584,7.302,4.701,True,False,True,False,True,False,2025-03-18,8,3348.3870967741937,2929
synthetic,True,resale,617000,200,villa,6.0,4.0,,1.0,1989.0,pafos,Kato Paphos,34.763004,32.409459,0.466,1.929,False,True,True,False,True,True,2025-01-25,36,3085.0,2730
synthetic,True,resale,272000,130,apartment,3.0,1.0,5.0,6.0,2018.0,lefkosia,Lakatamia,35.131224,33.327469,63.994,7.836,True,False,False,False,True,False,2025-02-10,7,2092.3076923076924,1517
synthetic,True,resale,375000,172,apartment,2.0,1.0,7.0,7.0,2014.0,pafos,Chloraka,34.781818,32.406786,2.762,1.73,True,True,False,False,True,False,2024-11-18,11,2180.232558139535,1903
synthetic,True,resale,292000,191,house,3.0,2.0,,2.0,1970.0,lemesos,Mesa Geitonia,34.689837,33.053893,3.68,1.082,True,False,False,True,True,False,2025-12-15,55,1528.7958115183246,1927
synthetic,True,resale,252000,90,apartment,2.0,2.0,3.0,4.0,2018.0,lemesos,Agía Zóni,34.682189,33.048067,2.316,0.153,True,True,False,False,False,False,2025-03-06,7,2800.0,2652
synthetic,True,resale,1201000,354,villa,3.0,3.0,,2.0,2023.0,larnaka,Finikoudes,34.917119,33.643355,0.935,1.938,True,True,True,True,True,False,2024-08-23,2,3392.6553672316386,2276
synthetic,True,new_build,140000,80,apartment,4.0,2.0,2.0,4.0,2015.0,lemesos,Zakaki,34.683474,33.034441,2.594,1.101,True,False,True,False,False,False,2025-06-29,10,1750.0,1611
synthetic,True,resale,155000,131,house,3.0,3.0,,2.0,2014.0,lefkosia,Lakatamia,35.121661,33.310623,66.968,9.644,False,False,False,False,False,False,2025-07-24,11,1183.206106870229,1517
synthetic,True,new_build,294000,137,apartment,2.0,1.0,8.0,8.0,2014.0,lemesos,Zakaki,34.688303,33.032763,3.353,1.414,True,False,False,False,True,False,2026-03-29,11,2145.985401459854,1611
synthetic,True,new_build,160000,61,apartment,1.0,1.0,5.0,7.0,2012.0,pafos,Kato Paphos,34.767879,32.411555,1.614,1.425,True,False,True,False,True,True,2026-01-23,13,2622.9508196721313,2730
synthetic,True,new_build,133000,54,apartment,2.0,1.0,2.0,3.0,2006.0,lemesos,Potamos Germasogeias,34.709559,33.068152,5.829,3.625,True,False,True,False,True,False,2025-10-17,19,2462.962962962963,2204
synthetic,True,resale,156000,94,apartment,2.0,2.0,7.0,10.0,2013.0,lefkosia,Strovolos,35.131876,33.341334,57.266,7.04,True,False,False,False,False,False,2025-02-27,12,1659.5744680851064,1771
synthetic,True,resale,206000,141,apartment,2.0,2.0,3.0,5.0,1975.0,lemesos,Mesa Geitonia,34.693298,33.057035,4.159,1.562,True,False,False,False,True,False,2025-03-23,50,1460.9929078014184,1927
synthetic,True,resale,625000,182,apartment,2.0,1.0,5.0,5.0,2014.0,lemesos,Mouttagiaka,34.7077,33.070811,5.939,3.6,True,True,False,False,True,True,2025-10-17,11,3434.065934065934,3193
synthetic,True,resale,126000,56,apartment,1.0,1.0,1.0,3.0,2021.0,lefkosia,Engomi,35.176008,33.357059,60.52,2.53,False,False,False,False,True,False,2025-05-28,4,2250.0,2024
synthetic,True,resale,948000,262,villa,6.0,2.0,,2.0,2018.0,lemesos,Mouttagiaka,34.718915,33.073295,6.795,4.756,False,False,True,True,True,True,2025-06-11,7,3618.320610687023,3193
synthetic,True,resale,2246000,651,villa,5.0,2.0,,2.0,2009.0,lemesos,Germasogeia,34.718864,33.071065,7.294,4.649,True,False,True,True,True,False,2024-11-21,16,3450.0768049155145,2929
synthetic,True,resale,218000,119,house,4.0,2.0,,1.0,2018.0,pafos,Chloraka,34.778424,32.424885,3.159,0.333,False,False,False,False,True,False,2025-04-27,7,1831.9327731092437,1903
synthetic,True,resale,169000,126,house,5.0,3.0,,2.0,2023.0,larnaka,Aradippou,34.944591,33.603045,4.958,3.038,False,False,False,True,True,False,2025-01-06,2,1341.2698412698412,1333
synthetic,True,resale,1237000,557,villa,5.0,3.0,,2.0,1999.0,lefkosia,Strovolos,35.132075,33.34564,58.883,6.821,True,False,True,True,True,False,2025-10-12,26,2220.8258527827647,1771
synthetic,True,new_build,293000,101,apartment,2.0,1.0,5.0,5.0,1991.0,lemesos,Pyrgos,34.71423,33.098684,7.839,5.954,True,True,False,False,True,True,2025-10-18,34,2900.990099009901,2440
synthetic,True,resale,220000,99,apartment,2.0,1.0,2.0,4.0,2024.0,larnaka,Drosia,34.922432,33.623291,1.916,0.052,True,True,False,False,True,False,2025-01-16,1,2222.222222222222,1832
synthetic,True,resale,410000,909,land,,,,,,lemesos,Kato Polemidia,34.694004,33.020731,3.92,2.684,False,False,False,False,True,False,2025-03-19,20,451.04510451045104,1493
synthetic,True,resale,232000,481,land,,,,,,lefkosia,Strovolos,35.130124,33.343311,52.524,7.114,True,False,False,False,True,False,2026-02-27,20,482.3284823284823,1771
synthetic,True,resale,135000,60,apartment,1.0,1.0,3.0,5.0,2008.0,lemesos,Potamos Germasogeias,34.703647,33.06786,5.548,3.08,True,False,False,False,True,False,2024-08-08,17,2250.0,2204
synthetic,True,resale,239000,140,house,4.0,2.0,,1.0,2017.0,lemesos,Zakaki,34.689325,33.03297,3.137,1.455,False,False,False,True,True,False,2025-12-14,8,1707.142857142857,1611
synthetic,True,resale,292000,193,apartment,4.0,2.0,6.0,6.0,2017.0,lefkosia,Nicosia Old Town,35.180165,33.375385,52.088,0.872,True,False,False,False,True,False,2024-06-05,8,1512.9533678756477,1660
synthetic,True,resale,201000,133,apartment,3.0,2.0,7.0,8.0,1992.0,lemesos,Zakaki,34.681981,33.016385,3.434,2.745,True,False,False,False,True,False,2024-11-06,33,1511.2781954887218,1611
synthetic,True,new_build,263000,64,apartment,1.0,1.0,8.0,10.0,2001.0,lemesos,Agios Tychonas,34.701663,33.105374,7.545,5.806,True,False,False,False,True,True,2025-03-21,24,4109.375,3788
synthetic,True,new_build,1210000,806,land,,,,,,lemesos,Agios Tychonas,34.715099,33.096061,7.977,5.823,True,False,False,False,False,True,2025-03-13,20,1501.240694789082,3788
synthetic,True,resale,397000,148,apartment,2.0,2.0,6.0,8.0,2021.0,larnaka,Finikoudes,34.9201,33.638622,1.087,1.431,False,True,False,False,True,False,2024-08-20,4,2682.4324324324325,2276
synthetic,True,resale,2091000,440,villa,3.0,3.0,,2.0,2008.0,lemesos,Agios Tychonas,34.711555,33.101245,8.034,5.977,False,False,True,False,True,True,2025-10-13,17,4752.272727272727,3788
synthetic,True,resale,85000,53,apartment,1.0,1.0,5.0,8.0,2017.0,lefkosia,Engomi,35.16837,33.347699,65.553,3.682,True,False,False,False,False,False,2026-04-08,8,1603.7735849056603,2024
synthetic,True,resale,234000,97,apartment,3.0,1.0,8.0,8.0,2017.0,lemesos,Mesa Geitonia,34.688509,33.057159,3.23,1.202,True,False,False,False,True,False,2025-11-06,8,2412.3711340206187,1927
synthetic,True,resale,550000,298,house,4.0,3.0,,1.0,2022.0,lefkosia,Nicosia Old Town,35.174046,33.361409,68.451,2.293,False,False,False,True,True,False,2026-02-23,3,1845.6375838926174,1660
synthetic,True,resale,242000,157,apartment,3.0,2.0,1.0,2.0,2018.0,larnaka,Drosia,34.927551,33.625368,2.248,0.55,True,False,False,False,False,False,2024-08-09,7,1541.4012738853503,1832
synthetic,True,resale,144000,102,apartment,3.0,1.0,4.0,6.0,2017.0,lemesos,Ypsonas,34.70629,33.001365,6.451,4.906,True,False,True,False,True,False,2024-06-26,8,1411.764705882353,1306
synthetic,True,resale,96000,46,apartment,2.0,2.0,4.0,4.0,2008.0,lemesos,Pyrgos,34.717859,33.105191,8.563,6.672,True,False,False,False,True,True,2024-12-12,17,2086.9565217391305,2440
synthetic,True,resale,264000,115,apartment,2.0,2.0,2.0,5.0,2010.0,lemesos,Germasogeia,34.703942,33.080612,6.422,3.946,True,False,False,False,False,False,2024-05-04,15,2295.6521739130435,2929
synthetic,True,resale,96000,57,apartment,1.0,1.0,7.0,10.0,2019.0,lefkosia,Lakatamia,35.122057,33.312335,57.316,9.507,True,False,False,False,True,False,2025-09-14,6,1684.2105263157894,1517
synthetic,True,resale,503000,163,house,5.0,2.0,,2.0,1995.0,lemesos,Germasogeia,34.701339,33.073694,5.388,3.273,True,False,False,True,True,False,2025-07-14,30,3085.8895705521472,2929
synthetic,True,resale,256000,99,apartment,2.0,2.0,3.0,6.0,2010.0,pafos,Kato Paphos,34.767904,32.408095,1.518,1.688,True,True,False,False,True,True,2025-06-11,15,2585.8585858585857,2730
synthetic,True,new_build,468000,131,apartment,3.0,1.0,3.0,6.0,2011.0,lemesos,Mouttagiaka,34.713166,33.086364,7.298,5.013,False,False,False,False,True,True,2024-06-15,14,3572.5190839694656,3193
synthetic,True,resale,102000,69,apartment,3.0,2.0,3.0,4.0,2005.0,lemesos,Mesa Geitonia,34.689038,33.040172,3.463,0.941,True,False,False,False,True,False,2024-07-20,20,1478.2608695652175,1927
synthetic,True,resale,934000,631,villa,4.0,3.0,,2.0,2016.0,larnaka,Aradippou,34.95402,33.600336,5.888,4.044,True,False,True,True,False,False,2024-05-24,9,1480.190174326466,1333
synthetic,True,resale,110000,95,apartment,2.0,1.0,8.0,8.0,2004.0,lemesos,Zakaki,34.686883,33.019006,3.66,2.556,True,False,False,False,False,False,2026-03-01,21,1157.8947368421052,1611
synthetic,True,resale,456000,251,villa,5.0,3.0,,2.0,2023.0,lemesos,Zakaki,34.686286,33.015615,3.875,2.85,True,False,False,True,True,False,2026-01-11,2,1816.7330677290836,1611
synthetic,True,resale,2301000,2661,land,,,,,,larnaka,Finikoudes,34.925952,33.648483,1.838,2.321,False,False,False,False,True,False,2024-06-10,20,864.7125140924464,2276
synthetic,True,resale,668000,221,house,4.0,2.0,,1.0,2023.0,lemesos,Mesa Geitonia,34.68213,33.047857,2.366,0.135,True,False,True,True,True,False,2025-07-02,2,3022.6244343891403,1927
synthetic,True,new_build,2303000,675,villa,5.0,2.0,,2.0,2017.0,lemesos,Agía Zóni,34.677208,33.049079,2.137,0.617,True,True,True,True,False,False,2025-06-01,8,3411.8518518518517,2652
synthetic,True,resale,116000,67,apartment,3.0,1.0,4.0,4.0,2018.0,larnaka,Drosia,34.927901,33.639648,2.028,1.591,True,False,False,False,True,False,2025-11-22,7,1731.3432835820895,1832
synthetic,True,new_build,329000,162,apartment,3.0,2.0,4.0,4.0,2022.0,pafos,Chloraka,34.779135,32.421326,2.849,0.477,False,True,False,False,True,False,2025-01-11,3,2030.8641975308642,1903
synthetic,True,resale,294000,159,apartment,4.0,2.0,1.0,1.0,2012.0,lefkosia,Engomi,35.177481,33.359724,64.94,2.242,False,False,False,False,True,False,2025-09-05,13,1849.0566037735848,2024
synthetic,True,resale,461000,150,apartment,4.0,1.0,3.0,4.0,2010.0,lemesos,Germasogeia,34.718121,33.081669,7.821,5.125,True,False,False,False,True,False,2025-05-17,15,3073.3333333333335,2929
synthetic,True,resale,175000,140,house,4.0,2.0,,2.0,2006.0,lemesos,Ypsonas,34.71014,33.004283,6.564,4.941,True,False,True,True,True,False,2024-10-17,19,1250.0,1306
synthetic,True,new_build,269000,75,apartment,2.0,1.0,6.0,9.0,1987.0,lemesos,Agía Zóni,34.681238,33.053896,2.834,0.696,True,True,False,False,True,False,2024-04-24,38,3586.6666666666665,2652
synthetic,True,new_build,184000,85,apartment,2.0,1.0,2.0,2.0,1994.0,lefkosia,Strovolos,35.150882,33.349791,62.789,4.862,True,False,False,False,True,False,2024-06-25,31,2164.705882352941,1771
synthetic,True,resale,169000,132,apartment,2.0,1.0,1.0,4.0,1974.0,lefkosia,Engomi,35.17186,33.342159,62.095,3.955,True,False,False,False,True,False,2024-12-20,51,1280.3030303030303,2024
synthetic,True,resale,213000,95,apartment,2.0,2.0,7.0,10.0,2019.0,pafos,Chloraka,34.778423,32.420224,2.681,0.481,True,False,False,False,True,False,2024-09-29,6,2242.1052631578946,1903
synthetic,True,resale,144000,108,apartment,3.0,2.0,3.0,6.0,1999.0,pafos,Chloraka,34.793767,32.412853,4.115,2.276,False,False,False,False,True,False,2025-04-06,26,1333.3333333333333,1903
synthetic,True,new_build,409000,129,apartment,2.0,2.0,6.0,6.0,2020.0,lemesos,Agía Zóni,34.679916,33.042143,2.033,0.471,True,False,False,False,True,False,2025-07-01,5,3170.5426356589146,2652
synthetic,True,new_build,996000,218,house,3.0,3.0,,2.0,2015.0,lemesos,Mouttagiaka,34.707942,33.070914,5.893,3.627,True,True,True,False,True,True,2025-10-07,10,4568.807339449541,3193
synthetic,True,resale,262000,84,apartment,3.0,2.0,4.0,4.0,2019.0,pafos,Kato Paphos,34.757632,32.409424,0.295,2.397,True,True,False,False,True,True,2025-07-18,6,3119.0476190476193,2730
synthetic,True,new_build,353000,123,house,4.0,3.0,,1.0,2016.0,lemesos,Mesa Geitonia,34.693592,33.056122,3.845,1.538,True,False,True,True,True,False,2024-05-14,9,2869.918699186992,1927
synthetic,True,resale,241000,183,apartment,2.0,2.0,5.0,8.0,2022.0,lemesos,Kato Polemidia,34.696473,33.003393,5.106,4.236,True,False,True,False,False,False,2025-02-04,3,1316.9398907103825,1493
synthetic,True,resale,168000,64,apartment,3.0,2.0,4.0,4.0,2000.0,lemesos,Germasogeia,34.719514,33.081375,7.596,5.229,True,False,False,False,True,False,2024-07-23,25,2625.0,2929
synthetic,True,new_build,704000,272,villa,5.0,2.0,,2.0,2020.0,larnaka,Drosia,34.921876,33.633544,1.482,0.941,True,False,True,False,True,False,2025-02-28,5,2588.235294117647,1832
synthetic,True,resale,482000,170,house,4.0,3.0,,1.0,2006.0,lemesos,Agía Zóni,34.679189,33.051352,2.385,0.57,True,False,True,True,True,False,2026-01-18,19,2835.294117647059,2652
synthetic,True,new_build,1248000,623,villa,3.0,2.0,,2.0,2017.0,larnaka,Drosia,34.929967,33.631705,2.251,1.098,True,False,True,True,False,False,2025-08-23,8,2003.2102728731943,1832
synthetic,True,new_build,535000,185,apartment,1.0,1.0,6.0,7.0,2018.0,larnaka,Finikoudes,34.923699,33.637941,1.819,1.338,True,True,False,False,True,False,2025-10-15,7,2891.891891891892,2276
synthetic,True,resale,134000,82,apartment,3.0,2.0,6.0,6.0,2005.0,lemesos,Polemidia,34.702104,33.011101,5.491,3.907,True,False,False,False,True,False,2024-05-13,20,1634.1463414634147,1661
synthetic,True,resale,84000,58,apartment,1.0,1.0,3.0,6.0,1980.0,lefkosia,Lakatamia,35.121376,33.327775,52.924,8.693,True,False,False,False,True,False,2024-10-13,45,1448.2758620689656,1517
synthetic,True,resale,538000,209,house,3.0,2.0,,2.0,2022.0,lefkosia,Engomi,35.170955,33.354961,64.805,2.971,True,False,True,True,True,False,2024-08-16,3,2574.1626794258373,2024
synthetic,True,resale,224000,136,apartment,4.0,2.0,2.0,5.0,2015.0,lefkosia,Strovolos,35.134605,33.339026,57.072,6.901,True,False,False,False,True,False,2025-03-30,10,1647.0588235294117,1771
synthetic,True,resale,497000,199,house,4.0,2.0,,2.0,1990.0,lemesos,Agía Zóni,34.681795,33.048578,2.598,0.207,True,True,False,True,True,False,2025-08-11,35,2497.4874371859296,2652
synthetic,True,resale,150000,104,apartment,2.0,1.0,8.0,8.0,2022.0,lefkosia,Strovolos,35.140043,33.3579,68.473,5.53,True,False,False,False,False,False,2026-02-03,3,1442.3076923076924,1771
synthetic,True,resale,791000,335,villa,6.0,2.0,,1.0,2018.0,lemesos,Polemidia,34.692639,33.015607,4.178,3.041,True,False,False,True,True,False,2025-07-20,7,2361.194029850746,1661
synthetic,True,resale,190000,65,apartment,1.0,1.0,4.0,7.0,2024.0,lemesos,Pyrgos,34.715657,33.114539,9.024,7.25,True,False,False,False,True,True,2024-04-21,1,2923.076923076923,2440
synthetic,True,resale,262000,114,house,3.0,2.0,,2.0,2018.0,pafos,Chloraka,34.78085,32.423376,3.011,0.599,True,False,False,True,True,False,2024-08-25,7,2298.245614035088,1903
synthetic,True,new_build,683000,293,house,4.0,3.0,,2.0,2016.0,lefkosia,Nicosia Old Town,35.18272,33.37057,63.543,1.113,True,False,False,True,True,False,2026-01-07,9,2331.0580204778157,1660
synthetic,True,resale,271000,170,apartment,3.0,1.0,7.0,8.0,1995.0,lefkosia,Strovolos,35.153512,33.36123,58.653,4.05,False,False,False,False,False,False,2025-02-18,30,1594.1176470588234,1771
synthetic,True,resale,305000,136,apartment,2.0,1.0,1.0,1.0,2017.0,lemesos,Episkopi,34.66133,32.925175,10.597,11.328,True,True,False,False,False,False,2025-08-10,8,2242.6470588235293,1536
synthetic,True,new_build,121000,74,apartment,2.0,1.0,6.0,8.0,2020.0,lemesos,Ypsonas,34.704016,32.990733,6.48,5.633,True,False,False,False,True,False,2025-07-03,5,1635.1351351351352,1306
synthetic,True,resale,347000,118,house,5.0,2.0,,1.0,2019.0,pafos,Kato Paphos,34.756328,32.415087,0.665,2.285,False,False,True,False,True,True,2024-04-21,6,2940.677966101695,2730
synthetic,True,resale,106000,64,apartment,3.0,2.0,6.0,7.0,2008.0,lemesos,Polemidia,34.69813,33.010832,4.449,3.698,True,False,True,False,True,False,2024-08-21,17,1656.25,1661
synthetic,True,resale,120000,46,apartment,2.0,1.0,6.0,6.0,2013.0,lemesos,Potamos Germasogeias,34.706824,33.065768,5.821,3.251,True,True,False,False,False,False,2026-04-03,12,2608.695652173913,2204
synthetic,True,resale,135000,68,apartment,3.0,1.0,7.0,8.0,2000.0,lefkosia,Engomi,35.170918,33.341756,67.02,4.03,False,False,False,False,True,False,2024-09-25,25,1985.2941176470588,2024
synthetic,True,new_build,368000,155,house,3.0,3.0,,2.0,1987.0,larnaka,Finikoudes,34.925354,33.633147,1.985,0.938,True,True,False,True,True,False,2024-04-21,38,2374.1935483870966,2276
synthetic,True,resale,237000,86,apartment,2.0,1.0,2.0,2.0,2006.0,lemesos,Agios Tychonas,34.706221,33.099089,7.402,5.503,True,False,False,False,False,True,2025-01-26,19,2755.813953488372,3788
synthetic,True,resale,188000,114,apartment,1.0,1.0,4.0,4.0,2020.0,lefkosia,Nicosia Old Town,35.172599,33.363693,56.939,2.225,True,False,False,False,True,False,2025-10-04,5,1649.122807017544,1660
synthetic,True,new_build,1135000,209,villa,4.0,2.0,,2.0,2023.0,lemesos,Agios Tychonas,34.713491,33.096164,7.915,5.721,True,False,True,True,True,True,2026-03-24,2,5430.622009569378,3788
synthetic,True,new_build,4054000,681,villa,5.0,3.0,,2.0,2022.0,lemesos,Agios Tychonas,34.700434,33.105859,7.691,5.798,True,False,False,True,True,True,2026-02-28,3,5953.010279001468,3788
synthetic,True,new_build,322000,127,apartment,1.0,1.0,4.0,6.0,2019.0,lemesos,Agía Zóni,34.674618,33.03864,1.475,1.11,True,False,False,False,True,False,2025-01-01,6,2535.433070866142,2652
synthetic,True,resale,75000,47,apartment,1.0,1.0,5.0,8.0,2008.0,lefkosia,Nicosia Old Town,35.182949,33.378813,61.685,0.433,True,False,True,False,False,False,2024-05-15,17,1595.7446808510638,1660
synthetic,True,resale,262000,91,apartment,3.0,1.0,6.0,9.0,2018.0,lemesos,Germasogeia,34.719311,33.080267,7.417,5.15,True,False,False,False,True,False,2026-01-31,7,2879.120879120879,2929
synthetic,True,resale,115000,97,house,3.0,2.0,,2.0,2010.0,lemesos,Zakaki,34.693493,33.031031,4.044,1.877,True,False,False,False,False,False,2025-02-22,15,1185.5670103092784,1611
synthetic,True,resale,133000,95,house,5.0,2.0,,2.0,1986.0,larnaka,Aradippou,34.942938,33.595364,5.533,3.384,True,False,False,True,True,False,2024-12-30,39,1400.0,1333
synthetic,True,resale,264000,154,apartment,2.0,2.0,5.0,6.0,2002.0,lemesos,Mesa Geitonia,34.693373,33.047746,3.547,1.237,True,False,False,False,False,False,2024-12-12,23,1714.2857142857142,1927
synthetic,True,resale,352000,189,apartment,3.0,1.0,7.0,8.0,2024.0,lefkosia,Lakatamia,35.137656,33.330955,67.718,7.086,True,False,False,False,True,False,2024-11-23,1,1862.4338624338625,1517
synthetic,True,resale,471000,217,house,3.0,2.0,,2.0,2021.0,pafos,Yeroskipou,34.765578,32.456252,4.742,3.137,True,True,False,True,True,False,2025-02-07,4,2170.5069124423962,1531
synthetic,True,new_build,472000,160,house,4.0,2.0,,1.0,2017.0,lemesos,Agía Zóni,34.67656,33.043067,1.919,0.707,False,True,False,True,False,False,2025-05-08,8,2950.0,2652
synthetic,True,new_build,80000,49,apartment,3.0,1.0,5.0,8.0,2025.0,lefkosia,Strovolos,35.153846,33.359931,67.298,4.074,True,False,True,False,False,False,2024-09-10,0,1632.6530612244899,1771
synthetic,True,resale,168000,103,apartment,2.0,1.0,5.0,7.0,2010.0,lefkosia,Strovolos,35.132009,33.351143,63.657,6.598,True,False,False,False,True,False,2024-06-17,15,1631.0679611650485,1771
synthetic,True,resale,82000,56,apartment,2.0,1.0,5.0,6.0,2018.0,larnaka,Aradippou,34.942209,33.598423,5.196,3.123,True,True,False,False,True,False,2025-02-06,7,1464.2857142857142,1333
synthetic,True,resale,207000,47,apartment,2.0,2.0,8.0,9.0,2015.0,lemesos,Agios Tychonas,34.707091,33.086488,6.491,4.586,True,True,False,False,False,True,2026-03-28,10,4404.255319148936,3788
synthetic,True,resale,510000,268,house,4.0,3.0,,2.0,2012.0,pafos,Chloraka,34.793578,32.405648,4.02,2.623,True,False,False,False,True,False,2025-09-26,13,1902.9850746268658,1903
synthetic,True,resale,293000,129,apartment,3.0,1.0,8.0,10.0,2016.0,lemesos,Mouttagiaka,34.709774,33.086294,7.154,4.758,False,False,False,False,True,True,2024-09-24,9,2271.3178294573645,3193
synthetic,True,resale,827000,277,villa,4.0,2.0,,2.0,2015.0,pafos,Kato Paphos,34.767432,32.429406,2.419,1.02,True,True,False,True,True,True,2025-05-30,10,2985.5595667870034,2730
synthetic,True,resale,596000,206,house,4.0,2.0,,1.0,2023.0,larnaka,Finikoudes,34.92118,33.639266,1.016,1.468,False,True,True,True,True,False,2025-08-29,2,2893.2038834951454,2276
synthetic,True,new_build,498000,116,apartment,3.0,2.0,6.0,9.0,2022.0,lemesos,Agía Zóni,34.672133,33.045496,1.708,1.133,True,True,False,False,True,False,2024-08-10,3,4293.103448275862,2652
synthetic,True,resale,547000,143,apartment,4.0,2.0,2.0,2.0,2019.0,lemesos,Agios Tychonas,34.713689,33.108048,8.474,6.629,True,False,True,False,True,True,2024-11-15,6,3825.1748251748254,3788
synthetic,True,resale,261000,84,apartment,1.0,1.0,5.0,8.0,2024.0,pafos,Kato Paphos,34.766969,32.415828,1.354,1.213,True,True,False,False,True,True,2024-07-11,1,3107.1428571428573,2730
synthetic,True,resale,292000,173,apartment,3.0,2.0,4.0,7.0,1993.0,lemesos,Zakaki,34.680458,33.034203,2.413,1.134,True,False,False,False,True,False,2024-04-21,32,1687.8612716763005,1611
synthetic,True,resale,340000,202,villa,4.0,3.0,,2.0,2024.0,pafos,Yeroskipou,34.761592,32.46015,4.884,3.638,False,False,True,True,False,False,2024-05-10,1,1683.1683168316831,1531
synthetic,True,resale,1616000,506,villa,5.0,4.0,,2.0,2008.0,lemesos,Agía Zóni,34.67628,33.052297,2.124,0.86,False,True,False,True,False,False,2026-01-14,17,3193.675889328063,2652
synthetic,True,new_build,1072000,450,villa,6.0,2.0,,2.0,1973.0,pafos,Chloraka,34.787452,32.400228,3.648,2.553,True,False,True,True,False,False,2025-12-11,52,2382.222222222222,1903
synthetic,True,resale,163000,118,house,4.0,2.0,,2.0,1982.0,lemesos,Polemidia,34.704355,33.010834,5.856,4.073,True,False,True,True,True,False,2024-10-20,43,1381.3559322033898,1661
synthetic,True,resale,595000,299,house,5.0,2.0,,2.0,2018.0,lefkosia,Strovolos,35.1395,33.35386,61.86,5.741,True,False,False,True,True,False,2024-10-13,7,1989.9665551839464,1771
synthetic,True,resale,765000,436,villa,4.0,4.0,,1.0,2015.0,lefkosia,Lakatamia,35.129699,33.320238,59.904,8.395,True,False,False,False,True,False,2025-05-12,10,1754.5871559633028,1517
synthetic,True,resale,313000,167,apartment,3.0,1.0,7.0,10.0,1990.0,lefkosia,Engomi,35.178585,33.34404,64.171,3.564,True,False,False,False,True,False,2025-04-13,35,1874.251497005988,2024
synthetic,True,resale,481000,210,villa,5.0,2.0,,2.0,2021.0,lefkosia,Strovolos,35.145284,33.348574,61.977,5.431,True,False,True,True,True,False,2024-10-07,4,2290.4761904761904,1771
synthetic,True,resale,737000,280,house,4.0,3.0,,2.0,2016.0,lefkosia,Engomi,35.178203,33.348551,58.204,3.176,True,False,True,True,True,False,2025-08-10,9,2632.1428571428573,2024
synthetic,True,resale,94000,78,apartment,2.0,2.0,1.0,4.0,2003.0,lemesos,Episkopi,34.674801,32.914579,11.748,12.083,False,False,False,False,True,False,2025-06-12,22,1205.128205128205,1536
synthetic,True,resale,558000,294,house,5.0,2.0,,2.0,2025.0,lefkosia,Engomi,35.170604,33.349676,69.629,3.402,False,False,True,True,False,False,2024-05-25,0,1897.9591836734694,2024
synthetic,True,resale,154000,70,apartment,4.0,2.0,7.0,10.0,2003.0,lemesos,Mesa Geitonia,34.682081,33.058284,2.831,1.087,True,False,False,False,True,False,2026-01-02,22,2200.0,1927
synthetic,True,resale,123000,74,apartment,2.0,1.0,7.0,9.0,1996.0,lefkosia,Engomi,35.174296,33.34137,63.552,3.927,True,False,False,False,True,False,2025-05-23,29,1662.162162162162,2024
synthetic,True,resale,290000,158,apartment,2.0,2.0,2.0,4.0,2021.0,lefkosia,Engomi,35.173544,33.353956,55.266,2.904,True,False,False,False,True,False,2024-05-04,4,1835.4430379746836,2024
synthetic,True,resale,219000,97,apartment,2.0,1.0,5.0,7.0,1985.0,lemesos,Pyrgos,34.715399,33.104276,8.56,6.445,True,False,False,False,True,True,2025-08-29,40,2257.7319587628867,2440
synthetic,True,resale,273000,161,house,4.0,3.0,,1.0,2025.0,lemesos,Potamos Germasogeias,34.702317,33.056905,5.084,2.424,True,False,False,False,False,False,2024-12-01,0,1695.6521739130435,2204
synthetic,True,resale,142000,106,house,4.0,3.0,,1.0,2020.0,lemesos,Kato Polemidia,34.691037,33.003885,4.974,4.007,True,False,False,True,True,False,2025-07-28,5,1339.622641509434,1493
synthetic,True,resale,306000,147,house,4.0,3.0,,2.0,2024.0,lefkosia,Strovolos,35.148009,33.357359,63.871,4.755,True,False,True,True,True,False,2024-06-09,1,2081.6326530612246,1771
synthetic,True,resale,129000,134,apartment,2.0,1.0,6.0,8.0,2009.0,larnaka,Aradippou,34.940529,33.591497,5.821,3.5,True,False,False,False,False,False,2025-08-02,16,962.6865671641791,1333
synthetic,True,resale,321000,135,apartment,1.0,1.0,3.0,4.0,1987.0,lemesos,Agios Tychonas,34.719997,33.09104,8.055,5.85,False,False,False,False,False,True,2025-06-01,38,2377.777777777778,3788
synthetic,True,new_build,3799000,3465,land,,,,,,lemesos,Potamos Germasogeias,34.698401,33.063104,5.017,2.353,False,False,False,False,True,False,2024-04-24,20,1096.3924963924965,2204
synthetic,True,resale,401000,246,house,4.0,3.0,,2.0,2013.0,lefkosia,Nicosia Old Town,35.179963,33.380112,63.471,0.658,True,False,False,True,False,False,2024-11-12,12,1630.081300813008,1660
synthetic,True,resale,200000,100,apartment,3.0,1.0,6.0,7.0,1986.0,larnaka,Drosia,34.928749,33.621769,2.74,0.665,True,True,False,False,True,False,2025-07-18,39,2000.0,1832
synthetic,True,resale,498000,220,villa,3.0,2.0,,2.0,2020.0,lefkosia,Engomi,35.179901,33.341979,63.729,3.719,True,False,True,True,True,False,2024-05-08,5,2263.6363636363635,2024
synthetic,True,new_build,292000,443,land,,,,,,lefkosia,Strovolos,35.140721,33.345222,51.994,6.022,False,False,False,False,True,False,2026-02-12,20,659.1422121896162,1771
synthetic,True,resale,483000,195,apartment,3.0,2.0,5.0,8.0,1980.0,larnaka,Finikoudes,34.923584,33.648228,1.854,2.274,False,True,False,False,True,False,2025-03-28,45,2476.923076923077,2276
synthetic,True,new_build,383000,199,apartment,2.0,2.0,2.0,5.0,1999.0,lemesos,Mesa Geitonia,34.692575,33.05273,3.84,1.281,False,False,False,False,True,False,2024-08-20,26,1924.6231155778894,1927
synthetic,True,resale,234000,134,apartment,3.0,1.0,5.0,6.0,2017.0,lefkosia,Strovolos,35.152655,33.356066,62.185,4.371,False,False,False,False,True,False,2025-10-04,8,1746.2686567164178,1771
synthetic,True,resale,216000,151,house,5.0,2.0,,2.0,1993.0,lemesos,Kato Polemidia,34.691968,33.000269,5.269,4.353,False,False,False,True,True,False,2024-09-28,32,1430.4635761589404,1493
synthetic,True,new_build,196000,154,house,4.0,3.0,,1.0,1970.0,lefkosia,Strovolos,35.14286,33.341398,66.861,6.034,True,False,False,False,False,False,2025-12-10,55,1272.7272727272727,1771
synthetic,True,resale,321000,95,apartment,2.0,2.0,1.0,2.0,2019.0,lemesos,Agios Tychonas,34.700942,33.104234,7.805,5.679,True,False,False,False,False,True,2024-09-05,6,3378.9473684210525,3788
synthetic,True,resale,1543000,514,villa,5.0,4.0,,2.0,2010.0,lemesos,Agía Zóni,34.681082,33.038082,2.371,0.773,True,False,True,True,True,False,2024-06-12,15,3001.9455252918287,2652
synthetic,True,resale,126000,130,house,3.0,2.0,,1.0,2021.0,larnaka,Aradippou,34.946826,33.599051,5.751,3.459,True,False,False,True,False,False,2024-10-15,4,969.2307692307693,1333
synthetic,True,new_build,384000,214,house,3.0,3.0,,1.0,1995.0,larnaka,Drosia,34.934748,33.634507,2.951,1.667,True,True,False,False,False,False,2024-09-02,30,1794.392523364486,1832
synthetic,True,resale,346000,83,apartment,2.0,1.0,5.0,7.0,2025.0,lemesos,Germasogeia,34.705799,33.083579,6.272,4.287,True,True,False,False,True,False,2025-01-25,0,4168.674698795181,2929
synthetic,True,resale,138000,135,house,3.0,2.0,,2.0,2016.0,lemesos,Ypsonas,34.713833,33.009077,6.59,4.892,False,False,False,False,False,False,2025-02-22,9,1022.2222222222222,1306
synthetic,True,resale,268000,118,apartment,1.0,1.0,3.0,4.0,1977.0,lemesos,Agios Tychonas,34.703675,33.102363,7.502,5.642,False,False,False,False,False,True,2025-11-19,48,2271.186440677966,3788
synthetic,True,resale,113000,91,apartment,3.0,1.0,7.0,9.0,1997.0,lemesos,Ypsonas,34.704199,32.990451,6.631,5.665,False,False,False,False,True,False,2026-02-24,28,1241.7582417582419,1306
synthetic,True,resale,428000,241,villa,3.0,4.0,,2.0,1972.0,lemesos,Mesa Geitonia,34.683807,33.057716,2.949,1.048,True,False,True,True,True,False,2024-12-09,53,1775.9336099585062,1927
synthetic,True,new_build,175000,86,apartment,3.0,1.0,3.0,3.0,1985.0,lefkosia,Nicosia Old Town,35.177951,33.381133,60.887,0.857,False,False,False,False,True,False,2024-09-01,40,2034.8837209302326,1660
synthetic,True,resale,156000,102,apartment,3.0,2.0,6.0,9.0,2021.0,lefkosia,Strovolos,35.143112,33.349617,68.394,5.581,True,False,False,False,True,False,2024-12-18,4,1529.4117647058824,1771
synthetic,True,new_build,294000,111,house,5.0,2.0,,2.0,1970.0,lemesos,Germasogeia,34.703576,33.077192,5.858,3.677,True,False,False,False,True,False,2026-02-04,55,2648.6486486486488,2929
synthetic,True,resale,231000,181,apartment,2.0,1.0,1.0,2.0,2009.0,lemesos,Episkopi,34.661974,32.913994,11.504,12.318,False,False,False,False,True,False,2024-11-25,16,1276.243093922652,1536
synthetic,True,resale,396000,90,house,5.0,3.0,,2.0,2009.0,lemesos,Germasogeia,34.707958,33.08268,6.523,4.375,True,True,True,True,True,False,2024-12-06,16,4400.0,2929
synthetic,True,resale,144000,69,apartment,2.0,1.0,8.0,8.0,2015.0,lefkosia,Engomi,35.169251,33.340875,52.383,4.181,True,False,False,False,True,False,2025-05-19,10,2086.9565217391305,2024
synthetic,True,resale,826000,399,villa,4.0,2.0,,2.0,2005.0,larnaka,Finikoudes,34.927229,33.642918,2.169,1.852,False,False,False,False,True,False,2025-10-14,20,2070.1754385964914,2276
synthetic,True,resale,1743000,3278,land,,,,,,lemesos,Ypsonas,34.711876,32.999397,6.773,5.411,False,False,False,False,False,False,2025-06-07,20,531.7266625991458,1306
synthetic,True,resale,94000,75,apartment,3.0,1.0,3.0,3.0,2000.0,lefkosia,Strovolos,35.14509,33.358808,57.238,4.985,True,False,False,False,True,False,2026-02-22,25,1253.3333333333333,1771
synthetic,True,resale,298000,181,apartment,3.0,1.0,3.0,5.0,1994.0,lefkosia,Engomi,35.179883,33.348624,59.558,3.126,True,False,False,False,True,False,2026-02-13,31,1646.4088397790056,2024
synthetic,True,resale,214000,109,apartment,2.0,2.0,7.0,7.0,2016.0,larnaka,Drosia,34.923626,33.638884,1.686,1.423,True,False,False,False,True,False,2024-09-02,9,1963.302752293578,1832
synthetic,True,resale,536000,166,house,5.0,3.0,,2.0,2007.0,lemesos,Germasogeia,34.715233,33.084049,7.231,5.026,True,False,True,False,True,False,2026-04-04,18,3228.9156626506024,2929
synthetic,True,resale,703000,193,house,3.0,3.0,,1.0,2022.0,lemesos,Agios Tychonas,34.700318,33.081138,5.919,3.755,True,False,False,True,True,True,2025-11-18,3,3642.4870466321245,3788
synthetic,True,resale,225000,126,house,3.0,2.0,,2.0,2006.0,lefkosia,Lakatamia,35.128857,33.319092,67.262,8.534,True,False,True,True,True,False,2025-08-03,19,1785.7142857142858,1517
synthetic,True,resale,103000,72,apartment,3.0,1.0,1.0,2.0,2009.0,larnaka,Aradippou,34.94332,33.580591,6.78,4.507,True,False,False,False,True,False,2025-11-04,16,1430.5555555555557,1333
synthetic,True,resale,200000,55,apartment,2.0,2.0,6.0,9.0,2015.0,lemesos,Germasogeia,34.718317,33.074994,7.493,4.783,True,False,True,False,True,False,2026-01-24,10,3636.3636363636365,2929
synthetic,True,resale,1677000,647,villa,3.0,2.0,,2.0,2023.0,lefkosia,Engomi,35.182549,33.340895,54.651,3.778,True,False,False,True,False,False,2024-05-06,2,2591.9629057187017,2024
synthetic,True,resale,93000,78,apartment,4.0,2.0,4.0,4.0,2010.0,lemesos,Zakaki,34.694241,33.032883,3.794,1.814,True,False,False,False,False,False,2026-04-14,15,1192.3076923076924,1611
synthetic,True,resale,557000,183,apartment,2.0,1.0,5.0,6.0,2018.0,lemesos,Mouttagiaka,34.709337,33.071095,5.949,3.76,False,False,False,False,True,True,2025-02-11,7,3043.7158469945357,3193
synthetic,True,new_build,303000,212,house,4.0,2.0,,1.0,1990.0,lefkosia,Lakatamia,35.131998,33.32214,60.269,8.089,True,False,False,False,True,False,2025-02-08,35,1429.245283018868,1517
synthetic,True,new_build,215000,77,apartment,2.0,1.0,1.0,1.0,1994.0,pafos,Kato Paphos,34.754563,32.421007,0.955,2.345,False,True,False,False,False,True,2025-06-29,31,2792.2077922077924,2730
synthetic,True,resale,340000,256,house,4.0,3.0,,1.0,2016.0,lemesos,Kato Polemidia,34.695679,33.000719,5.289,4.434,True,False,False,True,True,False,2025-01-09,9,1328.125,1493
synthetic,True,resale,163000,58,apartment,2.0,2.0,7.0,8.0,2001.0,lemesos,Pyrgos,34.717371,33.09702,8.185,6.052,True,False,False,False,False,True,2025-04-25,24,2810.344827586207,2440
synthetic,True,resale,325000,193,apartment,1.0,1.0,7.0,7.0,2014.0,lemesos,Zakaki,34.691558,33.02907,3.501,1.89,True,False,False,False,True,False,2025-04-29,11,1683.937823834197,1611
synthetic,True,resale,463000,156,apartment,2.0,2.0,4.0,7.0,2008.0,lemesos,Mouttagiaka,34.716166,33.07073,7.112,4.373,True,False,True,False,False,True,2025-05-29,17,2967.948717948718,3193
synthetic,True,resale,2148000,594,villa,4.0,3.0,,2.0,2012.0,lemesos,Germasogeia,34.719718,33.077293,7.624,5.029,True,False,True,True,True,False,2025-12-03,13,3616.161616161616,2929
synthetic,True,resale,364000,113,apartment,2.0,1.0,5.0,5.0,2022.0,lemesos,Mouttagiaka,34.710734,33.079362,6.823,4.368,False,False,False,False,False,True,2025-10-12,3,3221.238938053097,3193
synthetic,True,resale,139000,62,apartment,2.0,2.0,7.0,9.0,2021.0,lemesos,Agía Zóni,34.675821,33.042682,1.742,0.797,True,False,False,False,True,False,2025-10-01,4,2241.935483870968,2652
synthetic,True,resale,142000,68,apartment,2.0,2.0,2.0,4.0,2016.0,lefkosia,Engomi,35.175854,33.344604,50.831,3.593,True,False,False,False,True,False,2024-09-10,9,2088.235294117647,2024
synthetic,True,resale,228000,88,apartment,3.0,2.0,7.0,8.0,2025.0,larnaka,Finikoudes,34.924122,33.645992,1.268,2.073,True,True,False,False,True,False,2025-05-30,0,2590.909090909091,2276
synthetic,True,resale,1106000,280,villa,4.0,4.0,,2.0,2020.0,lemesos,Mouttagiaka,34.715461,33.074629,6.893,4.501,False,False,False,True,True,True,2025-04-17,5,3950.0,3193
synthetic,True,new_build,282000,136,apartment,3.0,1.0,4.0,5.0,2024.0,lefkosia,Strovolos,35.133129,33.35635,59.154,6.293,True,False,False,False,True,False,2025-08-23,1,2073.529411764706,1771
synthetic,True,resale,393000,115,house,5.0,2.0,,1.0,2007.0,lemesos,Mouttagiaka,34.706334,33.086316,6.764,4.523,True,False,False,True,True,True,2024-10-15,18,3417.391304347826,3193
synthetic,True,resale,92000,46,apartment,2.0,2.0,7.0,10.0,2022.0,lefkosia,Strovolos,35.14967,33.341978,54.517,5.422,True,False,False,False,True,False,2025-02-23,3,2000.0,1771
synthetic,True,resale,228000,104,apartment,2.0,2.0,4.0,5.0,2024.0,larnaka,Finikoudes,34.928488,33.645959,2.204,2.157,True,True,False,False,False,False,2025-10-22,1,2192.3076923076924,2276
synthetic,True,resale,340000,117,apartment,2.0,1.0,5.0,8.0,2024.0,pafos,Kato Paphos,34.769117,32.425823,2.197,0.727,True,True,False,False,True,True,2026-02-17,1,2905.982905982906,2730
synthetic,True,resale,429000,214,house,4.0,3.0,,1.0,2015.0,lemesos,Potamos Germasogeias,34.697702,33.06753,5.028,2.582,True,False,True,False,False,False,2025-04-22,10,2004.6728971962616,2204
synthetic,True,resale,403000,200,apartment,3.0,2.0,2.0,3.0,1998.0,larnaka,Finikoudes,34.925258,33.646712,1.547,2.15,True,True,False,False,False,False,2025-05-22,27,2015.0,2276
synthetic,True,new_build,1173000,255,villa,6.0,3.0,,2.0,2021.0,lemesos,Agía Zóni,34.673579,33.040316,1.816,1.118,True,True,True,True,True,False,2026-01-03,4,4600.0,2652
synthetic,True,resale,102000,49,apartment,3.0,1.0,7.0,7.0,2017.0,lefkosia,Nicosia Old Town,35.18121,33.381227,57.242,0.498,True,False,True,False,True,False,2025-07-30,8,2081.6326530612246,1660
synthetic,True,resale,481000,206,house,4.0,2.0,,2.0,2017.0,pafos,Chloraka,34.779392,32.423689,3.051,0.434,True,False,False,True,True,False,2025-09-03,8,2334.9514563106795,1903
synthetic,True,resale,296000,130,apartment,4.0,2.0,2.0,3.0,1985.0,lemesos,Germasogeia,34.702497,33.081907,6.294,3.947,True,False,True,False,False,False,2026-02-09,40,2276.923076923077,2929
synthetic,True,resale,559000,288,house,4.0,2.0,,2.0,2016.0,lefkosia,Strovolos,35.150712,33.341733,58.269,5.352,False,False,False,True,True,False,2024-09-06,9,1940.9722222222222,1771
synthetic,True,resale,261000,505,land,,,,,,lefkosia,Lakatamia,35.122798,33.332492,52.984,8.323,False,False,False,False,True,False,2025-10-27,20,516.8316831683169,1517
synthetic,True,resale,736000,218,villa,5.0,4.0,,2.0,2010.0,pafos,Kato Paphos,34.760632,32.41366,0.586,1.909,False,True,False,True,True,True,2024-12-10,15,3376.146788990826,2730
synthetic,True,resale,338000,184,house,4.0,2.0,,1.0,1994.0,lemesos,Mesa Geitonia,34.688907,33.053199,3.316,0.962,True,False,True,True,True,False,2025-05-18,31,1836.9565217391305,1927
synthetic,True,new_build,825000,275,house,5.0,3.0,,2.0,2020.0,lemesos,Agía Zóni,34.674278,33.043431,1.634,0.932,False,True,False,False,False,False,2026-01-17,5,3000.0,2652
synthetic,True,new_build,363000,180,apartment,3.0,1.0,2.0,3.0,2014.0,lemesos,Kato Polemidia,34.690873,33.02306,4.08,2.337,True,False,False,False,True,False,2024-04-28,11,2016.6666666666667,1493
synthetic,True,new_build,369000,122,house,4.0,2.0,,2.0,1998.0,lemesos,Mouttagiaka,34.719913,33.081172,7.749,5.253,True,False,False,False,True,True,2026-04-08,27,3024.590163934426,3193
synthetic,True,resale,461000,192,apartment,3.0,1.0,7.0,9.0,2016.0,lemesos,Mesa Geitonia,34.684424,33.050895,2.886,0.474,True,False,True,False,True,False,2025-12-04,9,2401.0416666666665,1927
synthetic,True,resale,171000,79,apartment,2.0,1.0,4.0,4.0,1997.0,lemesos,Pyrgos,34.710715,33.099196,7.499,5.769,True,False,False,False,False,True,2024-09-05,28,2164.5569620253164,2440
synthetic,True,resale,385000,179,apartment,3.0,2.0,1.0,2.0,1970.0,lemesos,Mouttagiaka,34.714092,33.087424,7.379,5.154,False,False,False,False,True,True,2024-05-12,55,2150.8379888268155,3193
synthetic,True,resale,494000,181,house,4.0,2.0,,2.0,2013.0,lemesos,Germasogeia,34.711046,33.067496,6.199,3.733,True,False,False,True,True,False,2024-04-22,12,2729.281767955801,2929
synthetic,True,resale,186000,134,house,3.0,2.0,,1.0,2011.0,lemesos,Zakaki,34.681833,33.031729,2.493,1.342,True,False,True,False,True,False,2024-05-22,14,1388.0597014925372,1611
synthetic,True,resale,301000,150,house,4.0,3.0,,2.0,2014.0,lemesos,Mesa Geitonia,34.681304,33.058293,3.166,1.093,True,False,False,True,True,False,2024-10-15,11,2006.6666666666667,1927
synthetic,True,resale,137000,109,house,4.0,2.0,,1.0,2020.0,larnaka,Drosia,34.928895,33.622355,2.574,0.672,True,False,False,False,False,False,2026-01-14,5,1256.880733944954,1832
synthetic,True,resale,848000,172,apartment,2.0,1.0,8.0,10.0,2022.0,lemesos,Agios Tychonas,34.711848,33.096448,7.745,5.633,False,True,False,False,True,True,2025-12-24,3,4930.232558139535,3788
synthetic,True,resale,1310000,1531,land,,,,,,larnaka,Drosia,34.922723,33.635532,1.567,1.115,False,True,False,False,True,False,2026-04-07,20,855.6499020248203,1832
synthetic,True,resale,142000,84,apartment,2.0,2.0,7.0,7.0,2022.0,lefkosia,Nicosia Old Town,35.183538,33.37629,64.954,0.592,True,False,False,False,True,False,2024-09-17,3,1690.4761904761904,1660
synthetic,True,new_build,330000,189,apartment,3.0,1.0,1.0,1.0,2012.0,larnaka,Drosia,34.921574,33.635459,0.84,1.118,True,False,False,False,True,False,2025-07-05,13,1746.031746031746,1832
synthetic,True,resale,241000,89,apartment,2.0,2.0,6.0,6.0,1976.0,lemesos,Mouttagiaka,34.713723,33.086567,7.332,5.069,True,False,False,False,True,True,2024-09-10,49,2707.8651685393256,3193
synthetic,True,new_build,169000,110,house,5.0,3.0,,1.0,1985.0,lefkosia,Strovolos,35.14957,33.361187,57.277,4.442,True,False,False,False,False,False,2026-01-04,40,1536.3636363636363,1771
synthetic,True,new_build,105000,65,apartment,2.0,1.0,7.0,8.0,1998.0,larnaka,Aradippou,34.945819,33.606405,5.017,2.978,True,False,True,False,True,False,2025-08-28,27,1615.3846153846155,1333
synthetic,True,resale,368000,111,apartment,3.0,1.0,5.0,5.0,2025.0,lemesos,Mouttagiaka,34.71732,33.086023,7.591,5.318,True,False,False,False,True,True,2025-05-28,0,3315.3153153153153,3193
synthetic,True,resale,303000,318,land,,,,,,lemesos,Potamos Germasogeias,34.695629,33.074639,4.912,2.977,True,False,False,False,True,False,2025-03-09,20,952.8301886792453,2204
synthetic,True,resale,397000,120,house,5.0,3.0,,1.0,1994.0,lemesos,Agios Tychonas,34.704986,33.09988,7.653,5.502,False,False,True,False,True,True,2024-09-21,31,3308.3333333333335,3788
synthetic,True,new_build,235000,83,apartment,4.0,1.0,6.0,9.0,2012.0,lefkosia,Engomi,35.172363,33.346134,66.226,3.601,True,False,True,False,True,False,2024-05-20,13,2831.3253012048194,2024
synthetic,True,resale,366000,148,apartment,3.0,1.0,3.0,4.0,2015.0,larnaka,Finikoudes,34.92572,33.646496,1.775,2.138,True,True,True,False,True,False,2025-05-01,10,2472.972972972973,2276
synthetic,True,resale,142000,79,apartment,4.0,2.0,3.0,3.0,1997.0,lefkosia,Engomi,35.177928,33.342593,56.187,3.708,True,False,False,False,True,False,2025-03-24,28,1797.4683544303798,2024
synthetic,True,resale,74000,50,apartment,3.0,1.0,3.0,4.0,2010.0,lefkosia,Strovolos,35.151253,33.343384,59.608,5.206,True,False,False,False,True,False,2025-10-26,15,1480.0,1771
synthetic,True,resale,56000,45,apartment,4.0,2.0,7.0,10.0,2015.0,larnaka,Aradippou,34.942903,33.584763,6.023,4.158,False,False,False,False,True,False,2025-07-17,10,1244.4444444444443,1333
synthetic,True,resale,252000,187,apartment,3.0,2.0,8.0,10.0,1970.0,lemesos,Potamos Germasogeias,34.707249,33.061853,5.361,3.113,True,False,True,False,True,False,2024-08-01,55,1347.5935828877004,2204
synthetic,True,resale,137000,94,apartment,1.0,1.0,1.0,3.0,2012.0,lemesos,Episkopi,34.662326,32.915674,11.405,12.159,False,False,False,False,True,False,2024-06-27,13,1457.4468085106382,1536
synthetic,True,new_build,221000,67,apartment,3.0,1.0,5.0,6.0,2007.0,lemesos,Germasogeia,34.717399,33.085953,7.933,5.32,True,False,False,False,True,False,2026-03-25,18,3298.507462686567,2929
synthetic,True,new_build,503000,195,house,3.0,3.0,,2.0,2011.0,lemesos,Agía Zóni,34.678127,33.049766,2.261,0.557,True,True,False,True,True,False,2025-05-14,14,2579.4871794871797,2652
synthetic,True,resale,883000,266,villa,4.0,4.0,,2.0,1980.0,pafos,Kato Paphos,34.76313,32.408011,1.078,2.013,True,True,True,True,True,True,2024-12-19,45,3319.5488721804513,2730
synthetic,True,resale,244000,229,house,4.0,3.0,,2.0,2007.0,lemesos,Ypsonas,34.704035,32.999214,6.051,4.945,True,False,False,True,True,False,2025-09-10,18,1065.5021834061135,1306
synthetic,True,resale,550000,258,house,4.0,3.0,,2.0,2015.0,lemesos,Agía Zóni,34.680839,33.044229,2.405,0.257,True,False,False,False,True,False,2024-11-22,10,2131.782945736434,2652
synthetic,True,resale,68000,54,apartment,2.0,1.0,1.0,2.0,2020.0,lefkosia,Lakatamia,35.131974,33.311161,57.263,8.797,True,False,False,False,False,False,2025-07-24,5,1259.2592592592594,1517
synthetic,True,new_build,159000,46,apartment,4.0,2.0,7.0,10.0,2016.0,lemesos,Germasogeia,34.708827,33.079779,6.617,4.244,True,False,False,False,True,False,2024-06-09,9,3456.521739130435,2929
synthetic,True,resale,239000,90,house,5.0,2.0,,2.0,2016.0,lemesos,Potamos Germasogeias,34.705398,33.072028,5.779,3.477,True,False,True,True,True,False,2024-09-30,9,2655.5555555555557,2204
synthetic,True,resale,410000,165,apartment,2.0,1.0,5.0,6.0,2024.0,larnaka,Drosia,34.920964,33.635174,1.19,1.104,True,False,False,False,True,False,2025-05-05,1,2484.848484848485,1832
synthetic,True,resale,319000,184,apartment,2.0,2.0,8.0,10.0,2006.0,lemesos,Polemidia,34.692161,33.025804,3.865,2.179,True,False,False,False,True,False,2024-08-27,19,1733.695652173913,1661
synthetic,True,new_build,141000,50,apartment,4.0,1.0,5.0,8.0,2013.0,pafos,Yeroskipou,34.768467,32.440082,3.001,1.656,True,True,False,False,True,False,2025-04-11,12,2820.0,1531
synthetic,True,new_build,229000,133,apartment,2.0,2.0,1.0,3.0,1988.0,lemesos,Polemidia,34.691985,33.02804,4.005,1.994,True,False,False,False,True,False,2024-11-27,37,1721.8045112781954,1661
synthetic,True,new_build,154000,94,house,4.0,2.0,,2.0,1997.0,lemesos,Mesa Geitonia,34.684264,33.049131,2.971,0.332,True,False,False,True,False,False,2025-01-26,28,1638.2978723404256,1927
synthetic,True,resale,293000,123,apartment,1.0,1.0,7.0,10.0,2023.0,lemesos,Pyrgos,34.723951,33.098305,8.972,6.631,False,False,False,False,True,True,2025-11-05,2,2382.1138211382113,2440
synthetic,True,new_build,1485000,2186,land,,,,,,pafos,Yeroskipou,34.762286,32.4409,3.021,2.125,False,False,False,False,True,False,2025-09-14,20,679.3229643183897,1531
synthetic,True,resale,332000,199,apartment,1.0,1.0,3.0,6.0,2011.0,larnaka,Aradippou,34.954702,33.583803,6.691,5.046,True,False,True,False,True,False,2026-01-23,14,1668.3417085427136,1333
synthetic,True,resale,207000,87,apartment,2.0,2.0,3.0,4.0,1991.0,pafos,Kato Paphos,34.762591,32.426125,1.669,1.447,False,False,False,False,True,True,2024-04-22,34,2379.310344827586,2730
synthetic,True,resale,857000,323,villa,5.0,3.0,,2.0,2020.0,lefkosia,Engomi,35.181191,33.342854,62.721,3.618,True,False,False,True,True,False,2025-01-09,5,2653.2507739938083,2024
synthetic,True,new_build,160000,120,house,3.0,3.0,,2.0,2017.0,larnaka,Aradippou,34.944398,33.58312,5.928,4.374,True,False,False,False,False,False,2024-05-27,8,1333.3333333333333,1333
synthetic,True,resale,193000,128,apartment,2.0,2.0,1.0,1.0,2009.0,lemesos,Zakaki,34.690675,33.027472,3.875,1.965,True,False,False,False,True,False,2026-03-21,16,1507.8125,1611
synthetic,True,new_build,126000,52,apartment,2.0,2.0,2.0,5.0,2000.0,lefkosia,Strovolos,35.132129,33.360657,50.944,6.263,True,False,True,False,True,False,2025-09-03,25,2423.076923076923,1771
synthetic,True,resale,1186000,442,villa,4.0,4.0,,2.0,2008.0,lemesos,Germasogeia,34.706522,33.07646,6.091,3.848,True,False,True,True,True,False,2025-04-03,17,2683.2579185520362,2929
synthetic,True,new_build,1379000,393,villa,4.0,3.0,,2.0,2024.0,lemesos,Mesa Geitonia,34.6836,33.052584,3.075,0.584,True,False,True,True,False,False,2026-01-06,1,3508.905852417303,1927
synthetic,True,resale,480000,237,house,3.0,2.0,,1.0,2017.0,larnaka,Drosia,34.921388,33.636645,1.433,1.228,True,False,False,True,True,False,2025-04-08,8,2025.3164556962026,1832
synthetic,True,new_build,898000,294,house,3.0,2.0,,2.0,2021.0,lefkosia,Engomi,35.169557,33.341708,69.84,4.098,True,False,False,True,True,False,2024-09-06,4,3054.421768707483,2024
synthetic,True,resale,120000,98,house,5.0,3.0,,1.0,2015.0,lemesos,Ypsonas,34.704235,33.006346,5.683,4.4,True,False,False,True,True,False,2026-02-03,10,1224.4897959183672,1306
synthetic,True,resale,220000,167,house,3.0,3.0,,1.0,1990.0,lemesos,Ypsonas,34.706486,32.993518,6.689,5.532,True,False,True,False,True,False,2025-06-06,35,1317.3652694610778,1306
synthetic,True,resale,198000,114,apartment,3.0,1.0,4.0,4.0,1989.0,lefkosia,Engomi,35.17824,33.350233,62.894,3.027,True,False,False,False,True,False,2024-05-02,36,1736.842105263158,2024
synthetic,True,resale,90000,54,apartment,1.0,1.0,2.0,2.0,2020.0,lemesos,Mesa Geitonia,34.691406,33.05762,3.683,1.441,True,False,False,False,False,False,2025-07-19,5,1666.6666666666667,1927
synthetic,True,resale,995000,1737,land,,,,,,lefkosia,Strovolos,35.131915,33.359465,59.495,6.32,False,False,False,False,True,False,2025-03-24,20,572.8267127230857,1771
synthetic,True,resale,121000,61,apartment,2.0,2.0,1.0,2.0,2015.0,lefkosia,Engomi,35.182199,33.352567,69.194,2.728,True,False,False,False,True,False,2025-03-04,10,1983.6065573770493,2024
synthetic,True,resale,279000,207,villa,4.0,4.0,,2.0,1975.0,lemesos,Ypsonas,34.702054,33.005317,6.085,4.351,False,False,True,True,True,False,2025-05-04,50,1347.8260869565217,1306
synthetic,True,resale,172000,105,apartment,2.0,1.0,8.0,9.0,2022.0,larnaka,Aradippou,34.953225,33.596251,6.116,4.177,True,False,True,False,True,False,2025-12-18,3,1638.095238095238,1333
synthetic,True,resale,187000,123,house,4.0,2.0,,2.0,2015.0,larnaka,Aradippou,34.954458,33.60758,5.659,3.79,True,False,False,True,True,False,2025-02-07,10,1520.3252032520325,1333
synthetic,True,resale,174000,69,apartment,1.0,1.0,6.0,7.0,2012.0,larnaka,Finikoudes,34.922715,33.644234,1.584,1.909,True,True,False,False,True,False,2025-05-30,13,2521.7391304347825,2276
synthetic,True,resale,473000,219,villa,6.0,3.0,,1.0,2019.0,lefkosia,Lakatamia,35.121454,33.323475,52.365,8.915,True,False,True,True,True,False,2025-07-27,6,2159.8173515981734,1517
synthetic,True,resale,201000,345,land,,,,,,pafos,Yeroskipou,34.769883,32.452496,4.458,2.668,False,False,False,False,True,False,2024-05-24,20,582.6086956521739,1531
synthetic,True,resale,150000,69,apartment,4.0,2.0,8.0,10.0,2018.0,lemesos,Mesa Geitonia,34.694887,33.057025,4.596,1.704,True,False,False,False,False,False,2025-05-17,7,2173.913043478261,1927
synthetic,True,resale,227000,140,apartment,3.0,2.0,1.0,1.0,2009.0,larnaka,Drosia,34.93185,33.623874,2.502,0.997,True,False,True,False,False,False,2026-03-11,16,1621.4285714285713,1832
synthetic,True,resale,424000,270,villa,5.0,3.0,,2.0,2015.0,lemesos,Mesa Geitonia,34.693919,33.046614,3.724,1.292,False,False,True,True,False,False,2025-12-21,10,1570.3703703703704,1927
synthetic,True,resale,821000,188,villa,4.0,3.0,,2.0,2006.0,lemesos,Mouttagiaka,34.718319,33.084369,7.647,5.3,True,False,True,True,True,True,2024-05-11,19,4367.021276595745,3193
synthetic,True,resale,276000,173,apartment,2.0,1.0,4.0,4.0,2022.0,pafos,Yeroskipou,34.762229,32.451628,3.978,2.915,False,False,False,False,True,False,2024-04-22,3,1595.3757225433526,1531
synthetic,True,resale,942000,501,villa,4.0,2.0,,2.0,2022.0,larnaka,Aradippou,34.944701,33.590518,5.838,3.848,True,False,False,True,True,False,2024-12-17,3,1880.2395209580839,1333
synthetic,True,resale,187000,59,apartment,4.0,1.0,8.0,8.0,2009.0,lemesos,Agía Zóni,34.673689,33.050389,2.173,1.025,False,True,True,False,True,False,2025-06-08,16,3169.491525423729,2652
synthetic,True,new_build,1591000,684,villa,6.0,3.0,,2.0,2019.0,lemesos,Polemidia,34.697342,33.02899,4.052,2.309,True,False,True,True,True,False,2026-01-07,6,2326.0233918128656,1661
synthetic,True,new_build,516000,273,house,3.0,3.0,,2.0,2014.0,lemesos,Zakaki,34.688324,33.015616,4.188,2.893,True,False,True,True,True,False,2025-11-29,11,1890.10989010989,1611
synthetic,True,resale,246000,132,apartment,1.0,1.0,8.0,8.0,2013.0,pafos,Chloraka,34.778236,32.417072,2.366,0.71,False,False,False,False,True,False,2024-04-21,12,1863.6363636363637,1903
synthetic,True,new_build,2953000,575,villa,4.0,3.0,,2.0,2009.0,lemesos,Mouttagiaka,34.708519,33.080092,6.274,4.241,True,True,True,False,True,True,2025-11-01,16,5135.652173913043,3193
synthetic,True,resale,131000,90,house,3.0,2.0,,2.0,1996.0,lemesos,Mesa Geitonia,34.687476,33.051548,3.377,0.744,False,False,False,True,True,False,2025-03-30,29,1455.5555555555557,1927
synthetic,True,resale,243000,89,apartment,2.0,2.0,6.0,7.0,2003.0,pafos,Kato Paphos,34.768568,32.424697,2.242,0.773,True,True,False,False,True,True,2025-09-12,22,2730.3370786516853,2730
synthetic,True,new_build,200000,104,apartment,1.0,1.0,7.0,8.0,2020.0,lemesos,Episkopi,34.673961,32.905824,12.184,12.888,True,False,False,False,False,False,2024-04-29,5,1923.076923076923,1536
synthetic,True,resale,235000,118,apartment,2.0,1.0,4.0,4.0,2014.0,lefkosia,Engomi,35.177929,33.341137,54.152,3.837,True,False,False,False,True,False,2024-10-01,11,1991.5254237288136,2024
synthetic,True,resale,236000,144,apartment,4.0,2.0,1.0,4.0,2022.0,lefkosia,Engomi,35.175478,33.351034,66.019,3.056,True,False,False,False,False,False,2025-06-22,3,1638.888888888889,2024
synthetic,True,resale,203000,81,apartment,2.0,1.0,4.0,4.0,2011.0,lemesos,Agios Tychonas,34.716478,33.085947,8.072,5.245,True,False,False,False,False,True,2026-01-08,14,2506.1728395061727,3788
synthetic,True,resale,557000,287,house,4.0,2.0,,1.0,2023.0,lefkosia,Strovolos,35.146855,33.361135,65.957,4.718,True,False,False,True,True,False,2025-06-14,2,1940.766550522648,1771
synthetic,True,resale,140000,56,apartment,2.0,2.0,3.0,5.0,2011.0,larnaka,Drosia,34.923699,33.63119,1.766,0.725,True,True,True,False,True,False,2024-07-24,14,2500.0,1832
synthetic,True,new_build,70000,56,apartment,2.0,2.0,4.0,4.0,2019.0,lemesos,Ypsonas,34.708345,32.996957,6.701,5.368,True,False,True,False,False,False,2024-12-28,6,1250.0,1306
synthetic,True,resale,68000,61,apartment,2.0,2.0,1.0,1.0,1977.0,lemesos,Zakaki,34.694206,33.01909,4.417,2.826,True,True,False,False,True,False,2025-01-11,48,1114.7540983606557,1611
synthetic,True,new_build,250000,163,house,3.0,3.0,,2.0,1975.0,lefkosia,Strovolos,35.147271,33.353947,60.282,4.981,True,False,False,False,True,False,2025-06-26,50,1533.7423312883436,1771
synthetic,True,new_build,260000,159,apartment,3.0,1.0,6.0,7.0,2015.0,lemesos,Kato Polemidia,34.689079,33.010883,4.038,3.334,True,False,False,False,True,False,2024-10-20,10,1635.2201257861636,1493
synthetic,True,resale,132000,92,apartment,3.0,1.0,7.0,8.0,1982.0,pafos,Chloraka,34.785566,32.406138,3.444,1.986,True,False,False,False,True,False,2025-06-13,43,1434.7826086956522,1903
synthetic,True,resale,80000,50,apartment,3.0,2.0,2.0,2.0,1980.0,lefkosia,Engomi,35.174897,33.345259,69.935,3.571,True,False,False,False,True,False,2025-02-26,45,1600.0,2024
synthetic,True,resale,249000,101,apartment,1.0,1.0,7.0,9.0,2014.0,lemesos,Germasogeia,34.71828,33.068063,6.966,4.464,True,False,False,False,False,False,2025-08-31,11,2465.3465346534654,2929
synthetic,True,resale,655000,231,villa,4.0,3.0,,2.0,2015.0,lemesos,Mesa Geitonia,34.68624,33.054302,3.367,0.845,True,False,True,True,False,False,2024-09-19,10,2835.4978354978357,1927
synthetic,True,new_build,386000,251,house,4.0,3.0,,1.0,1988.0,lemesos,Zakaki,34.681359,33.020904,2.709,2.334,False,False,True,True,True,False,2024-10-12,37,1537.8486055776893,1611
synthetic,True,new_build,3114000,682,villa,6.0,3.0,,1.0,2016.0,lemesos,Germasogeia,34.711949,33.0701,6.409,3.945,False,True,False,False,True,False,2025-07-17,9,4565.982404692082,2929
synthetic,True,resale,5000000,3638,land,,,,,,lemesos,Agía Zóni,34.674772,33.052837,2.431,1.023,True,True,False,False,True,False,2025-12-01,20,1374.3815283122594,2652
synthetic,True,resale,953000,389,villa,5.0,2.0,,1.0,2017.0,lefkosia,Strovolos,35.154867,33.352206,66.603,4.377,False,False,True,True,True,False,2025-09-26,8,2449.8714652956296,1771
synthetic,True,resale,352000,127,house,4.0,2.0,,1.0,2006.0,lemesos,Germasogeia,34.714911,33.084225,6.944,5.011,True,False,False,False,True,False,2025-03-14,19,2771.6535433070867,2929
synthetic,True,resale,130000,70,apartment,3.0,1.0,7.0,7.0,2009.0,lefkosia,Strovolos,35.143689,33.361205,57.186,5.039,True,False,False,False,True,False,2024-10-07,16,1857.142857142857,1771
synthetic,True,resale,152000,117,apartment,2.0,2.0,1.0,4.0,2018.0,lefkosia,Lakatamia,35.122044,33.310954,65.488,9.593,True,False,True,False,False,False,2024-07-20,7,1299.145299145299,1517
synthetic,True,resale,85000,53,apartment,2.0,2.0,8.0,11.0,1996.0,lefkosia,Nicosia Old Town,35.179808,33.370716,52.833,1.234,True,False,False,False,True,False,2025-03-10,29,1603.7735849056603,1660
synthetic,True,resale,87000,81,apartment,4.0,2.0,3.0,6.0,1986.0,pafos,Yeroskipou,34.763342,32.45575,4.711,3.191,True,False,False,False,False,False,2025-03-01,39,1074.0740740740741,1531
synthetic,True,resale,272000,142,house,3.0,2.0,,2.0,2005.0,larnaka,Drosia,34.931792,33.628261,2.627,1.087,False,True,False,False,False,False,2025-05-01,20,1915.4929577464789,1832
synthetic,True,resale,64000,64,apartment,2.0,1.0,6.0,6.0,1994.0,lemesos,Polemidia,34.690508,33.018025,3.935,2.75,False,False,False,False,False,False,2026-03-28,31,1000.0,1661
synthetic,True,resale,796000,292,house,4.0,2.0,,2.0,2015.0,lemesos,Mouttagiaka,34.709322,33.072988,6.703,3.865,False,False,False,False,True,True,2026-01-28,10,2726.027397260274,3193
synthetic,True,resale,1492000,442,villa,5.0,4.0,,1.0,1994.0,lemesos,Agía Zóni,34.684041,33.046253,2.787,0.194,True,False,True,True,True,False,2026-03-02,31,3375.5656108597286,2652
synthetic,True,resale,148000,79,apartment,3.0,2.0,8.0,11.0,2020.0,larnaka,Drosia,34.924661,33.639468,1.653,1.487,False,False,False,False,True,False,2024-11-25,5,1873.4177215189873,1832
synthetic,True,resale,115000,47,apartment,2.0,1.0,5.0,7.0,2014.0,larnaka,Finikoudes,34.92647,33.632565,1.875,0.933,True,True,False,False,True,False,2024-11-23,11,2446.808510638298,2276
synthetic,True,resale,602000,294,villa,4.0,2.0,,2.0,2008.0,lemesos,Zakaki,34.686701,33.029459,3.071,1.624,True,False,False,True,True,False,2025-07-25,17,2047.6190476190477,1611
synthetic,True,resale,303000,148,apartment,4.0,2.0,8.0,10.0,1998.0,lefkosia,Engomi,35.181924,33.338335,57.754,4.016,True,False,False,False,False,False,2025-01-08,27,2047.2972972972973,2024
synthetic,True,resale,264000,159,house,3.0,3.0,,1.0,2021.0,lemesos,Mesa Geitonia,34.680427,33.040503,2.402,0.578,True,False,False,False,False,False,2025-12-02,4,1660.377358490566,1927
synthetic,True,resale,196000,146,apartment,4.0,1.0,4.0,5.0,1995.0,lemesos,Ypsonas,34.709105,32.994347,6.425,5.615,True,False,True,False,True,False,2024-10-24,30,1342.4657534246576,1306
synthetic,True,new_build,508000,179,apartment,3.0,2.0,7.0,7.0,2025.0,lemesos,Mesa Geitonia,34.686897,33.054461,3.248,0.897,True,False,True,False,True,False,2025-09-09,0,2837.9888268156424,1927
synthetic,True,resale,831000,392,villa,4.0,2.0,,2.0,2005.0,larnaka,Drosia,34.928058,33.629615,2.409,0.813,True,False,True,True,False,False,2025-10-10,20,2119.8979591836733,1832
synthetic,True,resale,169000,97,apartment,4.0,2.0,6.0,6.0,2002.0,lemesos,Potamos Germasogeias,34.709977,33.065421,5.986,3.535,False,True,False,False,False,False,2025-03-25,23,1742.2680412371135,2204
synthetic,True,new_build,459000,113,apartment,2.0,2.0,3.0,3.0,2012.0,lemesos,Mouttagiaka,34.715339,33.084532,6.922,5.065,False,False,False,False,True,True,2024-11-30,13,4061.9469026548672,3193
synthetic,True,resale,336000,141,apartment,2.0,1.0,6.0,7.0,2025.0,lemesos,Mesa Geitonia,34.687322,33.051359,3.046,0.719,True,False,False,False,True,False,2024-05-19,0,2382.978723404255,1927
synthetic,True,resale,162000,104,apartment,2.0,1.0,5.0,7.0,1998.0,larnaka,Aradippou,34.952988,33.580995,7.456,5.105,True,False,False,False,True,False,2025-03-07,27,1557.6923076923076,1333
synthetic,True,resale,1171000,280,house,4.0,2.0,,1.0,2017.0,lemesos,Mouttagiaka,34.718611,33.075002,6.996,4.81,True,True,True,False,False,True,2025-09-28,8,4182.142857142857,3193
synthetic,True,resale,151000,83,apartment,3.0,2.0,8.0,8.0,2019.0,lemesos,Mesa Geitonia,34.682602,33.047277,2.843,0.087,False,False,False,False,True,False,2024-05-20,6,1819.2771084337348,1927
synthetic,True,resale,167000,127,apartment,2.0,2.0,2.0,2.0,2013.0,lefkosia,Lakatamia,35.129983,33.325634,53.658,8.049,True,False,False,False,False,False,2025-09-09,12,1314.9606299212599,1517
synthetic,True,resale,393000,753,land,,,,,,pafos,Yeroskipou,34.76175,32.446789,3.322,2.575,False,False,False,False,False,False,2025-05-07,20,521.9123505976096,1531
synthetic,True,resale,277000,118,apartment,2.0,1.0,5.0,8.0,2022.0,lemesos,Potamos Germasogeias,34.704285,33.071385,5.587,3.346,True,False,False,False,True,False,2025-07-09,3,2347.4576271186443,2204
synthetic,True,resale,150000,111,house,4.0,3.0,,1.0,2025.0,lefkosia,Lakatamia,35.126296,33.315675,62.475,8.954,True,False,True,False,True,False,2024-08-01,0,1351.3513513513512,1517
synthetic,True,new_build,169000,80,apartment,1.0,1.0,2.0,4.0,2023.0,lemesos,Mesa Geitonia,34.69464,33.050497,3.917,1.422,False,False,True,False,True,False,2024-10-16,2,2112.5,1927
synthetic,True,resale,214000,164,apartment,3.0,1.0,4.0,5.0,2024.0,lemesos,Ypsonas,34.713363,33.008491,6.707,4.893,True,False,False,False,False,False,2024-09-02,1,1304.878048780488,1306
synthetic,True,resale,81000,62,apartment,2.0,2.0,8.0,11.0,2011.0,lemesos,Polemidia,34.691332,33.009476,4.404,3.522,False,False,False,False,False,False,2025-07-12,14,1306.4516129032259,1661
synthetic,True,resale,525000,296,house,4.0,3.0,,1.0,2009.0,lefkosia,Strovolos,35.151375,33.33855,66.171,5.504,True,False,True,False,False,False,2025-10-10,16,1773.6486486486488,1771
synthetic,True,resale,568000,328,villa,4.0,4.0,,2.0,2017.0,lemesos,Zakaki,34.69294,33.0264,3.949,2.178,False,False,True,True,False,False,2026-02-06,8,1731.7073170731708,1611
synthetic,True,new_build,276000,157,house,3.0,3.0,,2.0,2005.0,lefkosia,Strovolos,35.151126,33.346721,67.729,5.015,True,False,False,False,False,False,2024-06-08,20,1757.9617834394905,1771
synthetic,True,resale,591000,258,villa,6.0,4.0,,2.0,2020.0,lemesos,Potamos Germasogeias,34.708165,33.067404,5.675,3.458,True,False,False,True,False,False,2026-03-03,5,2290.6976744186045,2204
synthetic,True,resale,894000,440,villa,5.0,3.0,,2.0,1994.0,lefkosia,Lakatamia,35.13993,33.324691,50.479,7.295,True,False,False,True,True,False,2025-02-27,31,2031.8181818181818,1517
synthetic,True,resale,1269000,966,land,,,,,,lemesos,Agios Tychonas,34.71645,33.084954,7.408,5.181,True,False,False,False,True,True,2026-02-12,20,1313.6645962732919,3788
synthetic,True,resale,82000,56,apartment,1.0,1.0,4.0,4.0,2014.0,larnaka,Drosia,34.92245,33.62235,2.311,0.1,True,False,False,False,True,False,2024-05-05,11,1464.2857142857142,1832
synthetic,True,resale,392000,571,land,,,,,,lemesos,Germasogeia,34.718191,33.073665,7.147,4.705,False,False,False,False,False,False,2025-11-12,20,686.5148861646235,2929
synthetic,True,resale,187000,124,house,5.0,2.0,,2.0,2003.0,lemesos,Zakaki,34.684911,33.025525,3.382,1.931,True,False,False,False,False,False,2024-06-06,22,1508.0645161290322,1611
synthetic,True,resale,186000,129,apartment,2.0,2.0,7.0,7.0,2006.0,lefkosia,Strovolos,35.131025,33.339287,60.266,7.219,True,False,False,False,True,False,2025-11-26,19,1441.860465116279,1771
synthetic,True,resale,320000,178,house,4.0,2.0,,1.0,2022.0,lefkosia,Engomi,35.168698,33.358184,50.535,2.887,True,False,False,True,True,False,2024-11-26,3,1797.752808988764,2024
synthetic,True,resale,87000,71,apartment,3.0,1.0,8.0,11.0,1973.0,lemesos,Ypsonas,34.704258,33.004161,5.982,4.569,True,False,False,False,True,False,2025-07-17,52,1225.3521126760563,1306
synthetic,True,resale,116000,99,apartment,2.0,2.0,1.0,2.0,2010.0,pafos,Yeroskipou,34.761969,32.444937,2.96,2.426,True,False,False,False,True,False,2025-03-04,15,1171.7171717171718,1531
synthetic,True,resale,955000,440,villa,3.0,4.0,,2.0,2007.0,lemesos,Polemidia,34.702256,33.028711,4.828,2.746,True,False,True,True,True,False,2024-06-04,18,2170.4545454545455,1661
synthetic,True,resale,2127000,3795,land,,,,,,lemesos,Mesa Geitonia,34.68987,33.053987,3.692,1.091,True,False,False,False,False,False,2025-03-31,20,560.4743083003953,1927
synthetic,True,resale,315000,258,house,3.0,3.0,,2.0,2016.0,larnaka,Drosia,34.931489,33.62187,3.121,0.964,False,False,False,False,True,False,2024-10-02,9,1220.9302325581396,1832
synthetic,True,resale,501000,695,land,,,,,,lemesos,Potamos Germasogeias,34.695501,33.062436,4.459,2.075,True,False,False,False,True,False,2025-09-04,20,720.863309352518,2204
synthetic,True,resale,210000,82,apartment,4.0,1.0,4.0,6.0,2024.0,pafos,Kato Paphos,34.754681,32.428012,1.347,2.342,True,True,False,False,True,True,2026-04-06,1,2560.9756097560976,2730
synthetic,True,resale,442000,219,house,5.0,3.0,,1.0,2015.0,lemesos,Germasogeia,34.703712,33.069659,5.587,3.192,True,False,False,True,False,False,2024-09-29,10,2018.2648401826484,2929
synthetic,True,resale,162000,118,apartment,4.0,2.0,7.0,8.0,2015.0,lemesos,Polemidia,34.699141,33.009219,5.148,3.881,True,False,False,False,False,False,2025-03-23,10,1372.8813559322034,1661
synthetic,True,new_build,142000,63,apartment,4.0,1.0,3.0,4.0,2020.0,lefkosia,Strovolos,35.143888,33.351568,57.501,5.414,True,False,False,False,True,False,2024-12-22,5,2253.968253968254,1771
synthetic,True,new_build,294000,166,house,4.0,3.0,,2.0,2020.0,lemesos,Kato Polemidia,34.689048,33.024531,3.493,2.136,True,False,False,True,False,False,2024-12-29,5,1771.0843373493976,1493
synthetic,True,resale,260000,191,apartment,2.0,2.0,5.0,6.0,2023.0,lemesos,Ypsonas,34.7133,32.996746,7.08,5.7,True,False,False,False,True,False,2025-06-20,2,1361.2565445026178,1306
synthetic,True,resale,126000,46,apartment,2.0,2.0,1.0,3.0,2016.0,lemesos,Mouttagiaka,34.711646,33.079118,6.921,4.427,True,False,False,False,False,True,2024-11-18,9,2739.1304347826085,3193
synthetic,True,resale,194000,127,apartment,1.0,1.0,2.0,2.0,2024.0,larnaka,Drosia,34.930653,33.624096,2.443,0.865,True,False,False,False,False,False,2024-06-13,1,1527.5590551181103,1832
synthetic,True,new_build,450000,194,house,3.0,2.0,,1.0,1990.0,lefkosia,Nicosia Old Town,35.181499,33.367961,61.972,1.381,True,False,True,True,False,False,2026-04-03,35,2319.5876288659792,1660
synthetic,True,resale,455000,216,villa,5.0,2.0,,2.0,1994.0,lefkosia,Engomi,35.170379,33.346832,61.753,3.641,True,False,False,True,True,False,2025-09-20,31,2106.4814814814813,2024
synthetic,True,resale,251000,466,land,,,,,,lemesos,Episkopi,34.665096,32.900665,12.768,13.464,False,False,False,False,False,False,2025-12-20,20,538.62660944206,1536
synthetic,True,resale,188000,135,apartment,2.0,2.0,8.0,8.0,2025.0,lemesos,Episkopi,34.671225,32.925259,10.82,11.146,True,False,False,False,False,False,2025-08-22,0,1392.5925925925926,1536
synthetic,True,resale,233000,140,apartment,2.0,1.0,8.0,10.0,2022.0,lefkosia,Nicosia Old Town,35.182976,33.365998,55.638,1.51,True,False,False,False,True,False,2025-12-22,3,1664.2857142857142,1660
synthetic,True,resale,90000,55,apartment,3.0,1.0,1.0,2.0,2008.0,lefkosia,Engomi,35.16917,33.355046,68.118,3.078,True,False,False,False,False,False,2026-02-19,17,1636.3636363636363,2024
synthetic,True,resale,1377000,613,villa,3.0,3.0,,1.0,1983.0,lemesos,Polemidia,34.691793,33.024277,3.798,2.282,True,False,True,False,True,False,2024-09-13,42,2246.3295269168025,1661
synthetic,True,resale,311000,164,house,3.0,3.0,,2.0,2025.0,lefkosia,Engomi,35.182396,33.34623,60.584,3.297,True,False,False,True,False,False,2025-03-23,0,1896.341463414634,2024
synthetic,True,resale,230000,121,apartment,3.0,1.0,7.0,9.0,2021.0,lefkosia,Strovolos,35.146262,33.349715,54.238,5.283,False,False,False,False,True,False,2026-03-24,4,1900.8264462809918,1771
synthetic,True,resale,739000,1490,land,,,,,,lefkosia,Nicosia Old Town,35.182975,33.360148,55.219,2.034,False,False,False,False,True,False,2025-11-02,20,495.9731543624161,1660
synthetic,True,resale,320000,724,land,,,,,,lemesos,Polemidia,34.702453,33.021441,5.098,3.198,False,False,False,False,False,False,2024-08-21,20,441.9889502762431,1661
synthetic,True,resale,377000,186,villa,6.0,3.0,,2.0,2007.0,lefkosia,Strovolos,35.130087,33.351338,63.074,6.784,True,False,True,True,True,False,2024-11-12,18,2026.8817204301076,1771
synthetic,True,resale,401000,133,apartment,2.0,2.0,6.0,9.0,2015.0,lemesos,Mouttagiaka,34.710038,33.08295,6.849,4.547,True,True,False,False,True,True,2024-09-09,10,3015.0375939849623,3193
synthetic,True,resale,222000,129,house,3.0,3.0,,1.0,2021.0,pafos,Chloraka,34.79042,32.419561,4.263,1.71,True,False,False,True,True,False,2025-06-30,4,1720.9302325581396,1903
synthetic,True,resale,94000,82,apartment,2.0,2.0,2.0,3.0,2020.0,lemesos,Ypsonas,34.714774,33.00857,6.494,5.0,True,False,False,False,True,False,2024-11-28,5,1146.341463414634,1306
synthetic,True,resale,148000,56,apartment,2.0,2.0,4.0,4.0,2008.0,lemesos,Agía Zóni,34.679608,33.041216,2.32,0.561,True,True,False,False,False,False,2024-09-29,17,2642.8571428571427,2652
synthetic,True,new_build,198000,63,apartment,2.0,1.0,3.0,4.0,1986.0,pafos,Kato Paphos,34.75582,32.420288,0.622,2.216,True,True,False,False,True,True,2024-06-24,39,3142.8571428571427,2730
synthetic,True,resale,380000,680,land,,,,,,lefkosia,Strovolos,35.147318,33.349879,59.65,5.177,False,False,False,False,True,False,2024-05-02,20,558.8235294117648,1771
synthetic,True,resale,140000,59,apartment,3.0,1.0,7.0,9.0,2007.0,lemesos,Potamos Germasogeias,34.695475,33.066752,4.787,2.368,False,False,False,False,True,False,2026-04-10,18,2372.8813559322034,2204
synthetic,True,resale,138000,65,apartment,3.0,1.0,1.0,3.0,2012.0,larnaka,Drosia,34.925996,33.63518,1.895,1.137,True,False,True,False,True,False,2024-06-28,13,2123.076923076923,1832
synthetic,True,new_build,1029000,430,villa,4.0,3.0,,1.0,2016.0,lefkosia,Strovolos,35.146038,33.343139,53.112,5.659,True,False,True,True,True,False,2025-10-31,9,2393.0232558139537,1771
synthetic,True,resale,770000,200,villa,6.0,2.0,,2.0,2018.0,lemesos,Germasogeia,34.718172,33.072096,6.758,4.629,True,False,True,True,True,False,2024-07-14,7,3850.0,2929
synthetic,True,resale,61000,52,apartment,2.0,2.0,2.0,5.0,1992.0,pafos,Yeroskipou,34.765593,32.458019,4.603,3.288,True,False,False,False,True,False,2025-03-02,33,1173.076923076923,1531
synthetic,True,resale,691000,415,villa,4.0,2.0,,1.0,2019.0,lemesos,Kato Polemidia,34.690062,33.006327,4.373,3.764,True,False,True,True,False,False,2025-03-28,6,1665.0602409638554,1493
synthetic,True,resale,250000,127,house,5.0,2.0,,2.0,2015.0,lefkosia,Strovolos,35.147597,33.342264,66.06,5.577,True,False,False,True,True,False,2025-03-04,10,1968.5039370078741,1771
synthetic,True,new_build,537000,220,house,3.0,3.0,,1.0,2023.0,larnaka,Drosia,34.924268,33.623368,2.185,0.152,True,False,True,True,True,False,2024-08-08,2,2440.909090909091,1832
synthetic,True,resale,124000,48,apartment,4.0,2.0,4.0,5.0,2015.0,lemesos,Potamos Germasogeias,34.70502,33.073988,5.995,3.57,True,True,False,False,True,False,2025-10-22,10,2583.3333333333335,2204
synthetic,True,resale,245000,180,apartment,3.0,1.0,3.0,3.0,2005.0,larnaka,Finikoudes,34.91951,33.644305,1.231,1.952,False,False,False,False,False,False,2025-05-31,20,1361.111111111111,2276
synthetic,True,new_build,360000,188,house,4.0,3.0,,2.0,2025.0,lefkosia,Strovolos,35.146295,33.353228,63.222,5.107,False,False,False,False,True,False,2025-06-19,0,1914.8936170212767,1771
synthetic,True,resale,116000,67,apartment,2.0,2.0,3.0,5.0,2010.0,larnaka,Finikoudes,34.919061,33.630716,1.373,0.8,True,True,False,False,False,False,2025-08-18,15,1731.3432835820895,2276
synthetic,True,resale,176000,83,apartment,4.0,1.0,8.0,11.0,2012.0,lefkosia,Strovolos,35.143889,33.340482,61.027,5.997,False,False,False,False,True,False,2026-01-24,13,2120.4819277108436,1771
synthetic,True,resale,266000,210,house,3.0,2.0,,1.0,1971.0,lemesos,Ypsonas,34.701062,32.991613,6.123,5.426,False,False,True,True,True,False,2025-06-29,54,1266.6666666666667,1306
synthetic,True,resale,244000,166,house,3.0,2.0,,1.0,2023.0,lefkosia,Strovolos,35.139987,33.356774,59.121,5.577,True,False,False,False,False,False,2025-05-05,2,1469.879518072289,1771
synthetic,True,resale,661000,297,villa,3.0,3.0,,1.0,2019.0,lemesos,Polemidia,34.70062,33.023562,4.605,2.917,True,False,True,True,True,False,2024-08-03,6,2225.5892255892254,1661
synthetic,True,new_build,466000,149,house,3.0,3.0,,2.0,2025.0,lemesos,Pyrgos,34.713777,33.104825,7.968,6.386,True,True,False,False,False,True,2024-10-23,0,3127.51677852349,2440
synthetic,True,resale,489000,256,house,4.0,3.0,,2.0,2023.0,larnaka,Drosia,34.923451,33.638891,1.534,1.423,True,False,True,False,True,False,2025-08-13,2,1910.15625,1832
synthetic,True,new_build,148000,58,apartment,1.0,1.0,1.0,2.0,2005.0,pafos,Kato Paphos,34.762561,32.41686,1.114,1.583,True,False,False,False,True,True,2024-10-31,20,2551.7241379310344,2730
synthetic,True,resale,167000,90,apartment,3.0,2.0,8.0,8.0,1991.0,lemesos,Mesa Geitonia,34.688252,33.050659,3.321,0.768,True,False,False,False,True,False,2026-02-27,34,1855.5555555555557,1927
synthetic,True,resale,245000,111,apartment,1.0,1.0,3.0,4.0,2015.0,larnaka,Finikoudes,34.916919,33.64258,0.883,1.879,True,True,False,False,False,False,2024-09-19,10,2207.2072072072074,2276
synthetic,True,resale,427000,260,house,4.0,3.0,,2.0,2017.0,pafos,Chloraka,34.793406,32.420579,3.959,2.017,True,False,False,True,True,False,2024-11-12,8,1642.3076923076924,1903
synthetic,True,resale,207000,90,apartment,2.0,1.0,8.0,11.0,2019.0,lemesos,Agía Zóni,34.67963,33.043424,2.191,0.403,True,True,False,False,False,False,2024-06-06,6,2300.0,2652
synthetic,True,resale,485000,153,apartment,1.0,1.0,5.0,5.0,2000.0,lemesos,Agía Zóni,34.675626,33.043196,1.719,0.798,True,True,False,False,True,False,2026-02-17,25,3169.9346405228757,2652
synthetic,True,resale,156000,110,house,4.0,3.0,,2.0,2013.0,lefkosia,Strovolos,35.138706,33.346078,54.381,6.167,True,False,False,False,False,False,2026-03-06,12,1418.1818181818182,1771
synthetic,True,resale,270000,138,house,3.0,2.0,,2.0,2018.0,lemesos,Agía Zóni,34.684032,33.038368,2.683,0.759,True,False,False,True,False,False,2025-01-26,7,1956.5217391304348,2652
synthetic,True,resale,1439000,424,villa,4.0,2.0,,2.0,2011.0,lemesos,Germasogeia,34.719224,33.066482,7.176,4.498,True,True,True,False,True,False,2024-06-08,14,3393.867924528302,2929
synthetic,True,resale,1534000,2375,land,,,,,,lemesos,Kato Polemidia,34.698123,33.016432,4.741,3.256,True,False,False,False,False,False,2024-08-18,20,645.8947368421053,1493
synthetic,True,resale,1132000,476,villa,3.0,2.0,,2.0,1992.0,lefkosia,Engomi,35.170734,33.348277,55.65,3.506,True,False,True,True,True,False,2026-03-23,33,2378.1512605042017,2024
synthetic,True,resale,587000,248,house,4.0,2.0,,2.0,2006.0,lemesos,Germasogeia,34.705416,33.083221,6.276,4.235,True,False,False,False,False,False,2024-08-16,19,2366.935483870968,2929
synthetic,True,resale,157000,131,house,4.0,3.0,,2.0,2005.0,larnaka,Aradippou,34.940417,33.580347,6.666,4.373,False,False,False,True,False,False,2024-05-29,20,1198.473282442748,1333
synthetic,True,resale,184000,129,apartment,3.0,2.0,2.0,4.0,2006.0,lemesos,Polemidia,34.702488,33.007717,5.336,4.189,True,False,False,False,False,False,2024-10-15,19,1426.3565891472867,1661
synthetic,True,resale,669000,244,house,3.0,2.0,,2.0,2024.0,lemesos,Pyrgos,34.722781,33.101219,9.299,6.736,True,False,False,True,False,True,2024-06-02,1,2741.8032786885246,2440
synthetic,True,resale,589000,372,villa,6.0,3.0,,1.0,2012.0,lemesos,Ypsonas,34.709457,32.999021,6.721,5.28,True,False,True,True,True,False,2024-10-17,13,1583.3333333333333,1306
synthetic,True,resale,207000,193,apartment,2.0,2.0,5.0,8.0,1988.0,larnaka,Aradippou,34.948195,33.583777,6.645,4.571,False,False,True,False,True,False,2026-03-01,37,1072.538860103627,1333
synthetic,True,resale,618000,280,house,3.0,2.0,,2.0,2007.0,lemesos,Mesa Geitonia,34.694875,33.057089,3.911,1.706,True,False,False,True,True,False,2024-05-18,18,2207.1428571428573,1927
synthetic,True,resale,115000,69,apartment,3.0,1.0,7.0,7.0,2012.0,pafos,Chloraka,34.789458,32.414937,4.0,1.763,True,False,False,False,False,False,2025-12-17,13,1666.6666666666667,1903
synthetic,True,resale,245000,133,house,4.0,2.0,,2.0,2018.0,lemesos,Zakaki,34.687395,33.032482,2.851,1.393,True,False,True,True,True,False,2024-06-01,7,1842.1052631578948,1611
synthetic,True,resale,379000,114,house,5.0,2.0,,1.0,2021.0,lemesos,Agía Zóni,34.677063,33.049284,2.176,0.639,True,True,False,False,True,False,2025-11-27,4,3324.561403508772,2652
synthetic,True,resale,243000,103,apartment,2.0,1.0,8.0,9.0,1992.0,lemesos,Mouttagiaka,34.712223,33.075458,6.57,4.258,False,False,False,False,True,True,2026-04-02,33,2359.223300970874,3193
synthetic,True,resale,366000,126,apartment,2.0,2.0,2.0,4.0,2011.0,lemesos,Agía Zóni,34.674147,33.042377,1.809,0.978,True,True,False,False,True,False,2026-02-21,14,2904.7619047619046,2652
synthetic,True,resale,211000,68,apartment,3.0,2.0,2.0,4.0,1981.0,lemesos,Agios Tychonas,34.708986,33.104888,7.5,6.115,True,False,False,False,True,True,2024-10-23,44,3102.9411764705883,3788
synthetic,True,resale,120000,65,apartment,2.0,2.0,6.0,7.0,2025.0,lemesos,Kato Polemidia,34.694112,33.011802,4.706,3.425,True,False,False,False,False,False,2024-11-02,0,1846.1538461538462,1493
synthetic,True,resale,64000,50,apartment,3.0,1.0,5.0,5.0,1972.0,lefkosia,Nicosia Old Town,35.175412,33.37737,50.591,1.218,True,False,False,False,True,False,2024-12-04,53,1280.0,1660
synthetic,True,resale,214000,96,apartment,1.0,1.0,3.0,4.0,2016.0,lemesos,Potamos Germasogeias,34.709863,33.066754,5.866,3.586,True,False,False,False,True,False,2025-11-28,9,2229.1666666666665,2204
synthetic,True,resale,510000,346,villa,3.0,3.0,,2.0,2005.0,lemesos,Polemidia,34.69977,33.01176,4.889,3.715,False,False,True,True,False,False,2024-05-19,20,1473.9884393063585,1661
synthetic,True,new_build,210000,110,apartment,3.0,1.0,1.0,4.0,2024.0,lefkosia,Nicosia Old Town,35.177661,33.378347,68.72,0.953,True,False,False,False,True,False,2026-02-20,1,1909.090909090909,1660
synthetic,True,resale,1043000,245,house,4.0,2.0,,2.0,2024.0,lemesos,Agios Tychonas,34.717576,33.083285,7.728,5.173,True,False,True,True,True,True,2024-08-29,1,4257.142857142857,3788
synthetic,True,resale,141000,104,house,4.0,2.0,,2.0,2007.0,lemesos,Mesa Geitonia,34.688842,33.055137,3.666,1.08,False,False,True,False,False,False,2024-08-21,18,1355.7692307692307,1927
synthetic,True,resale,761000,200,house,4.0,2.0,,2.0,2014.0,lemesos,Germasogeia,34.703633,33.08439,6.316,4.206,True,False,False,True,True,False,2024-07-01,11,3805.0,2929
synthetic,True,new_build,315000,133,apartment,3.0,2.0,1.0,1.0,2024.0,lemesos,Potamos Germasogeias,34.702734,33.063674,5.367,2.767,True,True,False,False,True,False,2025-06-28,1,2368.4210526315787,2204
synthetic,True,resale,239000,188,apartment,2.0,1.0,6.0,9.0,2021.0,lemesos,Ypsonas,34.710923,33.006519,5.912,4.84,True,False,False,False,True,False,2024-11-19,4,1271.276595744681,1306
synthetic,True,new_build,216000,81,apartment,2.0,2.0,3.0,3.0,1992.0,lemesos,Germasogeia,34.707231,33.070847,6.05,3.561,True,False,False,False,True,False,2026-03-31,33,2666.6666666666665,2929
synthetic,True,resale,154000,107,apartment,4.0,2.0,7.0,10.0,2012.0,lemesos,Polemidia,34.704548,33.021545,5.556,3.359,False,False,False,False,True,False,2025-02-11,13,1439.252336448598,1661
synthetic,True,new_build,559000,181,house,5.0,3.0,,2.0,2011.0,lemesos,Pyrgos,34.723379,33.103037,9.176,6.904,True,False,False,True,True,True,2025-11-22,14,3088.3977900552486,2440
synthetic,True,resale,1330000,609,villa,4.0,4.0,,1.0,1993.0,lefkosia,Strovolos,35.153164,33.339695,57.275,5.292,True,False,True,True,True,False,2024-12-22,32,2183.9080459770116,1771
synthetic,True,resale,362000,183,apartment,2.0,1.0,4.0,5.0,1987.0,lefkosia,Engomi,35.181347,33.344064,51.234,3.507,True,False,False,False,True,False,2026-01-24,38,1978.1420765027322,2024
synthetic,True,resale,1349000,578,villa,4.0,4.0,,2.0,2007.0,lemesos,Agía Zóni,34.675417,33.038365,1.761,1.061,True,False,True,True,True,False,2024-10-02,18,2333.910034602076,2652
synthetic,True,resale,309000,198,house,5.0,2.0,,2.0,2018.0,lemesos,Kato Polemidia,34.686335,33.006038,4.151,3.718,True,False,False,True,False,False,2026-02-26,7,1560.6060606060605,1493
synthetic,True,resale,192000,148,house,5.0,3.0,,2.0,2015.0,lefkosia,Strovolos,35.15483,33.356598,68.323,4.143,False,False,False,True,False,False,2025-10-01,10,1297.2972972972973,1771
synthetic,True,resale,420000,313,villa,5.0,4.0,,2.0,2005.0,lemesos,Ypsonas,34.713297,32.990972,7.455,6.128,True,False,False,True,True,False,2025-04-05,20,1341.85303514377,1306
synthetic,True,resale,363000,192,house,4.0,2.0,,1.0,2009.0,lefkosia,Strovolos,35.152476,33.355544,57.654,4.414,True,False,False,True,True,False,2025-08-11,16,1890.625,1771
synthetic,True,resale,150000,64,apartment,3.0,1.0,1.0,2.0,2013.0,lefkosia,Engomi,35.171995,33.352151,56.278,3.13,False,False,False,False,True,False,2025-08-05,12,2343.75,2024
synthetic,True,resale,463000,197,villa,4.0,2.0,,1.0,2012.0,pafos,Chloraka,34.788874,32.422049,3.75,1.499,True,False,True,False,True,False,2025-04-28,13,2350.253807106599,1903
synthetic,True,resale,83000,52,apartment,2.0,1.0,3.0,6.0,1989.0,lemesos,Mesa Geitonia,34.686657,33.049516,3.3,0.562,True,False,False,False,True,False,2025-11-23,36,1596.1538461538462,1927
synthetic,True,resale,1296000,425,villa,3.0,4.0,,2.0,2023.0,pafos,Kato Paphos,34.755572,32.427463,1.665,2.237,False,True,True,True,False,True,2025-12-21,2,3049.4117647058824,2730
synthetic,True,resale,1842000,3392,land,,,,,,lefkosia,Engomi,35.173893,33.343333,63.936,3.773,False,False,False,False,False,False,2026-03-11,20,543.0424528301887,2024
synthetic,True,resale,766000,450,villa,4.0,3.0,,1.0,2003.0,larnaka,Drosia,34.930825,33.626504,2.116,0.928,False,False,True,True,False,False,2024-07-09,22,1702.2222222222222,1832
synthetic,True,resale,958000,1467,land,,,,,,lemesos,Episkopi,34.66597,32.915007,11.357,12.152,False,False,False,False,True,False,2026-03-31,20,653.0334014996591,1536
synthetic,True,resale,616000,184,apartment,4.0,2.0,5.0,8.0,2009.0,lemesos,Agía Zóni,34.677499,33.04878,1.965,0.577,True,True,False,False,True,False,2025-04-17,16,3347.8260869565215,2652
synthetic,True,resale,181000,144,house,4.0,2.0,,1.0,2005.0,lefkosia,Nicosia Old Town,35.182835,33.371624,68.765,1.018,True,False,False,True,False,False,2024-08-29,20,1256.9444444444443,1660
synthetic,True,resale,65000,79,apartment,2.0,2.0,5.0,7.0,1987.0,lemesos,Polemidia,34.701785,33.021014,5.015,3.175,True,False,False,False,False,False,2025-01-05,38,822.7848101265823,1661
synthetic,True,resale,175000,74,apartment,3.0,2.0,1.0,1.0,2012.0,lefkosia,Engomi,35.168766,33.339542,52.878,4.313,True,False,False,False,True,False,2024-08-02,13,2364.864864864865,2024
synthetic,True,resale,146000,115,apartment,1.0,1.0,6.0,7.0,2024.0,lemesos,Ypsonas,34.701304,33.009785,5.173,3.959,False,False,False,False,True,False,2025-01-21,1,1269.5652173913043,1306
synthetic,True,resale,273000,86,apartment,2.0,1.0,6.0,6.0,2006.0,lemesos,Germasogeia,34.719611,33.074432,7.246,4.876,True,False,False,False,True,False,2025-11-19,19,3174.4186046511627,2929
synthetic,True,new_build,246000,151,apartment,4.0,2.0,8.0,9.0,2017.0,lemesos,Zakaki,34.683676,33.03391,2.58,1.152,True,False,False,False,False,False,2025-03-23,8,1629.1390728476822,1611
synthetic,True,resale,190000,100,apartment,3.0,2.0,1.0,2.0,2020.0,larnaka,Finikoudes,34.923685,33.645155,1.585,1.994,False,True,False,False,True,False,2024-09-17,5,1900.0,2276
synthetic,True,resale,316000,141,house,4.0,2.0,,1.0,1992.0,pafos,Kato Paphos,34.767901,32.419978,1.561,0.925,False,False,True,True,True,True,2025-11-04,33,2241.1347517730496,2730
synthetic,True,resale,169000,105,apartment,2.0,1.0,4.0,5.0,2008.0,lemesos,Polemidia,34.693226,33.017529,4.194,2.906,True,False,False,False,True,False,2025-08-07,17,1609.5238095238096,1661
synthetic,True,resale,70000,84,apartment,1.0,1.0,8.0,10.0,2015.0,lemesos,Ypsonas,34.702809,33.006675,5.705,4.289,True,False,False,False,True,False,2025-04-29,10,833.3333333333334,1306
synthetic,True,resale,750000,410,villa,3.0,2.0,,2.0,2016.0,larnaka,Aradippou,34.942612,33.588821,5.856,3.832,False,False,True,True,True,False,2025-07-28,9,1829.2682926829268,1333
synthetic,True,resale,222000,124,house,3.0,2.0,,1.0,2017.0,lemesos,Ypsonas,34.710992,33.000393,6.776,5.279,True,False,True,True,True,False,2025-01-08,8,1790.3225806451612,1306
synthetic,True,resale,443000,244,house,3.0,2.0,,1.0,1988.0,lemesos,Mesa Geitonia,34.680644,33.043281,2.332,0.34,True,False,False,True,True,False,2024-08-10,37,1815.5737704918033,1927
synthetic,True,resale,116000,50,apartment,2.0,1.0,5.0,5.0,2021.0,lemesos,Germasogeia,34.710144,33.086867,7.089,4.824,True,False,False,False,False,False,2024-06-03,4,2320.0,2929
synthetic,True,resale,466000,199,house,3.0,3.0,,2.0,1981.0,lemesos,Mesa Geitonia,34.680039,33.045189,2.171,0.275,True,True,False,True,True,False,2026-04-07,44,2341.708542713568,1927
synthetic,True,resale,106000,72,apartment,2.0,1.0,4.0,5.0,1989.0,lemesos,Episkopi,34.666818,32.917848,11.375,11.881,True,False,True,False,True,False,2026-03-15,36,1472.2222222222222,1536
synthetic,True,new_build,374000,141,apartment,1.0,1.0,5.0,7.0,2022.0,lemesos,Agía Zóni,34.67286,33.045974,1.494,1.05,False,False,False,False,True,False,2024-06-07,3,2652.482269503546,2652
synthetic,True,new_build,143000,61,apartment,1.0,1.0,6.0,9.0,2018.0,lefkosia,Strovolos,35.147118,33.360561,60.848,4.713,True,False,False,False,True,False,2026-01-08,7,2344.2622950819673,1771
synthetic,True,resale,262000,89,apartment,3.0,1.0,5.0,7.0,2005.0,lemesos,Germasogeia,34.71799,33.08675,7.764,5.418,True,False,False,False,True,False,2024-06-24,20,2943.820224719101,2929
synthetic,True,resale,118000,80,apartment,3.0,1.0,4.0,6.0,2023.0,lefkosia,Strovolos,35.143891,33.356812,57.215,5.184,True,False,False,False,False,False,2024-08-02,2,1475.0,1771
synthetic,True,resale,233000,125,apartment,3.0,2.0,6.0,7.0,2016.0,lefkosia,Strovolos,35.143343,33.344398,63.547,5.827,True,False,False,False,True,False,2025-08-17,9,1864.0,1771
synthetic,True,new_build,410000,211,villa,3.0,4.0,,2.0,1997.0,larnaka,Aradippou,34.949462,33.581696,7.059,4.807,False,False,True,True,True,False,2026-03-13,28,1943.1279620853081,1333
synthetic,True,resale,305000,103,apartment,4.0,1.0,2.0,2.0,2003.0,lemesos,Germasogeia,34.714332,33.083505,7.42,4.919,True,False,False,False,True,False,2025-06-12,22,2961.1650485436894,2929
synthetic,True,resale,250000,164,apartment,3.0,1.0,5.0,8.0,2015.0,lemesos,Ypsonas,34.703565,32.992193,6.445,5.491,False,False,False,False,True,False,2024-11-23,10,1524.3902439024391,1306
synthetic,True,resale,477000,187,villa,4.0,4.0,,1.0,2012.0,lemesos,Potamos Germasogeias,34.700402,33.072081,5.213,3.093,False,False,False,True,False,False,2026-03-19,13,2550.8021390374333,2204
synthetic,True,resale,112000,82,apartment,2.0,1.0,2.0,4.0,1972.0,lefkosia,Engomi,35.184655,33.35789,54.772,2.221,True,False,False,False,True,False,2025-01-13,53,1365.8536585365853,2024
synthetic,True,resale,1111000,440,villa,4.0,3.0,,1.0,2007.0,larnaka,Drosia,34.922206,33.637166,1.788,1.267,True,True,True,True,True,False,2024-07-18,18,2525.0,1832
synthetic,True,resale,209000,368,land,,,,,,lemesos,Polemidia,34.697672,33.010671,5.005,3.687,False,False,False,False,True,False,2024-12-27,20,567.9347826086956,1661
synthetic,True,resale,179000,106,house,4.0,3.0,,1.0,2008.0,lefkosia,Lakatamia,35.136288,33.328811,59.053,7.329,True,False,True,False,True,False,2025-10-23,17,1688.6792452830189,1517
synthetic,True,resale,272000,157,apartment,3.0,1.0,4.0,4.0,2012.0,lemesos,Episkopi,34.668985,32.926014,10.393,11.108,True,False,False,False,True,False,2026-01-02,13,1732.4840764331211,1536
synthetic,True,resale,152000,140,house,5.0,2.0,,2.0,2021.0,lemesos,Ypsonas,34.710946,33.00071,6.77,5.253,False,False,False,False,True,False,2025-02-03,4,1085.7142857142858,1306
synthetic,True,resale,81000,57,apartment,3.0,1.0,1.0,1.0,1992.0,lefkosia,Nicosia Old Town,35.175358,33.374883,68.144,1.323,True,False,False,False,True,False,2026-02-11,33,1421.0526315789473,1660
synthetic,True,new_build,761000,181,house,4.0,3.0,,1.0,2024.0,lemesos,Mouttagiaka,34.708512,33.078106,6.429,4.111,True,False,False,True,True,True,2025-11-07,1,4204.419889502762,3193
synthetic,True,new_build,1876000,567,villa,5.0,2.0,,1.0,1996.0,lemesos,Agios Tychonas,34.718764,33.102334,8.351,6.526,True,False,True,True,False,True,2024-08-24,29,3308.641975308642,3788
synthetic,True,resale,146000,59,apartment,2.0,1.0,3.0,5.0,2015.0,pafos,Chloraka,34.779024,32.405602,2.544,1.734,False,True,True,False,True,False,2025-08-04,10,2474.576271186441,1903
synthetic,True,resale,147000,107,apartment,1.0,1.0,4.0,5.0,2009.0,lemesos,Ypsonas,34.704684,33.00446,5.796,4.571,True,False,False,False,True,False,2024-08-05,16,1373.8317757009345,1306
synthetic,True,new_build,138000,67,apartment,2.0,1.0,1.0,3.0,1987.0,larnaka,Finikoudes,34.923106,33.635737,1.443,1.134,True,True,False,False,True,False,2025-11-03,38,2059.7014925373132,2276
synthetic,True,resale,273000,171,house,4.0,3.0,,1.0,2007.0,lefkosia,Engomi,35.183807,33.348682,69.529,3.062,True,False,False,False,True,False,2025-08-01,18,1596.4912280701753,2024
synthetic,True,new_build,533000,226,house,3.0,2.0,,1.0,2019.0,lemesos,Polemidia,34.691618,33.006263,5.025,3.813,True,False,False,True,True,False,2026-03-16,6,2358.407079646018,1661
synthetic,True,resale,100000,54,apartment,3.0,2.0,5.0,8.0,1989.0,lemesos,Agía Zóni,34.677618,33.051605,2.054,0.705,False,False,False,False,False,False,2025-01-05,36,1851.851851851852,2652
synthetic,True,new_build,173000,60,apartment,2.0,2.0,4.0,7.0,1990.0,lemesos,Agios Tychonas,34.708736,33.089816,6.788,4.939,True,False,False,False,True,True,2025-06-11,35,2883.3333333333335,3788
synthetic,True,resale,249000,110,apartment,4.0,2.0,5.0,7.0,2021.0,larnaka,Finikoudes,34.925502,33.636676,1.461,1.253,True,True,True,False,False,False,2026-02-03,4,2263.6363636363635,2276
synthetic,True,resale,359000,178,apartment,4.0,1.0,7.0,10.0,2017.0,lemesos,Kato Polemidia,34.695312,33.019112,4.368,2.884,True,False,True,False,True,False,2024-07-03,8,2016.8539325842696,1493
synthetic,True,resale,1171000,283,villa,5.0,2.0,,2.0,2003.0,lemesos,Germasogeia,34.700858,33.071205,5.244,3.066,False,False,True,True,True,False,2025-03-01,22,4137.809187279152,2929
synthetic,True,new_build,83000,46,apartment,2.0,2.0,2.0,4.0,2009.0,lemesos,Episkopi,34.661355,32.910652,11.584,12.631,False,False,False,False,True,False,2025-03-13,16,1804.3478260869565,1536
synthetic,True,resale,356000,172,apartment,4.0,1.0,3.0,5.0,2024.0,lemesos,Potamos Germasogeias,34.708239,33.061272,5.672,3.189,True,False,False,False,True,False,2024-09-10,1,2069.767441860465,2204
synthetic,True,resale,234000,121,apartment,2.0,2.0,4.0,4.0,2024.0,lemesos,Zakaki,34.692593,33.028994,3.597,1.96,True,False,False,False,True,False,2024-09-15,1,1933.8842975206612,1611
synthetic,True,resale,258000,144,apartment,2.0,1.0,2.0,5.0,2025.0,lefkosia,Strovolos,35.130108,33.340892,59.654,7.228,False,False,False,False,True,False,2025-11-12,0,1791.6666666666667,1771
synthetic,True,resale,166000,77,apartment,3.0,2.0,2.0,2.0,2023.0,lemesos,Agía Zóni,34.677423,33.041503,1.923,0.703,True,False,False,False,True,False,2025-01-14,2,2155.844155844156,2652
synthetic,True,resale,68000,52,apartment,1.0,1.0,1.0,2.0,2014.0,lemesos,Potamos Germasogeias,34.706222,33.061498,5.73,2.997,True,False,False,False,False,False,2025-09-22,11,1307.6923076923076,2204
synthetic,True,resale,906000,574,villa,3.0,2.0,,2.0,2008.0,larnaka,Aradippou,34.950653,33.582817,7.114,4.811,True,False,True,True,True,False,2024-05-14,17,1578.397212543554,1333
synthetic,True,resale,179000,72,apartment,2.0,1.0,2.0,3.0,2002.0,lemesos,Agía Zóni,34.680632,33.042727,2.42,0.384,False,True,False,False,True,False,2025-08-02,23,2486.1111111111113,2652
synthetic,True,new_build,199000,99,apartment,3.0,1.0,6.0,7.0,2016.0,lemesos,Mesa Geitonia,34.680924,33.055794,3.017,0.872,True,False,False,False,False,False,2026-01-18,9,2010.1010101010102,1927
synthetic,True,new_build,178000,114,apartment,3.0,1.0,3.0,5.0,2003.0,lemesos,Mesa Geitonia,34.685196,33.050163,2.884,0.471,True,False,False,False,False,False,2025-08-14,22,1561.4035087719299,1927
synthetic,True,resale,129000,127,apartment,2.0,2.0,8.0,9.0,1998.0,larnaka,Drosia,34.92938,33.620329,2.769,0.77,False,False,True,False,False,False,2025-11-08,27,1015.7480314960629,1832
synthetic,True,resale,60000,46,apartment,4.0,2.0,3.0,3.0,1976.0,lefkosia,Engomi,35.177553,33.345198,54.595,3.489,True,False,False,False,True,False,2024-08-31,49,1304.3478260869565,2024
synthetic,True,resale,167000,118,apartment,3.0,1.0,7.0,9.0,1970.0,lefkosia,Strovolos,35.154463,33.348629,68.885,4.621,True,False,False,False,True,False,2024-08-19,55,1415.2542372881355,1771
synthetic,True,resale,134000,94,apartment,3.0,1.0,6.0,8.0,2023.0,lemesos,Kato Polemidia,34.690866,33.011265,3.994,3.351,True,False,False,False,False,False,2025-05-11,2,1425.531914893617,1493
synthetic,True,resale,317000,439,land,,,,,,lemesos,Agía Zóni,34.68241,33.045181,2.614,0.112,False,False,False,False,True,False,2024-07-31,20,722.0956719817767,2652
synthetic,True,resale,160000,103,apartment,2.0,2.0,4.0,6.0,2004.0,lefkosia,Lakatamia,35.120512,33.332909,63.43,8.517,True,False,False,False,True,False,2024-09-03,21,1553.3980582524273,1517
synthetic,True,resale,194000,90,apartment,1.0,1.0,3.0,5.0,1989.0,lemesos,Mouttagiaka,34.706015,33.074381,6.141,3.674,True,False,False,False,True,True,2024-06-06,36,2155.5555555555557,3193
synthetic,True,resale,116000,66,apartment,2.0,2.0,7.0,10.0,2010.0,lefkosia,Engomi,35.1776,33.351672,64.767,2.922,True,False,False,False,True,False,2025-06-01,15,1757.5757575757575,2024
synthetic,True,new_build,604000,132,house,3.0,2.0,,2.0,2019.0,lemesos,Agios Tychonas,34.719475,33.096503,8.231,6.17,True,False,True,True,False,True,2024-09-19,6,4575.757575757576,3788
synthetic,True,resale,223000,116,apartment,2.0,2.0,7.0,10.0,2015.0,lemesos,Germasogeia,34.716498,33.067636,7.095,4.27,True,False,False,False,False,False,2025-01-15,10,1922.4137931034484,2929
synthetic,True,resale,262000,131,apartment,2.0,2.0,2.0,3.0,2015.0,lemesos,Mesa Geitonia,34.687552,33.055048,3.477,0.983,True,False,False,False,True,False,2025-07-24,10,2000.0,1927
synthetic,True,new_build,358000,168,house,5.0,3.0,,2.0,1993.0,lefkosia,Engomi,35.173378,33.347957,65.31,3.404,True,False,False,False,True,False,2025-12-29,32,2130.9523809523807,2024
synthetic,True,new_build,235000,112,apartment,2.0,2.0,7.0,10.0,2017.0,lefkosia,Engomi,35.180509,33.348479,54.993,3.125,True,False,False,False,False,False,2025-01-25,8,2098.214285714286,2024
synthetic,True,new_build,539000,155,house,4.0,3.0,,1.0,2020.0,lemesos,Agía Zóni,34.67616,33.054202,2.107,0.987,True,False,False,False,True,False,2025-05-04,5,3477.4193548387098,2652
synthetic,True,resale,397000,180,villa,6.0,4.0,,2.0,2008.0,lefkosia,Nicosia Old Town,35.17957,33.368853,60.708,1.394,True,False,True,False,True,False,2025-10-12,17,2205.5555555555557,1660
synthetic,True,resale,373000,175,house,4.0,2.0,,2.0,1997.0,pafos,Yeroskipou,34.756344,32.457113,3.951,3.692,True,False,False,True,True,False,2025-08-29,28,2131.4285714285716,1531
synthetic,True,new_build,218000,112,apartment,3.0,1.0,6.0,8.0,2004.0,lemesos,Zakaki,34.694086,33.034977,4.276,1.676,True,False,False,False,True,False,2026-03-17,21,1946.4285714285713,1611
synthetic,True,resale,231000,199,apartment,2.0,1.0,7.0,10.0,1987.0,lemesos,Episkopi,34.666466,32.905724,12.102,12.984,True,False,False,False,True,False,2025-06-13,38,1160.8040201005026,1536
synthetic,True,resale,480000,202,house,3.0,3.0,,2.0,2017.0,lemesos,Agía Zóni,34.682712,33.054034,3.103,0.7,True,False,False,True,False,False,2025-03-07,8,2376.237623762376,2652
synthetic,True,resale,455000,236,house,4.0,2.0,,2.0,2002.0,pafos,Kato Paphos,34.75777,32.412565,0.521,2.235,True,False,False,True,False,True,2025-11-18,23,1927.9661016949153,2730
synthetic,True,new_build,394000,188,apartment,2.0,2.0,2.0,2.0,2013.0,lemesos,Mesa Geitonia,34.681086,33.055003,2.505,0.798,True,False,False,False,True,False,2025-06-15,12,2095.744680851064,1927
synthetic,True,resale,329000,114,apartment,2.0,1.0,7.0,10.0,2014.0,lemesos,Agía Zóni,34.675404,33.049222,2.027,0.809,False,True,False,False,False,False,2025-09-10,11,2885.964912280702,2652
synthetic,True,new_build,216000,131,apartment,3.0,2.0,1.0,2.0,2017.0,lefkosia,Strovolos,35.148563,33.358331,50.28,4.659,True,False,False,False,False,False,2026-01-22,8,1648.854961832061,1771
synthetic,True,new_build,183000,125,apartment,3.0,1.0,3.0,3.0,1996.0,lemesos,Ypsonas,34.703832,33.006208,5.868,4.386,False,False,False,False,True,False,2025-11-23,29,1464.0,1306
synthetic,True,resale,106000,50,apartment,2.0,1.0,3.0,5.0,2016.0,lemesos,Mesa Geitonia,34.680054,33.059444,3.002,1.219,True,False,False,False,True,False,2025-08-01,9,2120.0,1927
synthetic,True,resale,433000,297,house,5.0,3.0,,2.0,2015.0,lefkosia,Lakatamia,35.124794,33.315759,69.206,9.073,False,False,True,True,True,False,2026-01-06,10,1457.912457912458,1517
synthetic,True,resale,89000,61,apartment,3.0,2.0,8.0,8.0,1976.0,lemesos,Mesa Geitonia,34.681921,33.052977,2.67,0.603,True,False,False,False,False,False,2025-12-26,49,1459.016393442623,1927
synthetic,True,new_build,221000,115,apartment,4.0,2.0,6.0,9.0,2012.0,lefkosia,Strovolos,35.136286,33.355142,50.591,6.014,True,False,False,False,True,False,2024-12-19,13,1921.7391304347825,1771
synthetic,True,resale,398000,130,house,4.0,3.0,,1.0,2007.0,lemesos,Agía Zóni,34.679062,33.04128,1.986,0.591,True,True,True,True,True,False,2024-06-01,18,3061.5384615384614,2652
synthetic,True,resale,164000,94,apartment,2.0,2.0,5.0,6.0,2022.0,lefkosia,Strovolos,35.143081,33.349038,52.989,5.612,True,False,False,False,True,False,2025-03-04,3,1744.6808510638298,1771
synthetic,True,resale,432000,586,land,,,,,,lemesos,Potamos Germasogeias,34.697823,33.067002,5.121,2.555,False,False,False,False,True,False,2025-01-03,20,737.2013651877133,2204
synthetic,True,resale,545000,183,apartment,2.0,2.0,6.0,9.0,2006.0,pafos,Kato Paphos,34.764751,32.422392,1.602,1.205,True,True,False,False,True,True,2024-10-07,19,2978.1420765027324,2730
synthetic,True,resale,180000,97,apartment,2.0,2.0,4.0,4.0,2018.0,larnaka,Drosia,34.920768,33.637305,1.632,1.299,True,True,False,False,True,False,2024-08-20,7,1855.6701030927834,1832
synthetic,True,resale,474000,186,apartment,2.0,1.0,3.0,6.0,2011.0,lemesos,Germasogeia,34.704632,33.071181,5.732,3.361,False,False,False,False,True,False,2024-11-28,14,2548.3870967741937,2929
synthetic,True,resale,834000,466,villa,6.0,2.0,,2.0,2007.0,lefkosia,Strovolos,35.142722,33.359883,53.292,5.185,True,False,False,True,False,False,2025-04-02,18,1789.6995708154507,1771
synthetic,True,resale,213000,125,apartment,3.0,1.0,1.0,1.0,2003.0,lefkosia,Nicosia Old Town,35.182324,33.369575,62.445,1.213,True,False,False,False,True,False,2024-08-01,22,1704.0,1660
synthetic,True,new_build,171000,86,apartment,2.0,1.0,5.0,7.0,2018.0,lemesos,Ypsonas,34.70242,33.00466,5.504,4.424,True,False,False,False,True,False,2024-07-07,7,1988.3720930232557,1306
synthetic,True,resale,127000,62,apartment,4.0,2.0,4.0,5.0,2018.0,larnaka,Finikoudes,34.926259,33.637325,2.005,1.332,True,True,False,False,False,False,2026-03-25,7,2048.3870967741937,2276
synthetic,True,new_build,118000,46,apartment,2.0,2.0,8.0,11.0,2012.0,lemesos,Mouttagiaka,34.710655,33.085865,7.161,4.792,True,False,False,False,False,True,2025-02-18,13,2565.217391304348,3193
synthetic,True,resale,64000,54,apartment,2.0,2.0,8.0,11.0,2022.0,larnaka,Aradippou,34.950445,33.584719,6.673,4.664,True,False,True,False,True,False,2025-06-02,3,1185.1851851851852,1333
synthetic,True,resale,179000,77,apartment,4.0,1.0,4.0,7.0,2008.0,pafos,Kato Paphos,34.759367,32.409192,0.412,2.252,True,True,False,False,False,True,2024-12-18,17,2324.6753246753246,2730
synthetic,True,resale,293000,115,apartment,3.0,2.0,4.0,5.0,2016.0,lemesos,Pyrgos,34.721562,33.096108,8.637,6.302,True,False,False,False,True,True,2025-01-25,9,2547.8260869565215,2440
synthetic,True,resale,314000,173,house,4.0,2.0,,1.0,2022.0,larnaka,Drosia,34.925485,33.637789,2.185,1.352,False,False,False,True,True,False,2026-04-03,3,1815.028901734104,1832
synthetic,True,new_build,429000,181,apartment,3.0,2.0,5.0,5.0,1997.0,pafos,Kato Paphos,34.761964,32.416012,1.218,1.677,True,False,True,False,False,True,2026-03-10,28,2370.1657458563536,2730
synthetic,True,resale,581000,200,house,4.0,3.0,,1.0,2013.0,lemesos,Agios Tychonas,34.701258,33.082622,6.232,3.926,True,False,False,True,False,True,2024-05-29,12,2905.0,3788
synthetic,True,resale,342000,114,apartment,1.0,1.0,6.0,7.0,1993.0,lemesos,Mouttagiaka,34.707393,33.073947,6.076,3.759,True,False,False,False,False,True,2025-12-25,32,3000.0,3193
synthetic,True,resale,234000,161,apartment,3.0,2.0,2.0,3.0,2013.0,lemesos,Zakaki,34.688376,33.020449,3.779,2.467,False,False,False,False,True,False,2024-08-16,12,1453.416149068323,1611
synthetic,True,new_build,678000,214,villa,4.0,2.0,,2.0,1990.0,lefkosia,Engomi,35.183454,33.349173,60.93,3.02,True,False,False,True,True,False,2024-07-04,35,3168.2242990654204,2024
synthetic,True,resale,225000,69,apartment,4.0,2.0,7.0,10.0,2020.0,lemesos,Agía Zóni,34.67289,33.044986,1.358,1.054,True,True,False,False,True,False,2024-11-09,5,3260.8695652173915,2652
synthetic,True,resale,69000,64,apartment,3.0,1.0,1.0,2.0,2019.0,larnaka,Aradippou,34.953522,33.601731,5.822,3.932,True,False,False,False,True,False,2024-11-06,6,1078.125,1333
synthetic,True,resale,277000,126,apartment,3.0,2.0,5.0,7.0,2008.0,lefkosia,Engomi,35.17777,33.345598,51.147,3.447,True,False,True,False,True,False,2025-07-11,17,2198.4126984126983,2024
synthetic,True,resale,233000,182,house,5.0,3.0,,2.0,2012.0,larnaka,Aradippou,34.947338,33.58764,6.505,4.237,True,False,False,True,True,False,2025-07-03,13,1280.2197802197802,1333
synthetic,True,new_build,90000,61,apartment,2.0,2.0,6.0,9.0,1996.0,larnaka,Drosia,34.927956,33.631292,2.356,0.92,True,False,False,False,False,False,2025-12-10,29,1475.4098360655737,1832
synthetic,True,resale,196000,125,house,3.0,2.0,,2.0,2012.0,lemesos,Ypsonas,34.711289,32.996888,6.61,5.557,True,False,False,True,True,False,2025-07-15,13,1568.0,1306
synthetic,True,resale,233000,131,house,4.0,2.0,,2.0,2018.0,lemesos,Polemidia,34.694164,33.02985,3.69,2.008,True,False,True,True,True,False,2025-07-25,7,1778.6259541984732,1661
synthetic,True,resale,277000,125,apartment,2.0,2.0,3.0,6.0,1987.0,lemesos,Potamos Germasogeias,34.695776,33.073534,5.379,2.898,True,False,True,False,True,False,2025-11-29,38,2216.0,2204
synthetic,True,new_build,618000,406,villa,5.0,3.0,,2.0,1980.0,lemesos,Ypsonas,34.701945,32.995274,6.04,5.16,True,False,True,True,True,False,2025-08-22,45,1522.1674876847292,1306
synthetic,True,new_build,224000,101,house,4.0,3.0,,2.0,2023.0,lefkosia,Strovolos,35.14223,33.357972,67.464,5.305,True,False,False,False,True,False,2025-08-07,2,2217.8217821782177,1771
synthetic,True,new_build,275000,140,apartment,3.0,2.0,5.0,8.0,2010.0,lefkosia,Engomi,35.170224,33.352057,53.004,3.237,True,False,False,False,True,False,2024-09-04,15,1964.2857142857142,2024
synthetic,True,resale,298000,185,house,4.0,2.0,,1.0,1981.0,lemesos,Zakaki,34.68492,33.030704,3.253,1.464,True,False,False,True,True,False,2025-06-19,44,1610.8108108108108,1611
synthetic,True,new_build,494000,280,house,3.0,2.0,,1.0,1975.0,lefkosia,Strovolos,35.142337,33.349154,51.718,5.676,True,False,False,True,True,False,2025-05-01,50,1764.2857142857142,1771
synthetic,True,resale,414000,212,house,4.0,2.0,,2.0,2016.0,lemesos,Pyrgos,34.721417,33.106301,9.291,6.993,True,False,False,True,False,True,2024-08-19,9,1952.8301886792453,2440
synthetic,True,resale,304000,112,house,4.0,2.0,,2.0,2022.0,pafos,Kato Paphos,34.756056,32.414543,0.05,2.332,True,True,False,True,True,True,2025-12-02,3,2714.285714285714,2730
synthetic,True,new_build,399000,94,apartment,3.0,2.0,2.0,4.0,2023.0,lemesos,Pyrgos,34.722813,33.101453,9.016,6.754,False,True,True,False,True,True,2025-07-18,2,4244.68085106383,2440
synthetic,True,resale,192000,99,house,4.0,2.0,,1.0,2012.0,pafos,Kato Paphos,34.760597,32.424785,1.566,1.658,True,False,False,True,False,True,2025-05-16,13,1939.3939393939395,2730
synthetic,True,resale,932000,698,villa,5.0,4.0,,1.0,2000.0,lemesos,Zakaki,34.687344,33.021404,3.079,2.353,False,False,True,True,False,False,2024-06-29,25,1335.2435530085959,1611
synthetic,True,resale,225000,111,apartment,2.0,1.0,6.0,6.0,2021.0,lefkosia,Engomi,35.183845,33.340361,61.462,3.816,False,False,False,False,True,False,2026-02-18,4,2027.027027027027,2024
synthetic,True,resale,129000,65,apartment,1.0,1.0,4.0,7.0,2025.0,lemesos,Agía Zóni,34.677789,33.045859,2.021,0.504,True,False,False,False,True,False,2024-08-28,0,1984.6153846153845,2652
synthetic,True,resale,94000,63,apartment,4.0,2.0,2.0,4.0,2014.0,lefkosia,Strovolos,35.147424,33.346031,55.964,5.375,False,False,False,False,True,False,2025-12-28,11,1492.063492063492,1771
synthetic,True,resale,132000,65,apartment,2.0,2.0,2.0,4.0,1986.0,lemesos,Agía Zóni,34.674535,33.051861,2.248,0.997,True,True,False,False,True,False,2024-12-16,39,2030.7692307692307,2652
synthetic,True,resale,590000,171,apartment,3.0,2.0,4.0,4.0,1994.0,lemesos,Mouttagiaka,34.71337,33.07313,6.699,4.232,True,True,False,False,True,True,2024-07-26,31,3450.2923976608186,3193
synthetic,True,resale,832000,384,villa,6.0,3.0,,2.0,2003.0,lemesos,Mesa Geitonia,34.685261,33.058109,3.203,1.12,True,False,False,True,True,False,2024-05-14,22,2166.6666666666665,1927
synthetic,True,resale,1149000,641,villa,4.0,2.0,,2.0,1970.0,lemesos,Kato Polemidia,34.692203,33.010078,4.333,3.499,True,False,True,True,True,False,2024-09-30,55,1792.5117004680187,1493
synthetic,True,resale,651000,277,villa,4.0,3.0,,2.0,2000.0,pafos,Kato Paphos,34.766573,32.414505,1.59,1.324,True,False,True,True,False,True,2025-09-15,25,2350.1805054151623,2730
synthetic,True,new_build,223000,110,apartment,2.0,2.0,1.0,4.0,2017.0,lemesos,Potamos Germasogeias,34.709804,33.056006,5.824,3.182,True,False,False,False,True,False,2025-05-25,8,2027.2727272727273,2204
synthetic,True,resale,218000,156,apartment,3.0,2.0,8.0,10.0,2015.0,lefkosia,Strovolos,35.148784,33.349633,64.414,5.057,False,False,False,False,False,False,2024-08-07,10,1397.4358974358975,1771
synthetic,True,new_build,803000,191,apartment,2.0,1.0,8.0,9.0,1999.0,pafos,Kato Paphos,34.767508,32.415043,1.621,1.214,True,True,True,False,True,True,2024-05-30,26,4204.188481675393,2730
synthetic,True,resale,449000,127,apartment,2.0,1.0,8.0,9.0,2014.0,lemesos,Mouttagiaka,34.707811,33.081893,6.522,4.31,True,False,False,False,True,True,2024-12-20,11,3535.433070866142,3193
synthetic,True,resale,295000,189,house,3.0,2.0,,1.0,2007.0,lemesos,Agía Zóni,34.675211,33.053017,2.276,0.994,True,False,False,False,False,False,2024-08-14,18,1560.8465608465608,2652
synthetic,True,resale,366000,154,apartment,3.0,2.0,4.0,4.0,2011.0,lemesos,Agía Zóni,34.678354,33.048697,2.031,0.486,True,True,False,False,True,False,2025-05-16,14,2376.6233766233768,2652
synthetic,True,resale,466000,246,house,3.0,2.0,,2.0,2025.0,pafos,Yeroskipou,34.766557,32.457153,4.396,3.179,True,False,False,True,True,False,2025-11-14,0,1894.3089430894308,1531
synthetic,True,resale,407000,184,apartment,1.0,1.0,8.0,10.0,2014.0,lemesos,Agía Zóni,34.676493,33.044559,2.158,0.667,True,False,False,False,False,False,2026-03-10,11,2211.9565217391305,2652
synthetic,True,resale,254000,125,apartment,2.0,2.0,6.0,9.0,2013.0,pafos,Chloraka,34.786412,32.417796,3.383,1.343,False,False,True,False,True,False,2025-01-10,12,2032.0,1903
synthetic,True,resale,126000,80,apartment,2.0,1.0,2.0,4.0,2019.0,lemesos,Polemidia,34.694764,33.018688,3.999,2.888,True,False,False,False,True,False,2024-10-20,6,1575.0,1661
synthetic,True,new_build,575000,145,apartment,2.0,1.0,7.0,10.0,2009.0,lemesos,Agios Tychonas,34.705216,33.10764,7.731,6.151,True,False,False,False,True,True,2026-04-11,16,3965.5172413793102,3788
synthetic,True,resale,123000,90,house,3.0,2.0,,1.0,2006.0,lemesos,Zakaki,34.693325,33.024628,3.862,2.338,True,False,False,True,True,False,2025-12-19,19,1366.6666666666667,1611
synthetic,True,resale,481000,144,apartment,2.0,1.0,7.0,7.0,2016.0,lemesos,Germasogeia,34.715784,33.083379,7.343,5.029,False,False,True,False,True,False,2025-05-30,9,3340.277777777778,2929
synthetic,True,resale,749000,253,villa,6.0,3.0,,2.0,2006.0,lemesos,Germasogeia,34.711075,33.068444,6.216,3.781,True,False,True,True,False,False,2025-10-28,19,2960.4743083003955,2929
synthetic,True,resale,328000,104,apartment,1.0,1.0,3.0,5.0,2016.0,lemesos,Germasogeia,34.714876,33.077113,7.114,4.583,True,False,False,False,True,False,2025-07-22,9,3153.846153846154,2929
synthetic,True,resale,1244000,654,villa,4.0,4.0,,1.0,2018.0,lemesos,Ypsonas,34.708232,32.995465,7.159,5.477,True,False,True,True,True,False,2025-02-22,7,1902.1406727828746,1306
synthetic,True,resale,95000,65,apartment,3.0,1.0,6.0,6.0,2002.0,pafos,Yeroskipou,34.768506,32.445746,3.512,2.125,True,False,True,False,False,False,2025-03-06,23,1461.5384615384614,1531
synthetic,True,resale,371000,177,house,3.0,2.0,,2.0,2016.0,lemesos,Pyrgos,34.724161,33.10668,9.703,7.213,True,False,False,True,True,True,2025-10-20,9,2096.045197740113,2440
synthetic,True,resale,129000,59,apartment,3.0,2.0,2.0,4.0,2002.0,lemesos,Mouttagiaka,34.717514,33.0854,7.818,5.296,True,False,False,False,True,True,2025-04-02,23,2186.4406779661017,3193
synthetic,True,new_build,1374000,422,villa,5.0,3.0,,2.0,2021.0,lemesos,Potamos Germasogeias,34.706972,33.05729,5.519,2.919,True,False,True,True,True,False,2025-12-12,4,3255.9241706161138,2204
synthetic,True,new_build,421000,117,house,3.0,3.0,,1.0,2014.0,lemesos,Germasogeia,34.705405,33.084919,6.535,4.359,False,False,False,True,True,False,2026-04-05,11,3598.290598290598,2929
synthetic,True,resale,890000,366,villa,4.0,4.0,,2.0,2017.0,lefkosia,Strovolos,35.151768,33.353082,65.455,4.605,True,False,False,True,True,False,2025-09-10,8,2431.6939890710382,1771
synthetic,True,new_build,385000,99,house,4.0,3.0,,2.0,2023.0,lemesos,Mouttagiaka,34.708723,33.078134,6.525,4.129,False,False,False,True,True,True,2024-08-25,2,3888.8888888888887,3193
synthetic,True,resale,118000,80,apartment,4.0,2.0,7.0,9.0,2016.0,lefkosia,Nicosia Old Town,35.179106,33.364265,51.458,1.791,False,False,False,False,True,False,2026-01-27,9,1475.0,1660
synthetic,True,new_build,237000,178,house,3.0,2.0,,2.0,1997.0,lemesos,Episkopi,34.663096,32.903219,12.464,13.267,True,False,False,True,False,False,2026-02-14,28,1331.4606741573034,1536
synthetic,True,resale,119000,94,apartment,2.0,1.0,8.0,8.0,2001.0,larnaka,Aradippou,34.947928,33.600794,5.775,3.457,False,False,False,False,True,False,2025-10-09,24,1265.9574468085107,1333
synthetic,True,resale,182000,101,apartment,3.0,2.0,3.0,4.0,2024.0,lemesos,Mesa Geitonia,34.685958,33.059011,3.386,1.223,True,False,False,False,False,False,2025-02-13,1,1801.980198019802,1927
synthetic,True,resale,121000,85,apartment,3.0,1.0,1.0,4.0,1997.0,lemesos,Agía Zóni,34.673006,33.05273,2.091,1.184,True,False,False,False,True,False,2025-10-29,28,1423.5294117647059,2652
synthetic,True,resale,694000,569,land,,,,,,lemesos,Agía Zóni,34.678124,33.041331,1.891,0.656,False,False,False,False,True,False,2025-04-30,20,1219.683655536028,2652
synthetic,True,resale,138000,121,apartment,3.0,2.0,3.0,3.0,2011.0,larnaka,Drosia,34.925967,33.620791,2.619,0.411,False,False,False,False,False,False,2025-05-14,14,1140.495867768595,1832
synthetic,True,resale,559000,200,house,4.0,3.0,,1.0,2009.0,lemesos,Agía Zóni,34.683095,33.04223,2.663,0.391,True,True,False,True,True,False,2025-02-18,16,2795.0,2652
synthetic,True,resale,110000,73,apartment,2.0,2.0,1.0,1.0,2012.0,pafos,Yeroskipou,34.767792,32.448987,3.712,2.429,True,False,False,False,True,False,2025-04-08,13,1506.849315068493,1531
synthetic,True,resale,170000,116,apartment,1.0,1.0,2.0,4.0,1987.0,pafos,Chloraka,34.78128,32.405912,2.701,1.781,True,False,False,False,False,False,2024-05-11,38,1465.5172413793102,1903
synthetic,True,resale,87000,52,apartment,2.0,1.0,4.0,4.0,2011.0,lefkosia,Engomi,35.172698,33.354732,57.972,2.887,True,False,True,False,False,False,2025-04-09,14,1673.076923076923,2024
synthetic,True,resale,817000,278,villa,5.0,2.0,,2.0,2007.0,lemesos,Agía Zóni,34.672151,33.052306,1.766,1.251,True,True,True,False,True,False,2026-01-04,18,2938.8489208633096,2652
synthetic,True,resale,246000,152,house,4.0,3.0,,1.0,2011.0,lemesos,Mesa Geitonia,34.680326,33.045897,2.095,0.224,True,False,True,True,True,False,2025-12-11,14,1618.421052631579,1927
synthetic,True,resale,806000,552,villa,5.0,2.0,,1.0,2024.0,lemesos,Kato Polemidia,34.694367,33.022753,4.373,2.545,True,False,True,False,False,False,2024-05-26,1,1460.144927536232,1493
synthetic,True,resale,1970000,473,villa,6.0,2.0,,2.0,2023.0,pafos,Kato Paphos,34.761519,32.426514,1.744,1.57,True,True,True,True,True,True,2025-03-14,2,4164.904862579281,2730
synthetic,True,resale,341000,141,apartment,2.0,1.0,6.0,9.0,2007.0,lemesos,Potamos Germasogeias,34.696553,33.057514,4.401,1.883,True,False,False,False,True,False,2025-03-02,18,2418.4397163120566,2204
synthetic,True,resale,521000,311,villa,4.0,4.0,,1.0,2022.0,lefkosia,Lakatamia,35.131059,33.333982,67.036,7.488,True,False,False,False,False,False,2025-08-23,3,1675.24115755627,1517
synthetic,True,resale,334000,95,apartment,2.0,1.0,6.0,6.0,2006.0,pafos,Kato Paphos,34.769885,32.414465,1.592,1.079,True,True,False,False,True,True,2025-01-26,19,3515.7894736842104,2730
synthetic,True,new_build,371000,212,house,5.0,3.0,,2.0,2000.0,lefkosia,Engomi,35.168162,33.338742,56.472,4.408,True,False,True,False,False,False,2024-10-13,25,1750.0,2024
synthetic,True,resale,444000,154,house,3.0,3.0,,2.0,2012.0,lemesos,Pyrgos,34.716793,33.102515,8.792,6.405,True,False,False,False,True,True,2025-01-27,13,2883.116883116883,2440
synthetic,True,resale,165000,94,apartment,1.0,1.0,4.0,7.0,2023.0,lefkosia,Strovolos,35.140664,33.356522,53.125,5.519,True,False,True,False,True,False,2025-05-14,2,1755.3191489361702,1771
synthetic,True,resale,206000,164,apartment,3.0,2.0,7.0,7.0,1998.0,lefkosia,Lakatamia,35.131979,33.322077,61.41,8.095,True,False,False,False,False,False,2024-07-02,27,1256.0975609756097,1517
synthetic,True,resale,67000,64,apartment,2.0,1.0,2.0,2.0,2017.0,larnaka,Aradippou,34.94732,33.599382,5.925,3.482,False,False,False,False,True,False,2025-09-12,8,1046.875,1333
synthetic,True,resale,158000,51,apartment,2.0,2.0,2.0,4.0,2004.0,lemesos,Agía Zóni,34.678319,33.040329,2.343,0.71,True,True,True,False,True,False,2025-06-02,21,3098.0392156862745,2652
synthetic,True,new_build,538000,195,apartment,1.0,1.0,3.0,5.0,2022.0,lefkosia,Engomi,35.16859,33.351066,67.928,3.411,True,False,True,False,True,False,2025-04-07,3,2758.974358974359,2024
synthetic,True,resale,435000,178,house,3.0,2.0,,2.0,1994.0,lemesos,Pyrgos,34.717375,33.107156,8.859,6.787,True,False,False,True,True,True,2024-06-08,31,2443.820224719101,2440
synthetic,True,resale,372000,138,house,5.0,3.0,,2.0,2020.0,larnaka,Finikoudes,34.91671,33.630588,1.046,0.957,True,True,False,True,True,False,2025-05-20,5,2695.6521739130435,2276
synthetic,True,new_build,98000,74,apartment,2.0,2.0,8.0,9.0,1995.0,larnaka,Aradippou,34.954117,33.602707,5.984,3.946,False,False,False,False,True,False,2024-08-12,30,1324.3243243243244,1333
synthetic,True,resale,117000,64,apartment,2.0,2.0,8.0,9.0,1988.0,lemesos,Agía Zóni,34.675015,33.053732,2.182,1.052,True,False,False,False,True,False,2026-03-30,37,1828.125,2652
synthetic,True,resale,368000,246,villa,6.0,4.0,,2.0,1976.0,lemesos,Episkopi,34.664829,32.9283,10.316,10.973,True,False,False,True,True,False,2024-09-25,49,1495.9349593495936,1536
synthetic,True,resale,111000,108,apartment,3.0,1.0,4.0,4.0,1973.0,lefkosia,Nicosia Old Town,35.181045,33.364822,51.403,1.667,True,False,False,False,True,False,2026-02-03,52,1027.7777777777778,1660
synthetic,True,resale,213000,412,land,,,,,,lefkosia,Lakatamia,35.139784,33.324757,56.739,7.302,False,False,False,False,False,False,2026-04-06,20,516.9902912621359,1517
synthetic,True,resale,233000,124,house,5.0,3.0,,2.0,2011.0,lefkosia,Engomi,35.179086,33.338605,51.95,4.037,True,False,True,True,False,False,2025-05-21,14,1879.032258064516,2024
synthetic,True,resale,173000,77,apartment,1.0,1.0,3.0,3.0,2011.0,lemesos,Mesa Geitonia,34.682016,33.053211,3.044,0.624,False,False,False,False,True,False,2026-01-03,14,2246.753246753247,1927
synthetic,True,resale,277000,156,house,4.0,3.0,,2.0,2020.0,lefkosia,Lakatamia,35.136997,33.32349,66.015,7.602,True,False,False,False,True,False,2026-01-18,5,1775.6410256410256,1517
synthetic,True,resale,410000,215,villa,3.0,4.0,,2.0,2019.0,pafos,Yeroskipou,34.765324,32.450496,3.747,2.663,True,False,True,True,False,False,2026-03-26,6,1906.9767441860465,1531
synthetic,True,resale,159000,106,house,3.0,3.0,,1.0,2022.0,lefkosia,Lakatamia,35.125435,33.320835,56.187,8.717,True,False,False,True,True,False,2025-06-30,3,1500.0,1517
synthetic,True,resale,376000,224,house,3.0,3.0,,2.0,2013.0,pafos,Chloraka,34.792615,32.409908,4.326,2.302,False,False,True,False,False,False,2025-05-12,12,1678.5714285714287,1903
synthetic,True,new_build,82000,47,apartment,3.0,2.0,8.0,11.0,2025.0,lefkosia,Strovolos,35.153502,33.348541,66.764,4.707,False,False,False,False,False,False,2024-04-27,0,1744.6808510638298,1771
synthetic,True,resale,150000,116,apartment,4.0,2.0,7.0,10.0,2020.0,lemesos,Ypsonas,34.700869,32.997244,6.364,4.946,True,False,False,False,False,False,2026-01-14,5,1293.103448275862,1306
synthetic,True,new_build,999000,688,villa,5.0,4.0,,1.0,2006.0,larnaka,Aradippou,34.949491,33.588156,6.444,4.36,True,False,False,True,True,False,2025-05-02,19,1452.0348837209303,1333
synthetic,True,resale,285000,194,apartment,2.0,2.0,4.0,7.0,2017.0,larnaka,Aradippou,34.946078,33.606459,4.967,3.0,True,False,False,False,True,False,2025-11-14,8,1469.0721649484535,1333
synthetic,True,resale,473000,393,villa,4.0,4.0,,2.0,1986.0,lemesos,Ypsonas,34.706819,32.998469,6.592,5.161,True,False,True,True,True,False,2026-03-30,39,1203.562340966921,1306
synthetic,True,resale,397000,247,house,4.0,2.0,,2.0,2021.0,lemesos,Mesa Geitonia,34.686712,33.051503,3.255,0.677,True,False,False,False,True,False,2025-04-16,4,1607.2874493927125,1927
synthetic,True,new_build,148000,95,apartment,4.0,2.0,5.0,5.0,2020.0,larnaka,Aradippou,34.953879,33.584043,6.733,4.967,False,False,False,False,True,False,2025-07-15,5,1557.8947368421052,1333
synthetic,True,new_build,165000,80,apartment,2.0,2.0,5.0,6.0,2023.0,pafos,Chloraka,34.790454,32.417738,4.034,1.761,False,False,True,False,False,False,2024-12-14,2,2062.5,1903
synthetic,True,new_build,140000,53,apartment,2.0,2.0,1.0,2.0,2010.0,lemesos,Germasogeia,34.711126,33.066505,6.126,3.695,True,False,False,False,True,False,2024-12-07,15,2641.509433962264,2929
synthetic,True,resale,155000,86,apartment,2.0,1.0,7.0,9.0,1984.0,lefkosia,Strovolos,35.138872,33.349477,67.413,5.992,True,False,False,False,True,False,2025-04-27,41,1802.3255813953488,1771
synthetic,True,resale,148000,80,apartment,2.0,2.0,1.0,1.0,1998.0,lemesos,Mesa Geitonia,34.686406,33.049529,3.305,0.539,True,False,False,False,False,False,2025-10-17,27,1850.0,1927
synthetic,True,resale,101000,63,apartment,3.0,1.0,5.0,8.0,1978.0,lefkosia,Engomi,35.177387,33.339986,57.587,3.953,True,False,False,False,True,False,2026-01-20,47,1603.1746031746031,2024
synthetic,True,resale,391000,179,apartment,3.0,2.0,3.0,4.0,2024.0,lefkosia,Engomi,35.171918,33.355899,64.987,2.841,True,False,False,False,True,False,2025-11-03,1,2184.3575418994415,2024
synthetic,True,new_build,183000,66,apartment,3.0,2.0,3.0,3.0,2015.0,lemesos,Germasogeia,34.71439,33.071033,6.485,4.219,True,False,False,False,True,False,2024-06-13,10,2772.7272727272725,2929
synthetic,True,resale,375000,259,house,4.0,2.0,,2.0,2021.0,lefkosia,Lakatamia,35.124922,33.321646,57.891,8.714,True,False,False,False,True,False,2024-10-10,4,1447.8764478764479,1517
synthetic,True,resale,114000,114,apartment,2.0,2.0,2.0,4.0,1985.0,lemesos,Ypsonas,34.70027,32.997588,5.936,4.89,True,False,False,False,True,False,2025-11-28,40,1000.0,1306
synthetic,True,resale,65000,50,apartment,2.0,2.0,4.0,6.0,1986.0,lefkosia,Lakatamia,35.13377,33.32141,69.768,7.991,True,False,False,False,True,False,2025-01-16,39,1300.0,1517
synthetic,True,resale,114000,86,apartment,1.0,1.0,6.0,9.0,2021.0,larnaka,Aradippou,34.943283,33.581726,6.771,4.416,True,False,False,False,False,False,2024-12-08,4,1325.5813953488373,1333
synthetic,True,new_build,113000,83,apartment,1.0,1.0,3.0,5.0,1970.0,larnaka,Drosia,34.933285,33.620114,3.53,1.191,True,False,True,False,True,False,2025-08-02,55,1361.44578313253,1832
synthetic,True,new_build,491000,288,villa,4.0,2.0,,2.0,2018.0,lemesos,Zakaki,34.69243,33.016669,4.342,2.942,True,False,False,True,False,False,2025-07-08,7,1704.861111111111,1611
synthetic,True,resale,262000,172,apartment,1.0,1.0,6.0,6.0,1995.0,lefkosia,Nicosia Old Town,35.177271,33.369614,50.994,1.479,False,False,False,False,False,False,2024-11-27,30,1523.2558139534883,1660
synthetic,True,resale,155000,60,apartment,2.0,2.0,1.0,1.0,2017.0,lemesos,Germasogeia,34.710364,33.077466,6.77,4.22,True,False,False,False,True,False,2025-07-20,8,2583.3333333333335,2929
synthetic,True,resale,1363000,317,villa,4.0,4.0,,1.0,2022.0,lemesos,Germasogeia,34.718123,33.071975,7.443,4.619,False,True,True,True,True,False,2026-03-01,3,4299.6845425867505,2929
synthetic,True,resale,561000,186,apartment,3.0,1.0,8.0,8.0,2014.0,lemesos,Germasogeia,34.711269,33.077623,6.228,4.304,True,False,True,False,True,False,2024-05-15,11,3016.1290322580644,2929
synthetic,True,resale,1172000,300,villa,4.0,2.0,,2.0,2023.0,lemesos,Germasogeia,34.715669,33.073061,7.118,4.439,True,False,True,True,True,False,2025-01-31,2,3906.6666666666665,2929
synthetic,True,resale,370000,188,house,4.0,2.0,,1.0,2020.0,lemesos,Potamos Germasogeias,34.69739,33.071552,5.067,2.847,True,True,False,True,False,False,2026-02-18,5,1968.0851063829787,2204
synthetic,True,resale,83000,54,apartment,1.0,1.0,6.0,9.0,1983.0,larnaka,Drosia,34.930305,33.620899,2.548,0.852,True,False,False,False,True,False,2024-06-19,42,1537.037037037037,1832
synthetic,True,resale,513000,197,house,4.0,2.0,,1.0,2019.0,lemesos,Agía Zóni,34.681338,33.045781,2.517,0.121,True,True,False,True,False,False,2025-04-11,6,2604.060913705584,2652
synthetic,True,new_build,134000,55,apartment,2.0,2.0,1.0,4.0,2024.0,lemesos,Pyrgos,34.71282,33.097886,8.011,5.803,False,False,False,False,False,True,2025-12-15,1,2436.3636363636365,2440
synthetic,True,resale,486000,291,house,3.0,2.0,,2.0,2018.0,lefkosia,Nicosia Old Town,35.176555,33.367097,55.857,1.709,True,False,True,True,True,False,2025-08-07,7,1670.1030927835052,1660
synthetic,True,resale,103000,85,apartment,1.0,1.0,1.0,2.0,2013.0,lemesos,Ypsonas,34.70424,33.007672,5.584,4.3,False,False,False,False,True,False,2024-07-08,12,1211.764705882353,1306
synthetic,True,resale,123000,75,apartment,4.0,1.0,5.0,6.0,1975.0,lefkosia,Nicosia Old Town,35.179348,33.380407,56.555,0.716,True,False,False,False,True,False,2026-01-30,50,1640.0,1660
synthetic,True,resale,239000,122,apartment,1.0,1.0,2.0,3.0,2016.0,lemesos,Mesa Geitonia,34.682828,33.04314,2.468,0.304,False,False,False,False,True,False,2026-03-23,9,1959.016393442623,1927
synthetic,True,new_build,183000,113,apartment,2.0,1.0,4.0,5.0,2018.0,pafos,Yeroskipou,34.759616,32.463126,4.797,3.978,True,False,False,False,True,False,2024-09-11,7,1619.4690265486727,1531
synthetic,True,new_build,94000,51,apartment,1.0,1.0,4.0,7.0,2022.0,pafos,Chloraka,34.781462,32.401211,3.24,2.193,True,False,False,False,True,False,2025-01-28,3,1843.137254901961,1903
synthetic,True,resale,241000,110,apartment,4.0,1.0,6.0,6.0,2015.0,lemesos,Mouttagiaka,34.7154,33.071681,6.616,4.346,False,False,False,False,True,True,2024-08-30,10,2190.909090909091,3193
synthetic,True,resale,154000,90,apartment,3.0,1.0,2.0,5.0,1993.0,lemesos,Mesa Geitonia,34.694636,33.055193,4.112,1.59,True,False,True,False,True,False,2025-03-22,32,1711.111111111111,1927
synthetic,True,resale,162000,100,apartment,2.0,2.0,7.0,8.0,1976.0,lemesos,Germasogeia,34.709993,33.068821,6.091,3.699,False,False,False,False,True,False,2026-03-01,49,1620.0,2929
synthetic,True,new_build,487000,280,house,4.0,2.0,,2.0,1970.0,lefkosia,Engomi,35.184884,33.349924,55.892,2.943,True,False,True,False,False,False,2025-02-05,55,1739.2857142857142,2024
synthetic,True,resale,85000,61,apartment,2.0,1.0,6.0,7.0,2003.0,lemesos,Ypsonas,34.705676,33.007684,5.59,4.391,False,False,False,False,True,False,2024-06-02,22,1393.4426229508197,1306
synthetic,True,new_build,908000,1143,land,,,,,,lefkosia,Lakatamia,35.128857,33.315424,50.826,8.762,True,False,False,False,True,False,2026-02-28,20,794.400699912511,1517
synthetic,True,resale,307000,199,apartment,4.0,2.0,3.0,6.0,1988.0,pafos,Chloraka,34.794053,32.406167,4.334,2.634,False,False,True,False,True,False,2024-06-28,37,1542.713567839196,1903
synthetic,True,new_build,394000,201,house,3.0,2.0,,2.0,2024.0,lefkosia,Strovolos,35.137592,33.353368,60.624,5.951,True,False,False,True,True,False,2024-12-02,1,1960.1990049751244,1771
synthetic,True,new_build,219000,80,apartment,2.0,2.0,5.0,6.0,1989.0,lemesos,Potamos Germasogeias,34.70601,33.059006,5.729,2.877,True,False,False,False,True,False,2026-03-31,36,2737.5,2204
synthetic,True,resale,647000,172,apartment,2.0,2.0,7.0,8.0,2016.0,pafos,Kato Paphos,34.768648,32.413567,1.587,1.227,True,True,True,False,False,True,2024-09-05,9,3761.6279069767443,2730
synthetic,True,resale,165000,91,apartment,4.0,2.0,2.0,3.0,2010.0,lefkosia,Nicosia Old Town,35.18474,33.369241,62.318,1.191,True,False,False,False,True,False,2024-08-02,15,1813.1868131868132,1660
synthetic,True,new_build,185000,63,apartment,2.0,2.0,6.0,9.0,2014.0,lemesos,Agía Zóni,34.683455,33.045194,2.442,0.169,True,False,False,False,True,False,2025-03-02,11,2936.5079365079364,2652
synthetic,True,resale,77000,57,apartment,2.0,1.0,2.0,2.0,1989.0,lemesos,Zakaki,34.686419,33.032235,3.009,1.374,False,False,True,False,True,False,2024-10-30,36,1350.877192982456,1611
synthetic,True,resale,134000,90,apartment,3.0,1.0,6.0,9.0,2021.0,larnaka,Aradippou,34.951028,33.594727,6.051,4.07,True,False,False,False,True,False,2026-02-27,4,1488.888888888889,1333
synthetic,True,new_build,210000,95,apartment,1.0,1.0,6.0,6.0,2009.0,lefkosia,Engomi,35.179353,33.354522,51.315,2.618,False,False,False,False,False,False,2025-01-28,16,2210.5263157894738,2024
synthetic,True,resale,64000,60,apartment,4.0,1.0,3.0,5.0,2022.0,lefkosia,Nicosia Old Town,35.174798,33.364234,59.982,2.034,False,False,False,False,False,False,2024-11-25,3,1066.6666666666667,1660
synthetic,True,resale,160000,133,house,5.0,2.0,,2.0,2009.0,pafos,Chloraka,34.779009,32.418091,2.519,0.673,True,False,False,True,True,False,2025-06-24,16,1203.0075187969924,1903
synthetic,True,new_build,1329000,2656,land,,,,,,lemesos,Polemidia,34.698897,33.012727,4.887,3.589,False,False,False,False,False,False,2024-12-08,20,500.3765060240964,1661
synthetic,True,resale,322000,108,house,4.0,2.0,,1.0,2005.0,lemesos,Pyrgos,34.717649,33.10823,8.51,6.885,True,False,False,True,True,True,2025-04-15,20,2981.4814814814813,2440
synthetic,True,resale,250000,94,apartment,3.0,2.0,2.0,4.0,2021.0,lemesos,Mouttagiaka,34.716622,33.08935,7.83,5.476,True,False,False,False,True,True,2025-08-29,4,2659.574468085106,3193
synthetic,True,new_build,123000,81,apartment,1.0,1.0,6.0,8.0,2024.0,lemesos,Episkopi,34.670751,32.914022,11.065,12.173,True,False,False,False,False,False,2026-01-31,1,1518.5185185185185,1536
synthetic,True,resale,446000,157,apartment,3.0,2.0,1.0,4.0,2022.0,lemesos,Germasogeia,34.719442,33.077772,7.392,5.028,True,False,True,False,False,False,2024-06-11,3,2840.764331210191,2929
synthetic,True,new_build,59000,45,apartment,2.0,2.0,1.0,4.0,2025.0,larnaka,Aradippou,34.946411,33.59359,5.995,3.764,True,False,False,False,True,False,2024-08-19,0,1311.111111111111,1333
synthetic,True,new_build,128000,73,apartment,4.0,2.0,8.0,9.0,2009.0,lefkosia,Lakatamia,35.131314,33.312721,60.384,8.743,True,False,False,False,True,False,2024-10-05,16,1753.4246575342465,1517
synthetic,True,resale,2155000,3326,land,,,,,,larnaka,Aradippou,34.945417,33.589945,6.111,3.939,True,False,False,False,False,False,2025-02-05,20,647.92543595911,1333
synthetic,True,resale,245000,151,apartment,2.0,2.0,6.0,9.0,1971.0,lefkosia,Nicosia Old Town,35.179457,33.363135,66.053,1.871,True,False,True,False,True,False,2024-11-23,54,1622.5165562913908,1660
synthetic,True,resale,342000,130,house,4.0,3.0,,1.0,1997.0,larnaka,Finikoudes,34.918388,33.641126,0.946,1.701,True,True,False,False,True,False,2024-11-27,28,2630.769230769231,2276
synthetic,True,resale,111000,54,apartment,2.0,2.0,5.0,7.0,2015.0,lemesos,Potamos Germasogeias,34.701691,33.058856,5.272,2.438,True,False,False,False,True,False,2025-11-21,10,2055.5555555555557,2204
synthetic,True,new_build,366000,252,house,3.0,3.0,,1.0,1994.0,lefkosia,Strovolos,35.151095,33.348811,68.469,4.898,False,False,False,False,False,False,2024-08-30,31,1452.3809523809523,1771
synthetic,True,resale,452000,179,house,4.0,3.0,,2.0,1982.0,lemesos,Germasogeia,34.708285,33.088782,6.976,4.833,True,False,False,False,True,False,2024-05-03,43,2525.1396648044692,2929
synthetic,True,resale,1401000,600,villa,4.0,3.0,,1.0,2013.0,lemesos,Mesa Geitonia,34.69269,33.056753,3.683,1.494,True,False,True,True,False,False,2025-02-10,12,2335.0,1927
synthetic,True,resale,476000,825,land,,,,,,larnaka,Aradippou,34.945016,33.605493,5.01,2.947,False,False,False,False,True,False,2024-07-03,20,576.969696969697,1333
synthetic,True,resale,203000,93,house,4.0,2.0,,1.0,2022.0,larnaka,Drosia,34.920936,33.63151,1.384,0.78,True,True,False,True,True,False,2024-09-02,3,2182.7956989247314,1832
synthetic,True,resale,425000,164,apartment,3.0,1.0,3.0,4.0,2017.0,pafos,Kato Paphos,34.768881,32.416519,1.571,1.01,True,True,True,False,True,True,2024-10-18,8,2591.4634146341464,2730
synthetic,True,new_build,101000,50,apartment,2.0,2.0,2.0,4.0,2021.0,lefkosia,Strovolos,35.134424,33.361676,68.412,5.991,True,False,False,False,True,False,2024-06-10,4,2020.0,1771
synthetic,True,resale,555000,167,apartment,2.0,1.0,4.0,7.0,2020.0,lemesos,Pyrgos,34.721471,33.105438,9.118,6.935,True,True,True,False,True,True,2024-10-10,5,3323.3532934131736,2440
synthetic,True,resale,904000,193,villa,5.0,3.0,,2.0,2023.0,lemesos,Agios Tychonas,34.716594,33.081882,7.194,5.006,True,False,True,True,False,True,2025-11-06,2,4683.937823834197,3788
synthetic,True,resale,66000,50,apartment,3.0,2.0,1.0,4.0,2013.0,lemesos,Ypsonas,34.712981,33.002519,7.31,5.266,False,False,False,False,True,False,2024-12-12,12,1320.0,1306
synthetic,True,resale,499000,240,villa,4.0,4.0,,2.0,2025.0,lefkosia,Lakatamia,35.125566,33.334259,58.185,7.977,True,False,True,True,True,False,2026-02-13,0,2079.1666666666665,1517
synthetic,True,resale,313000,275,house,4.0,2.0,,2.0,2016.0,lemesos,Mesa Geitonia,34.687799,33.048273,3.182,0.635,True,False,False,False,False,False,2024-08-09,9,1138.1818181818182,1927
synthetic,True,resale,386000,186,apartment,3.0,2.0,1.0,3.0,2022.0,lefkosia,Engomi,35.18264,33.346877,54.245,3.236,True,False,False,False,True,False,2025-10-10,3,2075.2688172043013,2024
synthetic,True,resale,94000,53,apartment,2.0,2.0,6.0,7.0,2024.0,lemesos,Kato Polemidia,34.686811,33.016199,3.583,2.807,True,False,False,False,False,False,2025-09-01,1,1773.5849056603774,1493
synthetic,True,resale,572000,191,house,4.0,3.0,,1.0,2012.0,lemesos,Germasogeia,34.70192,33.070113,5.868,3.076,True,False,False,True,True,False,2025-06-06,13,2994.7643979057593,2929
synthetic,True,resale,649000,377,villa,5.0,4.0,,2.0,2019.0,lefkosia,Engomi,35.168708,33.356874,60.821,2.978,True,False,True,True,False,False,2024-05-22,6,1721.4854111405837,2024
synthetic,True,resale,123000,67,apartment,3.0,2.0,1.0,2.0,2020.0,lemesos,Agía Zóni,34.681188,33.039406,2.17,0.651,False,False,False,False,False,False,2024-12-01,5,1835.8208955223881,2652
synthetic,True,resale,731000,568,land,,,,,,lemesos,Mouttagiaka,34.713818,33.079451,6.79,4.627,False,False,False,False,True,True,2025-08-29,20,1286.9718309859154,3193
synthetic,True,new_build,198000,114,apartment,2.0,1.0,6.0,9.0,1995.0,pafos,Yeroskipou,34.767587,32.451323,4.02,2.638,False,True,False,False,True,False,2025-03-15,30,1736.842105263158,1531
synthetic,True,resale,122000,117,apartment,2.0,1.0,7.0,8.0,1994.0,lemesos,Kato Polemidia,34.693385,33.02206,4.249,2.544,True,False,False,False,False,False,2025-12-27,31,1042.7350427350427,1493
synthetic,True,resale,290000,181,house,5.0,3.0,,2.0,2005.0,lefkosia,Engomi,35.178778,33.345926,61.97,3.392,True,False,False,False,True,False,2024-09-30,20,1602.2099447513813,2024
synthetic,True,resale,130000,79,apartment,4.0,1.0,7.0,7.0,2025.0,larnaka,Aradippou,34.945754,33.580932,7.071,4.623,True,False,False,False,True,False,2024-12-01,0,1645.5696202531647,1333
synthetic,True,resale,140000,80,apartment,3.0,1.0,2.0,2.0,2000.0,lemesos,Agía Zóni,34.67761,33.051435,2.084,0.696,True,False,False,False,True,False,2025-07-21,25,1750.0,2652
synthetic,True,resale,330000,221,house,3.0,2.0,,1.0,2016.0,lemesos,Ypsonas,34.714411,32.991314,7.184,6.173,True,False,False,True,True,False,2026-03-28,9,1493.212669683258,1306
synthetic,True,resale,438000,249,villa,4.0,4.0,,2.0,2022.0,lemesos,Zakaki,34.687409,33.021294,3.725,2.365,True,False,True,True,False,False,2026-02-02,3,1759.0361445783133,1611
synthetic,True,resale,137000,82,apartment,3.0,1.0,3.0,3.0,2017.0,lemesos,Potamos Germasogeias,34.699858,33.05951,4.86,2.291,False,False,False,False,False,False,2026-01-20,8,1670.7317073170732,2204
synthetic,True,resale,266000,92,apartment,1.0,1.0,7.0,8.0,2023.0,larnaka,Finikoudes,34.929099,33.639907,2.396,1.664,True,True,False,False,True,False,2025-07-10,2,2891.304347826087,2276
synthetic,True,resale,177000,68,apartment,1.0,1.0,8.0,9.0,2022.0,lemesos,Agía Zóni,34.68342,33.044174,2.92,0.239,False,False,True,False,False,False,2025-08-13,3,2602.9411764705883,2652
synthetic,True,resale,206000,113,house,3.0,2.0,,2.0,1972.0,lemesos,Agía Zóni,34.674929,33.054665,1.947,1.115,True,False,True,False,True,False,2025-03-10,53,1823.0088495575221,2652
synthetic,True,resale,494000,291,house,4.0,3.0,,1.0,1983.0,lemesos,Mouttagiaka,34.708377,33.075113,5.875,3.911,True,False,False,False,False,True,2024-10-01,42,1697.594501718213,3193
synthetic,True,new_build,289000,121,house,4.0,3.0,,1.0,1995.0,pafos,Kato Paphos,34.767489,32.410466,1.61,1.531,True,False,False,False,True,True,2024-11-03,30,2388.4297520661157,2730
synthetic,True,resale,166000,82,apartment,1.0,1.0,5.0,8.0,1976.0,lefkosia,Engomi,35.17827,33.347488,58.5,3.267,True,False,True,False,True,False,2024-12-20,49,2024.3902439024391,2024
synthetic,True,new_build,628000,254,villa,6.0,2.0,,1.0,2025.0,lemesos,Episkopi,34.674065,32.910113,12.135,12.496,True,False,False,True,True,False,2026-01-09,0,2472.4409448818897,1536
synthetic,True,new_build,290000,123,apartment,3.0,2.0,8.0,8.0,1998.0,lemesos,Polemidia,34.697811,33.008987,5.278,3.831,True,True,False,False,True,False,2025-07-28,27,2357.723577235772,1661
synthetic,True,resale,242000,121,apartment,3.0,1.0,7.0,8.0,2010.0,lefkosia,Strovolos,35.134668,33.338676,61.52,6.914,True,False,False,False,True,False,2025-02-23,15,2000.0,1771
synthetic,True,new_build,241000,127,apartment,2.0,1.0,3.0,3.0,2024.0,lefkosia,Nicosia Old Town,35.183757,33.376791,69.04,0.541,True,False,False,False,True,False,2024-09-23,1,1897.6377952755906,1660
synthetic,True,resale,575000,273,house,4.0,3.0,,2.0,2023.0,lemesos,Mesa Geitonia,34.681166,33.057339,2.967,1.008,True,False,False,True,True,False,2025-05-08,2,2106.227106227106,1927
synthetic,True,resale,1409000,536,villa,3.0,2.0,,2.0,1977.0,lemesos,Germasogeia,34.713452,33.083125,6.995,4.824,True,False,False,True,True,False,2026-03-30,48,2628.731343283582,2929
synthetic,True,new_build,986000,390,villa,4.0,3.0,,2.0,2015.0,lefkosia,Strovolos,35.135675,33.35963,55.79,5.922,True,False,False,True,True,False,2025-04-23,10,2528.2051282051284,1771
synthetic,True,resale,1294000,396,villa,4.0,4.0,,2.0,2024.0,pafos,Kato Paphos,34.763458,32.429743,2.162,1.435,False,True,False,True,True,True,2024-12-13,1,3267.6767676767677,2730
synthetic,True,resale,1601000,266,villa,5.0,2.0,,2.0,2021.0,lemesos,Mouttagiaka,34.712335,33.070858,6.532,4.019,False,True,True,True,True,True,2025-01-15,4,6018.796992481203,3193
synthetic,True,resale,270000,143,apartment,3.0,1.0,5.0,6.0,2010.0,lemesos,Potamos Germasogeias,34.704496,33.063629,5.731,2.928,True,False,False,False,True,False,2025-06-24,15,1888.1118881118882,2204
synthetic,True,resale,352000,175,house,3.0,2.0,,2.0,2023.0,lemesos,Mesa Geitonia,34.690736,33.056096,3.696,1.291,True,False,False,True,True,False,2025-04-22,2,2011.4285714285713,1927
synthetic,True,resale,226000,115,apartment,2.0,2.0,7.0,8.0,2019.0,lefkosia,Strovolos,35.152568,33.361756,51.284,4.12,False,False,False,False,True,False,2025-04-05,6,1965.2173913043478,1771
synthetic,True,new_build,355000,186,villa,4.0,4.0,,1.0,2004.0,lemesos,Zakaki,34.686069,33.033039,3.213,1.292,True,False,True,False,True,False,2025-01-25,21,1908.6021505376343,1611
synthetic,True,new_build,259000,102,house,4.0,2.0,,2.0,1971.0,larnaka,Finikoudes,34.925654,33.640326,1.831,1.582,True,True,False,False,True,False,2024-12-12,54,2539.2156862745096,2276
synthetic,True,resale,152000,65,apartment,2.0,2.0,6.0,7.0,1997.0,lemesos,Potamos Germasogeias,34.707148,33.059069,5.558,2.996,True,False,False,False,True,False,2025-05-31,28,2338.4615384615386,2204
synthetic,True,resale,350000,239,house,5.0,3.0,,1.0,2013.0,lemesos,Zakaki,34.686826,33.015267,3.621,2.891,True,False,False,False,True,False,2025-08-08,12,1464.4351464435147,1611
synthetic,True,new_build,203000,93,house,5.0,2.0,,2.0,2003.0,lemesos,Potamos Germasogeias,34.703101,33.073114,5.234,3.364,True,False,False,True,True,False,2025-10-25,22,2182.7956989247314,2204
synthetic,True,resale,176000,179,apartment,2.0,1.0,5.0,8.0,2025.0,lefkosia,Lakatamia,35.137196,33.312137,58.636,8.346,False,False,False,False,False,False,2025-11-03,0,983.2402234636871,1517
synthetic,True,resale,183000,172,house,3.0,3.0,,2.0,1985.0,lemesos,Ypsonas,34.701922,33.00097,6.108,4.692,False,False,False,False,True,False,2025-10-04,40,1063.953488372093,1306
synthetic,True,resale,281000,176,apartment,2.0,2.0,5.0,6.0,2009.0,lefkosia,Lakatamia,35.121325,33.316004,61.147,9.349,True,False,False,False,True,False,2025-08-31,16,1596.590909090909,1517
synthetic,True,resale,276000,172,house,3.0,2.0,,2.0,2023.0,lemesos,Kato Polemidia,34.698338,33.009055,5.294,3.852,True,False,False,True,False,False,2026-02-10,2,1604.6511627906978,1493
synthetic,True,new_build,823000,255,villa,6.0,2.0,,2.0,2009.0,lemesos,Mouttagiaka,34.707596,33.076657,6.073,3.945,True,False,True,False,True,True,2024-07-28,16,3227.450980392157,3193
synthetic,True,resale,93000,58,apartment,3.0,1.0,4.0,4.0,2016.0,larnaka,Drosia,34.930967,33.626376,2.664,0.94,True,True,False,False,False,False,2025-06-10,9,1603.448275862069,1832
synthetic,True,resale,677000,173,apartment,1.0,1.0,6.0,9.0,2018.0,lemesos,Agios Tychonas,34.701425,33.080323,6.032,3.761,False,False,False,False,True,True,2025-12-16,7,3913.2947976878613,3788
synthetic,True,new_build,445000,115,house,3.0,3.0,,1.0,2013.0,lemesos,Mouttagiaka,34.706003,33.076857,6.34,3.834,True,False,False,True,True,True,2025-03-08,12,3869.5652173913045,3193
synthetic,True,resale,74000,72,apartment,3.0,2.0,7.0,10.0,1981.0,lefkosia,Strovolos,35.149371,33.342336,50.428,5.425,False,False,False,False,False,False,2024-06-29,44,1027.7777777777778,1771
synthetic,True,resale,73000,55,apartment,4.0,1.0,8.0,8.0,1995.0,lemesos,Mesa Geitonia,34.684587,33.048898,2.874,0.342,True,False,False,False,False,False,2025-05-18,30,1327.2727272727273,1927
synthetic,True,resale,581000,296,house,4.0,2.0,,1.0,2007.0,lemesos,Mesa Geitonia,34.680458,33.040818,2.356,0.55,False,False,False,True,True,False,2024-12-03,18,1962.837837837838,1927
synthetic,True,resale,1942000,2026,land,,,,,,lemesos,Mouttagiaka,34.714093,33.086091,7.488,5.066,True,False,False,False,True,True,2025-01-07,20,958.5389930898322,3193
synthetic,True,resale,223000,124,apartment,2.0,1.0,7.0,10.0,2004.0,lefkosia,Engomi,35.182237,33.344726,55.279,3.435,True,False,False,False,True,False,2026-04-06,21,1798.3870967741937,2024
synthetic,True,resale,169000,127,apartment,3.0,2.0,5.0,7.0,1997.0,lemesos,Kato Polemidia,34.693473,33.001968,5.192,4.248,True,False,False,False,True,False,2024-06-19,28,1330.708661417323,1493
synthetic,True,resale,416000,258,villa,6.0,3.0,,2.0,2025.0,lemesos,Kato Polemidia,34.691846,33.024504,3.723,2.266,True,False,True,True,True,False,2024-11-24,0,1612.4031007751937,1493
synthetic,True,resale,536000,276,house,3.0,3.0,,1.0,2024.0,lemesos,Agía Zóni,34.676657,33.039807,1.587,0.87,True,False,False,False,False,False,2025-02-26,1,1942.0289855072465,2652
synthetic,True,resale,272000,158,apartment,2.0,1.0,4.0,4.0,1993.0,lemesos,Mesa Geitonia,34.691479,33.05055,3.557,1.089,True,False,False,False,True,False,2025-07-05,32,1721.5189873417721,1927
synthetic,True,resale,261000,232,house,4.0,3.0,,1.0,1996.0,lefkosia,Strovolos,35.135625,33.345127,69.276,6.504,True,False,False,True,False,False,2026-03-21,29,1125.0,1771
synthetic,True,resale,814000,442,villa,4.0,4.0,,2.0,2016.0,lefkosia,Strovolos,35.138884,33.358604,56.427,5.624,True,False,False,True,False,False,2024-05-08,9,1841.6289592760181,1771
synthetic,True,resale,117000,79,apartment,2.0,2.0,7.0,9.0,1974.0,lemesos,Polemidia,34.697759,33.029401,4.613,2.317,True,False,False,False,True,False,2024-09-02,51,1481.012658227848,1661
synthetic,True,resale,175000,94,house,4.0,2.0,,2.0,2023.0,larnaka,Aradippou,34.940796,33.592433,5.417,3.446,True,False,False,False,True,False,2025-04-09,2,1861.7021276595744,1333
synthetic,True,new_build,151000,101,apartment,2.0,1.0,2.0,3.0,2013.0,lemesos,Zakaki,34.689886,33.016231,3.988,2.885,False,False,False,False,True,False,2025-10-12,12,1495.049504950495,1611
synthetic,True,resale,1001000,656,villa,5.0,3.0,,2.0,2001.0,lemesos,Zakaki,34.681881,33.034709,2.338,1.07,True,False,False,True,False,False,2025-05-25,24,1525.9146341463415,1611
synthetic,True,resale,275000,107,apartment,1.0,1.0,7.0,7.0,2017.0,lemesos,Potamos Germasogeias,34.709531,33.068398,6.264,3.635,True,True,False,False,False,False,2025-07-09,8,2570.0934579439254,2204
synthetic,True,new_build,732000,138,house,4.0,3.0,,2.0,2020.0,lemesos,Agios Tychonas,34.715651,33.088144,7.767,5.321,True,False,False,True,True,True,2024-08-27,5,5304.347826086957,3788
synthetic,True,new_build,326000,129,house,3.0,3.0,,2.0,2007.0,lemesos,Agía Zóni,34.680242,33.050981,2.497,0.477,False,False,False,False,False,False,2025-09-02,18,2527.1317829457366,2652
synthetic,True,resale,225000,203,house,4.0,2.0,,2.0,2010.0,larnaka,Aradippou,34.949035,33.603186,5.371,3.436,False,False,False,True,False,False,2024-11-09,15,1108.3743842364531,1333
synthetic,True,resale,240000,127,apartment,2.0,1.0,8.0,10.0,2009.0,lemesos,Mesa Geitonia,34.690232,33.041424,3.194,0.992,True,False,False,False,True,False,2025-04-14,16,1889.763779527559,1927
synthetic,True,resale,84000,66,apartment,1.0,1.0,1.0,4.0,1998.0,lemesos,Polemidia,34.698696,33.026767,4.247,2.559,True,False,False,False,True,False,2025-07-27,27,1272.7272727272727,1661
synthetic,True,resale,60000,62,apartment,1.0,1.0,4.0,7.0,1996.0,larnaka,Aradippou,34.947165,33.599064,5.495,3.487,True,False,False,False,False,False,2025-03-09,29,967.741935483871,1333
synthetic,True,resale,214000,153,apartment,2.0,2.0,3.0,3.0,1989.0,lemesos,Mesa Geitonia,34.694865,33.049774,4.12,1.431,False,False,False,False,False,False,2026-01-12,36,1398.6928104575163,1927
synthetic,True,resale,3092000,632,villa,4.0,2.0,,2.0,2014.0,lemesos,Mouttagiaka,34.705891,33.089095,6.695,4.703,True,False,True,True,True,True,2025-03-08,11,4892.405063291139,3193
synthetic,True,new_build,218000,124,house,3.0,2.0,,2.0,2021.0,lemesos,Kato Polemidia,34.692372,33.011328,4.583,3.397,True,False,False,True,True,False,2025-03-10,4,1758.0645161290322,1493
synthetic,True,new_build,242000,118,house,5.0,2.0,,1.0,2016.0,lemesos,Potamos Germasogeias,34.706103,33.065787,5.412,3.185,False,False,False,True,False,False,2024-07-13,9,2050.8474576271187,2204
synthetic,True,resale,102000,57,apartment,2.0,2.0,6.0,7.0,2022.0,lemesos,Polemidia,34.694235,33.022906,3.928,2.525,True,False,False,False,True,False,2025-04-22,3,1789.4736842105262,1661
synthetic,True,resale,147000,78,apartment,2.0,1.0,8.0,9.0,2016.0,lemesos,Mesa Geitonia,34.690634,33.052321,3.707,1.073,False,False,False,False,True,False,2026-03-16,9,1884.6153846153845,1927
synthetic,True,resale,422000,201,house,5.0,3.0,,2.0,2007.0,lemesos,Episkopi,34.67123,32.907747,12.078,12.739,True,True,True,True,False,False,2026-04-14,18,2099.502487562189,1536
synthetic,True,resale,330000,519,land,,,,,,lefkosia,Nicosia Old Town,35.182766,33.379186,69.985,0.424,True,False,False,False,True,False,2024-10-15,20,635.8381502890173,1660
synthetic,True,resale,223000,169,apartment,2.0,2.0,4.0,7.0,1997.0,lemesos,Potamos Germasogeias,34.709881,33.071629,6.438,3.837,True,False,False,False,False,False,2024-05-18,28,1319.526627218935,2204
synthetic,True,resale,76000,50,apartment,1.0,1.0,6.0,6.0,2020.0,larnaka,Finikoudes,34.928607,33.63068,2.274,0.925,True,False,False,False,False,False,2024-11-27,5,1520.0,2276
synthetic,True,new_build,149000,86,apartment,3.0,2.0,2.0,5.0,2019.0,lemesos,Zakaki,34.69053,33.022228,4.031,2.392,True,False,True,False,False,False,2026-02-19,6,1732.5581395348838,1611
synthetic,True,resale,162000,123,apartment,4.0,2.0,4.0,7.0,2010.0,lefkosia,Lakatamia,35.139408,33.324392,51.16,7.355,False,False,False,False,True,False,2025-06-27,15,1317.0731707317073,1517
synthetic,True,resale,627000,212,house,4.0,3.0,,1.0,2005.0,lemesos,Germasogeia,34.701882,33.07561,5.232,3.446,True,False,False,True,True,False,2025-05-06,20,2957.5471698113206,2929
synthetic,True,new_build,338000,164,house,4.0,2.0,,1.0,2013.0,lemesos,Potamos Germasogeias,34.703838,33.06613,5.287,2.998,True,False,True,False,False,False,2025-07-30,12,2060.9756097560976,2204
synthetic,True,resale,341000,115,apartment,4.0,1.0,7.0,8.0,2008.0,lemesos,Mouttagiaka,34.715725,33.086996,7.683,5.252,True,False,True,False,True,True,2024-07-13,17,2965.217391304348,3193
synthetic,True,resale,177000,124,apartment,1.0,1.0,2.0,3.0,1980.0,lemesos,Polemidia,34.700244,33.022731,4.967,2.944,True,False,False,False,True,False,2025-04-08,45,1427.4193548387098,1661
synthetic,True,resale,837000,449,villa,5.0,3.0,,1.0,2005.0,lemesos,Polemidia,34.698116,33.007967,4.711,3.929,True,False,False,True,True,False,2024-06-27,20,1864.142538975501,1661
synthetic,True,resale,181000,173,house,4.0,2.0,,2.0,1992.0,lefkosia,Nicosia Old Town,35.182425,33.371142,63.045,1.074,True,False,False,True,True,False,2024-05-17,33,1046.242774566474,1660
synthetic,True,resale,753000,296,house,4.0,2.0,,1.0,2002.0,lemesos,Germasogeia,34.718877,33.06535,6.656,4.421,True,False,False,True,True,False,2025-12-06,23,2543.9189189189187,2929
synthetic,True,new_build,233000,155,house,3.0,2.0,,2.0,1971.0,larnaka,Drosia,34.934493,33.630494,2.892,1.446,True,False,True,True,False,False,2024-10-25,54,1503.225806451613,1832
synthetic,True,new_build,340000,152,house,3.0,2.0,,2.0,2024.0,lefkosia,Strovolos,35.146391,33.353051,51.022,5.107,True,False,False,True,True,False,2024-08-30,1,2236.842105263158,1771
synthetic,True,resale,205000,87,apartment,3.0,2.0,4.0,6.0,2022.0,pafos,Kato Paphos,34.766458,32.427685,1.955,1.057,True,True,False,False,False,True,2026-01-14,3,2356.32183908046,2730
synthetic,True,resale,665000,267,house,3.0,2.0,,2.0,2017.0,lemesos,Agía Zóni,34.674986,33.042076,1.553,0.904,False,False,False,True,True,False,2025-09-14,8,2490.63670411985,2652
synthetic,True,resale,412000,286,house,3.0,3.0,,2.0,2017.0,lemesos,Potamos Germasogeias,34.696294,33.069392,4.578,2.615,True,False,False,True,False,False,2024-09-16,8,1440.5594405594406,2204
synthetic,True,resale,215000,124,apartment,2.0,1.0,1.0,2.0,2014.0,pafos,Yeroskipou,34.758264,32.446989,3.305,2.836,False,False,False,False,True,False,2026-02-16,11,1733.8709677419354,1531
synthetic,True,resale,168000,110,apartment,3.0,1.0,6.0,8.0,2023.0,lefkosia,Lakatamia,35.136043,33.312008,68.069,8.438,False,False,False,False,True,False,2026-04-13,2,1527.2727272727273,1517
synthetic,True,new_build,723000,279,house,5.0,3.0,,2.0,2025.0,lemesos,Potamos Germasogeias,34.696916,33.059221,4.565,2.004,True,False,True,False,True,False,2025-04-11,0,2591.3978494623657,2204
synthetic,True,new_build,424000,188,apartment,2.0,1.0,4.0,6.0,2017.0,larnaka,Drosia,34.92239,33.625745,1.831,0.23,False,False,False,False,True,False,2025-06-04,8,2255.31914893617,1832
synthetic,True,resale,163000,102,apartment,3.0,2.0,6.0,9.0,2025.0,lefkosia,Lakatamia,35.136399,33.332234,52.692,7.116,False,False,False,False,False,False,2025-04-11,0,1598.0392156862745,1517
synthetic,True,resale,341000,184,apartment,2.0,2.0,3.0,6.0,2025.0,lefkosia,Strovolos,35.140341,33.345771,57.683,6.029,True,False,False,False,True,False,2025-08-02,0,1853.2608695652175,1771
synthetic,True,resale,95000,54,apartment,3.0,2.0,6.0,6.0,2019.0,lemesos,Mesa Geitonia,34.682043,33.04531,2.332,0.104,True,False,False,False,True,False,2024-10-14,6,1759.2592592592594,1927
synthetic,True,resale,131000,83,apartment,2.0,1.0,5.0,5.0,2016.0,lefkosia,Nicosia Old Town,35.179253,33.367165,55.588,1.546,False,False,False,False,True,False,2025-06-17,9,1578.313253012048,1660
synthetic,True,resale,156000,83,apartment,2.0,2.0,4.0,7.0,2003.0,pafos,Kato Paphos,34.758224,32.421722,1.255,1.933,True,True,False,False,False,True,2026-01-12,22,1879.5180722891566,2730
synthetic,True,new_build,209000,93,apartment,2.0,2.0,6.0,7.0,2023.0,lefkosia,Strovolos,35.141485,33.345371,64.543,5.944,True,False,False,False,True,False,2024-11-29,2,2247.3118279569894,1771
synthetic,True,resale,612000,174,house,4.0,3.0,,1.0,1996.0,lemesos,Agía Zóni,34.682397,33.050792,2.621,0.402,True,True,True,False,True,False,2025-08-16,29,3517.2413793103447,2652
synthetic,True,resale,144000,101,apartment,2.0,2.0,2.0,2.0,2025.0,lefkosia,Nicosia Old Town,35.180752,33.36444,66.218,1.71,True,False,False,False,False,False,2024-11-23,0,1425.7425742574258,1660
synthetic,True,resale,258000,135,apartment,1.0,1.0,7.0,8.0,2003.0,lefkosia,Engomi,35.172359,33.357861,50.666,2.665,True,False,False,False,True,False,2025-03-03,22,1911.111111111111,2024
synthetic,True,resale,196000,142,house,3.0,3.0,,2.0,2017.0,lemesos,Zakaki,34.688886,33.025946,3.77,2.009,False,False,False,False,False,False,2026-03-01,8,1380.281690140845,1611
synthetic,True,resale,166000,99,house,3.0,3.0,,1.0,2006.0,lemesos,Zakaki,34.68804,33.018389,4.085,2.639,True,False,True,True,False,False,2024-10-18,19,1676.7676767676767,1611
synthetic,True,resale,301000,121,apartment,2.0,1.0,4.0,6.0,2007.0,larnaka,Finikoudes,34.924884,33.633926,1.75,0.994,True,True,False,False,True,False,2025-03-12,18,2487.603305785124,2276
synthetic,True,new_build,1400000,414,villa,5.0,4.0,,2.0,2015.0,lefkosia,Engomi,35.180182,33.348743,69.18,3.109,True,False,True,True,True,False,2024-07-27,10,3381.6425120772947,2024
synthetic,True,resale,561000,295,house,4.0,2.0,,1.0,2001.0,lefkosia,Lakatamia,35.126461,33.333333,67.35,7.941,True,False,True,True,True,False,2025-03-20,24,1901.6949152542372,1517
synthetic,True,resale,393000,200,apartment,1.0,1.0,4.0,5.0,2018.0,lefkosia,Strovolos,35.146791,33.35727,66.903,4.878,True,False,False,False,True,False,2025-07-21,7,1965.0,1771
synthetic,True,resale,133000,65,apartment,1.0,1.0,3.0,5.0,2006.0,lefkosia,Engomi,35.16838,33.343092,52.63,4.045,False,False,False,False,True,False,2025-05-19,19,2046.1538461538462,2024
synthetic,True,new_build,1819000,554,villa,4.0,3.0,,2.0,2025.0,pafos,Kato Paphos,34.769959,32.412043,1.611,1.262,False,False,True,True,True,True,2025-03-09,0,3283.3935018050543,2730
synthetic,True,resale,307000,184,apartment,3.0,1.0,7.0,7.0,2024.0,lemesos,Episkopi,34.661933,32.928452,10.264,11.021,True,False,False,False,True,False,2025-10-10,1,1668.4782608695652,1536
synthetic,True,resale,134000,70,apartment,2.0,1.0,4.0,6.0,1995.0,lefkosia,Engomi,35.169088,33.347508,61.88,3.657,False,False,False,False,True,False,2026-03-02,30,1914.2857142857142,2024
synthetic,True,resale,606000,857,land,,,,,,larnaka,Drosia,34.924489,33.623435,2.146,0.177,True,False,False,False,True,False,2025-07-02,20,707.1178529754959,1832
synthetic,True,new_build,1555000,885,land,,,,,,lemesos,Agios Tychonas,34.713831,33.085898,7.135,5.033,False,False,False,False,True,True,2024-11-10,20,1757.0621468926554,3788
synthetic,True,resale,139000,91,house,4.0,3.0,,1.0,1983.0,lefkosia,Strovolos,35.131992,33.359736,68.525,6.304,True,False,False,True,False,False,2026-02-02,42,1527.4725274725274,1771
synthetic,True,resale,144000,88,apartment,3.0,1.0,5.0,6.0,2024.0,lefkosia,Strovolos,35.150645,33.347452,59.128,5.014,True,False,False,False,True,False,2024-06-07,1,1636.3636363636363,1771
synthetic,True,resale,1007000,213,villa,5.0,2.0,,2.0,2009.0,lemesos,Agios Tychonas,34.71355,33.091069,7.662,5.362,False,False,True,True,True,True,2026-02-23,16,4727.699530516432,3788
synthetic,True,resale,140000,74,apartment,1.0,1.0,5.0,6.0,2009.0,lefkosia,Strovolos,35.130885,33.342809,66.43,7.064,False,False,True,False,True,False,2025-04-26,16,1891.8918918918919,1771
synthetic,True,resale,173000,75,apartment,3.0,1.0,6.0,7.0,2024.0,lemesos,Pyrgos,34.721923,33.09586,8.375,6.313,True,False,False,False,False,True,2025-01-21,1,2306.6666666666665,2440
synthetic,True,resale,173000,133,apartment,2.0,1.0,2.0,2.0,2005.0,lefkosia,Lakatamia,35.123267,33.320339,68.729,8.932,True,False,True,False,False,False,2024-08-22,20,1300.751879699248,1517
synthetic,True,new_build,113000,46,apartment,3.0,2.0,3.0,3.0,2016.0,lefkosia,Engomi,35.169183,33.339202,69.379,4.322,False,False,False,False,True,False,2025-07-07,9,2456.521739130435,2024
synthetic,True,resale,407000,195,apartment,2.0,1.0,7.0,10.0,2010.0,lefkosia,Engomi,35.173916,33.355289,54.341,2.778,True,False,True,False,True,False,2025-12-01,15,2087.1794871794873,2024
synthetic,True,resale,241000,111,house,5.0,3.0,,1.0,2002.0,pafos,Kato Paphos,34.755041,32.425126,1.286,2.277,True,False,False,False,True,True,2025-07-28,23,2171.171171171171,2730
synthetic,True,resale,46000,46,apartment,2.0,1.0,8.0,9.0,1977.0,pafos,Yeroskipou,34.760446,32.445386,3.282,2.566,True,False,False,False,False,False,2024-05-24,48,1000.0,1531
synthetic,True,resale,888000,638,villa,5.0,2.0,,2.0,1988.0,lefkosia,Strovolos,35.150314,33.34778,51.983,5.024,False,False,True,True,False,False,2024-08-21,37,1391.8495297805644,1771
synthetic,True,resale,323000,290,house,5.0,3.0,,2.0,1997.0,lemesos,Zakaki,34.682771,33.025416,2.969,1.919,False,False,False,False,True,False,2024-07-13,28,1113.7931034482758,1611
synthetic,True,resale,271000,147,apartment,1.0,1.0,4.0,4.0,2012.0,lefkosia,Strovolos,35.136962,33.339501,51.66,6.662,True,False,False,False,True,False,2025-11-28,13,1843.5374149659865,1771
synthetic,True,new_build,449000,135,house,4.0,2.0,,2.0,2015.0,lemesos,Agía Zóni,34.6749,33.044095,1.704,0.849,True,False,True,True,True,False,2024-05-19,10,3325.925925925926,2652
synthetic,True,new_build,625000,255,villa,6.0,2.0,,2.0,1976.0,lemesos,Potamos Germasogeias,34.695869,33.06864,4.951,2.532,True,False,True,True,True,False,2024-08-25,49,2450.9803921568628,2204
synthetic,True,resale,81000,58,apartment,2.0,1.0,1.0,3.0,1980.0,lefkosia,Nicosia Old Town,35.175866,33.368897,69.947,1.63,True,False,False,False,True,False,2025-03-31,45,1396.551724137931,1660
synthetic,True,new_build,155000,94,apartment,2.0,1.0,7.0,7.0,2018.0,larnaka,Aradippou,34.941167,33.597217,5.054,3.127,True,False,False,False,True,False,2025-06-01,7,1648.936170212766,1333
synthetic,True,resale,62000,47,apartment,4.0,2.0,7.0,10.0,1975.0,lefkosia,Strovolos,35.143047,33.352638,54.74,5.446,True,False,False,False,True,False,2025-01-13,50,1319.1489361702127,1771
synthetic,True,new_build,979000,251,villa,6.0,2.0,,1.0,2010.0,lemesos,Mouttagiaka,34.718397,33.082416,7.799,5.191,True,False,True,True,False,True,2025-11-26,15,3900.398406374502,3193
synthetic,True,new_build,89000,45,apartment,3.0,1.0,1.0,2.0,2021.0,lemesos,Kato Polemidia,34.691873,33.001119,5.284,4.275,True,True,False,False,True,False,2024-10-14,4,1977.7777777777778,1493
synthetic,True,resale,2007000,679,villa,3.0,2.0,,2.0,2023.0,larnaka,Finikoudes,34.92158,33.64125,1.092,1.643,True,True,True,True,False,False,2025-10-23,2,2955.8173784977907,2276
synthetic,True,new_build,489000,225,villa,6.0,4.0,,2.0,2021.0,lefkosia,Engomi,35.176895,33.34465,65.904,3.556,False,False,True,True,True,False,2026-03-02,4,2173.3333333333335,2024
synthetic,True,resale,122000,109,house,4.0,2.0,,2.0,2008.0,lemesos,Kato Polemidia,34.691159,33.019622,3.889,2.639,True,False,False,False,False,False,2025-03-09,17,1119.2660550458716,1493
synthetic,True,resale,604000,236,house,3.0,3.0,,2.0,1998.0,lefkosia,Engomi,35.179117,33.341954,61.449,3.737,False,False,True,False,True,False,2024-11-27,27,2559.322033898305,2024
synthetic,True,resale,149000,75,apartment,3.0,1.0,6.0,9.0,1992.0,lemesos,Agía Zóni,34.679911,33.038752,2.696,0.748,True,False,False,False,True,False,2024-09-03,33,1986.6666666666667,2652
synthetic,True,resale,481000,229,villa,4.0,3.0,,2.0,1992.0,lefkosia,Engomi,35.171374,33.343583,69.602,3.858,True,False,False,True,False,False,2024-08-07,33,2100.4366812227076,2024
synthetic,True,resale,75000,58,apartment,2.0,1.0,4.0,6.0,1985.0,lefkosia,Engomi,35.172955,33.349591,59.924,3.289,True,False,False,False,False,False,2024-10-28,40,1293.103448275862,2024
synthetic,True,resale,301000,141,house,3.0,2.0,,1.0,2017.0,lemesos,Potamos Germasogeias,34.705627,33.057894,5.553,2.799,False,False,False,True,True,False,2025-10-02,8,2134.751773049645,2204
synthetic,True,resale,294000,154,house,3.0,3.0,,1.0,2004.0,pafos,Kato Paphos,34.767605,32.42191,1.906,0.9,True,False,False,True,True,True,2024-05-07,21,1909.090909090909,2730
synthetic,True,resale,221000,94,house,4.0,3.0,,2.0,2008.0,lemesos,Potamos Germasogeias,34.701249,33.065914,4.978,2.761,False,False,True,True,True,False,2026-02-11,17,2351.063829787234,2204
synthetic,True,resale,211000,146,apartment,2.0,2.0,8.0,11.0,2002.0,larnaka,Drosia,34.930149,33.635801,2.521,1.396,True,True,False,False,False,False,2025-02-10,23,1445.2054794520548,1832
synthetic,True,resale,156000,154,house,4.0,3.0,,1.0,2017.0,larnaka,Aradippou,34.946473,33.590255,6.015,3.993,True,False,False,True,True,False,2025-04-13,8,1012.987012987013,1333
synthetic,True,resale,229000,111,apartment,2.0,2.0,6.0,7.0,2025.0,lemesos,Mesa Geitonia,34.694087,33.043624,4.055,1.335,False,False,False,False,True,False,2025-01-13,0,2063.063063063063,1927
synthetic,True,resale,232000,79,apartment,2.0,2.0,4.0,4.0,2015.0,lemesos,Pyrgos,34.714967,33.109454,8.559,6.813,True,False,True,False,True,True,2025-07-23,10,2936.7088607594937,2440
synthetic,True,resale,257000,135,apartment,2.0,2.0,3.0,6.0,2010.0,larnaka,Drosia,34.930483,33.630311,2.202,1.058,True,False,False,False,True,False,2025-02-25,15,1903.7037037037037,1832
synthetic,True,resale,148000,88,apartment,1.0,1.0,4.0,4.0,2022.0,lemesos,Zakaki,34.693986,33.031895,3.786,1.857,True,False,False,False,False,False,2024-06-25,3,1681.8181818181818,1611
synthetic,True,resale,1658000,568,villa,6.0,4.0,,1.0,2025.0,lefkosia,Strovolos,35.134307,33.355677,60.044,6.196,True,False,True,True,True,False,2024-07-29,0,2919.0140845070423,1771
synthetic,True,resale,164000,129,apartment,3.0,1.0,8.0,9.0,2003.0,lemesos,Kato Polemidia,34.687588,33.023915,3.672,2.138,True,False,False,False,False,False,2024-09-21,22,1271.3178294573643,1493
synthetic,True,resale,303000,185,apartment,2.0,2.0,4.0,4.0,2020.0,lemesos,Ypsonas,34.701381,33.002073,5.382,4.574,False,False,False,False,True,False,2025-05-19,5,1637.837837837838,1306
synthetic,True,resale,198000,389,land,,,,,,pafos,Yeroskipou,34.759428,32.457359,4.33,3.525,False,False,False,False,True,False,2024-08-29,20,508.9974293059126,1531
synthetic,True,resale,484000,304,villa,3.0,3.0,,2.0,1997.0,lefkosia,Strovolos,35.149074,33.356158,59.425,4.706,False,False,True,True,False,False,2024-05-12,28,1592.1052631578948,1771
synthetic,True,resale,77000,54,apartment,1.0,1.0,4.0,5.0,2022.0,larnaka,Aradippou,34.946504,33.592581,5.973,3.838,True,False,False,False,True,False,2025-06-17,3,1425.9259259259259,1333
synthetic,True,resale,75000,51,apartment,2.0,2.0,3.0,3.0,2019.0,lemesos,Ypsonas,34.701146,33.002284,5.828,4.545,True,False,False,False,True,False,2025-09-30,6,1470.5882352941176,1306
synthetic,True,resale,405000,285,house,5.0,3.0,,2.0,2010.0,lefkosia,Lakatamia,35.136682,33.311023,57.382,8.46,True,False,False,True,True,False,2025-05-15,15,1421.0526315789473,1517
synthetic,True,new_build,581000,310,villa,4.0,2.0,,2.0,1997.0,lefkosia,Lakatamia,35.130416,33.311981,64.015,8.861,False,False,True,False,True,False,2024-05-15,28,1874.1935483870968,1517
synthetic,True,new_build,194000,90,apartment,2.0,1.0,8.0,11.0,2018.0,lemesos,Zakaki,34.685684,33.034824,2.711,1.123,False,True,False,False,False,False,2024-10-29,7,2155.5555555555557,1611
synthetic,True,resale,110000,108,apartment,2.0,1.0,5.0,8.0,1983.0,lemesos,Zakaki,34.694732,33.028233,4.216,2.161,True,False,False,False,False,False,2025-04-27,42,1018.5185185185185,1611
synthetic,True,resale,1091000,615,villa,5.0,4.0,,1.0,2012.0,pafos,Chloraka,34.789512,32.424939,4.17,1.56,True,False,False,True,False,False,2024-06-30,13,1773.9837398373984,1903
synthetic,True,resale,125000,113,house,4.0,2.0,,2.0,2008.0,larnaka,Aradippou,34.951726,33.582992,7.186,4.876,True,False,True,False,True,False,2024-05-22,17,1106.1946902654868,1333
synthetic,True,resale,185000,51,apartment,1.0,1.0,6.0,8.0,2020.0,lemesos,Mouttagiaka,34.715742,33.075223,6.968,4.558,False,False,False,False,True,True,2026-02-21,5,3627.450980392157,3193
synthetic,True,resale,324000,232,house,4.0,2.0,,2.0,2015.0,lemesos,Ypsonas,34.708503,33.003756,6.196,4.867,True,False,True,True,True,False,2026-03-11,10,1396.551724137931,1306
synthetic,True,resale,262000,98,apartment,2.0,1.0,1.0,3.0,1995.0,lemesos,Mouttagiaka,34.710367,33.084563,7.079,4.681,True,False,False,False,True,True,2024-05-06,30,2673.469387755102,3193
synthetic,True,resale,152000,98,apartment,1.0,1.0,2.0,5.0,1989.0,lefkosia,Nicosia Old Town,35.170919,33.380051,51.171,1.645,False,False,False,False,True,False,2025-11-27,36,1551.0204081632653,1660
synthetic,True,new_build,155000,54,apartment,1.0,1.0,4.0,5.0,1975.0,pafos,Kato Paphos,34.755975,32.425992,1.195,2.178,True,True,False,False,True,True,2025-09-30,50,2870.3703703703704,2730
synthetic,True,resale,416000,132,apartment,2.0,1.0,6.0,7.0,2025.0,lemesos,Germasogeia,34.706146,33.074827,6.356,3.713,True,False,False,False,True,False,2025-07-12,0,3151.5151515151515,2929
synthetic,True,resale,117000,65,apartment,2.0,1.0,1.0,3.0,2023.0,lemesos,Potamos Germasogeias,34.698471,33.058048,4.808,2.09,True,False,False,False,False,False,2025-04-14,2,1800.0,2204
synthetic,True,new_build,133000,68,apartment,2.0,1.0,5.0,8.0,2017.0,lefkosia,Lakatamia,35.128484,33.31617,56.349,8.745,True,False,False,False,True,False,2024-06-20,8,1955.8823529411766,1517
synthetic,True,resale,173000,61,apartment,2.0,2.0,3.0,5.0,1999.0,lemesos,Germasogeia,34.712502,33.086025,7.284,4.94,True,False,False,False,True,False,2025-06-04,26,2836.065573770492,2929
synthetic,True,resale,119000,75,apartment,3.0,2.0,1.0,2.0,2019.0,lemesos,Germasogeia,34.709563,33.081947,6.485,4.444,True,False,False,False,False,False,2025-01-23,6,1586.6666666666667,2929
synthetic,True,resale,366000,178,apartment,2.0,2.0,7.0,8.0,2009.0,lefkosia,Strovolos,35.138692,33.358497,63.82,5.647,True,False,False,False,True,False,2025-10-08,16,2056.179775280899,1771
synthetic,True,resale,324000,88,apartment,4.0,2.0,4.0,5.0,2023.0,lemesos,Agía Zóni,34.682964,33.052139,2.725,0.53,True,True,False,False,False,False,2024-12-18,2,3681.818181818182,2652
synthetic,True,resale,1167000,247,villa,5.0,2.0,,2.0,2001.0,lemesos,Germasogeia,34.711644,33.065992,6.42,3.722,True,True,True,True,True,False,2025-05-02,24,4724.6963562753035,2929
synthetic,True,resale,440000,670,land,,,,,,lefkosia,Strovolos,35.147782,33.355778,67.014,4.847,False,False,False,False,False,False,2024-11-21,20,656.7164179104477,1771
synthetic,True,new_build,230000,89,apartment,2.0,1.0,8.0,9.0,2010.0,lemesos,Potamos Germasogeias,34.695907,33.069666,4.846,2.61,True,True,False,False,False,False,2025-09-01,15,2584.2696629213483,2204
synthetic,True,resale,91000,49,apartment,3.0,1.0,6.0,9.0,2022.0,lemesos,Mesa Geitonia,34.686264,33.059448,3.408,1.272,True,False,False,False,True,False,2024-12-29,3,1857.142857142857,1927
synthetic,True,resale,109000,65,apartment,4.0,1.0,8.0,9.0,2024.0,lefkosia,Lakatamia,35.128839,33.311382,56.175,9.022,True,False,True,False,False,False,2025-04-05,1,1676.923076923077,1517
synthetic,True,resale,499000,236,house,4.0,3.0,,1.0,2023.0,lemesos,Potamos Germasogeias,34.699898,33.071763,5.35,3.034,True,False,False,False,True,False,2026-02-21,2,2114.406779661017,2204
synthetic,True,resale,610000,165,apartment,2.0,2.0,8.0,9.0,2008.0,lemesos,Agía Zóni,34.679421,33.038713,2.259,0.772,True,True,False,False,True,False,2025-02-06,17,3696.969696969697,2652
synthetic,True,new_build,1928000,684,villa,4.0,3.0,,2.0,2015.0,lefkosia,Engomi,35.174601,33.351824,63.461,3.028,True,False,True,True,False,False,2025-08-07,10,2818.7134502923977,2024
synthetic,True,resale,507000,178,apartment,2.0,1.0,7.0,7.0,2010.0,pafos,Kato Paphos,34.765144,32.426267,1.799,1.168,False,True,False,False,True,True,2024-05-13,15,2848.3146067415732,2730
synthetic,True,resale,227000,154,apartment,2.0,2.0,3.0,6.0,2012.0,lemesos,Kato Polemidia,34.687151,33.01167,3.618,3.221,False,False,True,False,True,False,2024-11-02,13,1474.025974025974,1493
synthetic,True,resale,771000,267,villa,4.0,3.0,,2.0,2012.0,lemesos,Agía Zóni,34.67243,33.043951,1.239,1.12,True,True,True,True,True,False,2025-10-23,13,2887.6404494382023,2652
synthetic,True,resale,351000,177,house,3.0,2.0,,2.0,2019.0,lemesos,Mesa Geitonia,34.684873,33.04622,2.676,0.287,True,False,False,True,True,False,2025-04-04,6,1983.050847457627,1927
synthetic,True,new_build,318000,121,house,4.0,3.0,,2.0,1998.0,lemesos,Agía Zóni,34.681849,33.042508,2.194,0.359,False,True,False,False,True,False,2025-03-04,27,2628.099173553719,2652
synthetic,True,resale,597000,361,villa,5.0,2.0,,2.0,1985.0,lemesos,Kato Polemidia,34.690359,33.002161,4.791,4.143,False,False,True,True,True,False,2024-08-11,40,1653.7396121883658,1493
synthetic,True,new_build,188000,56,apartment,2.0,2.0,8.0,11.0,2009.0,lemesos,Agía Zóni,34.683444,33.048318,2.699,0.217,True,False,True,False,True,False,2024-09-18,16,3357.1428571428573,2652
synthetic,True,resale,364000,130,apartment,3.0,1.0,7.0,10.0,2008.0,lemesos,Mouttagiaka,34.712707,33.084662,7.216,4.865,True,False,False,False,True,True,2025-04-06,17,2800.0,3193
synthetic,True,resale,203000,84,apartment,3.0,2.0,2.0,4.0,1989.0,lemesos,Agios Tychonas,34.716284,33.088427,7.769,5.389,True,False,True,False,False,True,2024-07-16,36,2416.6666666666665,3788
synthetic,True,resale,84000,77,apartment,1.0,1.0,1.0,4.0,2023.0,lemesos,Ypsonas,34.707481,32.998332,6.706,5.211,False,False,False,False,False,False,2024-08-19,2,1090.909090909091,1306
synthetic,True,resale,125000,71,apartment,2.0,2.0,5.0,7.0,1997.0,lefkosia,Lakatamia,35.130685,33.328096,55.255,7.847,True,False,False,False,True,False,2025-12-31,28,1760.5633802816901,1517
synthetic,True,new_build,129000,84,apartment,2.0,2.0,5.0,7.0,2018.0,larnaka,Aradippou,34.944801,33.603314,5.499,3.041,False,False,True,False,False,False,2025-08-27,7,1535.7142857142858,1333
synthetic,True,resale,1123000,444,villa,4.0,3.0,,2.0,1987.0,lemesos,Mesa Geitonia,34.68007,33.054709,2.485,0.799,False,True,False,True,True,False,2025-04-06,38,2529.2792792792793,1927
synthetic,True,new_build,257000,245,villa,6.0,3.0,,2.0,2007.0,larnaka,Aradippou,34.946489,33.600852,5.374,3.327,False,False,True,True,True,False,2025-07-07,18,1048.9795918367347,1333
synthetic,True,resale,248000,140,house,3.0,3.0,,2.0,2009.0,pafos,Chloraka,34.791578,32.417157,4.204,1.897,True,False,True,True,True,False,2025-12-25,16,1771.4285714285713,1903
synthetic,True,resale,351000,265,villa,4.0,2.0,,1.0,1996.0,larnaka,Aradippou,34.942877,33.595396,5.964,3.377,True,False,True,True,False,False,2025-09-04,29,1324.5283018867924,1333
synthetic,True,resale,220000,138,apartment,2.0,1.0,6.0,8.0,1987.0,lemesos,Mesa Geitonia,34.690081,33.045895,3.436,0.866,True,False,False,False,False,False,2025-11-21,38,1594.2028985507247,1927
synthetic,True,resale,174000,75,apartment,4.0,2.0,6.0,9.0,2014.0,lefkosia,Engomi,35.17717,33.350531,62.899,3.036,True,False,True,False,True,False,2025-09-26,11,2320.0,2024
synthetic,True,resale,251000,81,apartment,2.0,2.0,7.0,7.0,2010.0,lemesos,Germasogeia,34.708365,33.067495,5.84,3.481,True,True,False,False,True,False,2024-04-27,15,3098.7654320987654,2929
synthetic,True,resale,649000,267,house,3.0,2.0,,2.0,1993.0,lemesos,Agía Zóni,34.683887,33.044373,2.691,0.256,True,False,False,True,True,False,2025-03-24,32,2430.7116104868915,2652
synthetic,True,resale,805000,378,villa,4.0,3.0,,1.0,2021.0,larnaka,Drosia,34.926784,33.634868,1.83,1.14,True,False,True,True,False,False,2025-07-10,4,2129.6296296296296,1832
synthetic,True,resale,88000,63,apartment,2.0,2.0,1.0,3.0,2009.0,lemesos,Ypsonas,34.712681,32.999535,6.886,5.456,True,False,False,False,True,False,2024-07-19,16,1396.8253968253969,1306
synthetic,True,resale,333000,143,apartment,3.0,2.0,7.0,8.0,2013.0,pafos,Kato Paphos,34.767168,32.414791,1.381,1.258,False,True,False,False,True,True,2025-10-16,12,2328.671328671329,2730
synthetic,True,resale,337000,128,apartment,4.0,2.0,6.0,6.0,2015.0,lemesos,Agía Zóni,34.673506,33.05173,1.75,1.093,True,False,False,False,True,False,2024-10-28,10,2632.8125,2652
synthetic,True,resale,176000,104,apartment,3.0,1.0,5.0,6.0,2007.0,lemesos,Potamos Germasogeias,34.7017,33.059088,4.645,2.449,False,False,False,False,False,False,2025-04-10,18,1692.3076923076924,2204
synthetic,True,resale,193000,91,apartment,2.0,2.0,7.0,10.0,2021.0,lemesos,Agía Zóni,34.682114,33.040701,2.349,0.522,False,True,False,False,False,False,2024-06-12,4,2120.879120879121,2652
synthetic,True,resale,555000,242,villa,4.0,3.0,,1.0,2018.0,lemesos,Polemidia,34.699322,33.012074,4.964,3.665,True,False,True,True,True,False,2024-05-10,7,2293.3884297520663,1661
synthetic,True,resale,239000,101,house,4.0,3.0,,1.0,2018.0,lemesos,Agía Zóni,34.67595,33.042364,1.61,0.797,True,True,False,True,False,False,2025-08-06,7,2366.3366336633662,2652
synthetic,True,resale,149000,111,house,3.0,3.0,,2.0,2005.0,lefkosia,Nicosia Old Town,35.183374,33.379455,67.33,0.358,True,False,False,False,False,False,2024-06-29,20,1342.3423423423424,1660
synthetic,True,resale,425000,547,land,,,,,,lefkosia,Engomi,35.183763,33.340613,59.706,3.794,False,False,False,False,True,False,2025-01-05,20,776.9652650822669,2024
synthetic,True,resale,90000,62,apartment,3.0,1.0,3.0,4.0,2024.0,lemesos,Zakaki,34.694641,33.027511,3.935,2.206,True,False,True,False,True,False,2025-08-16,1,1451.6129032258063,1611
synthetic,True,resale,1057000,565,villa,6.0,2.0,,2.0,1984.0,larnaka,Drosia,34.934958,33.633598,3.125,1.637,True,False,True,True,True,False,2024-06-04,41,1870.796460176991,1832
synthetic,True,resale,72000,47,apartment,2.0,1.0,1.0,1.0,2016.0,lemesos,Kato Polemidia,34.694345,33.00144,5.507,4.323,True,False,False,False,True,False,2026-01-13,9,1531.9148936170213,1493
synthetic,True,resale,170000,55,apartment,3.0,2.0,7.0,10.0,2015.0,lemesos,Pyrgos,34.713303,33.113394,9.032,7.028,False,False,False,False,True,True,2025-12-21,10,3090.909090909091,2440
synthetic,True,new_build,624000,359,villa,5.0,3.0,,2.0,1982.0,pafos,Chloraka,34.79372,32.416995,4.487,2.127,True,False,True,True,True,False,2025-11-28,43,1738.1615598885794,1903
synthetic,True,resale,1751000,451,villa,4.0,4.0,,1.0,2020.0,lemesos,Germasogeia,34.71194,33.089906,7.365,5.165,True,True,True,True,False,False,2026-02-16,5,3882.4833702882484,2929
synthetic,True,resale,153000,103,house,3.0,2.0,,2.0,2016.0,lemesos,Ypsonas,34.713978,33.004893,6.873,5.177,False,False,False,True,True,False,2025-04-24,9,1485.4368932038835,1306
synthetic,True,resale,430000,188,villa,5.0,4.0,,2.0,2019.0,lefkosia,Strovolos,35.154049,33.360482,57.955,4.03,True,False,True,True,False,False,2025-04-22,6,2287.2340425531916,1771
synthetic,True,resale,436000,245,house,3.0,3.0,,2.0,2009.0,pafos,Yeroskipou,34.760955,32.45071,3.689,2.92,False,False,True,True,True,False,2024-08-23,16,1779.591836734694,1531
synthetic,True,new_build,223000,100,apartment,2.0,2.0,6.0,6.0,2014.0,lefkosia,Strovolos,35.154943,33.345953,60.062,4.747,True,False,False,False,True,False,2025-03-30,11,2230.0,1771
synthetic,True,resale,216000,85,apartment,2.0,1.0,2.0,3.0,2021.0,lemesos,Germasogeia,34.715261,33.073256,6.74,4.411,True,False,False,False,False,False,2024-11-26,4,2541.176470588235,2929
synthetic,True,resale,365000,180,house,4.0,2.0,,2.0,2019.0,lemesos,Germasogeia,34.717737,33.072341,6.808,4.599,True,False,False,False,False,False,2024-09-07,6,2027.7777777777778,2929
synthetic,True,resale,382000,244,house,4.0,3.0,,1.0,2018.0,lefkosia,Lakatamia,35.136867,33.311664,61.808,8.402,False,False,False,True,True,False,2025-08-02,7,1565.5737704918033,1517
synthetic,True,resale,99000,45,apartment,2.0,1.0,5.0,7.0,2008.0,lefkosia,Engomi,35.178323,33.343254,58.473,3.64,True,False,False,False,True,False,2024-10-29,17,2200.0,2024
synthetic,True,resale,1110000,1567,land,,,,,,lemesos,Episkopi,34.665364,32.922062,10.675,11.525,True,False,False,False,True,False,2025-07-11,20,708.3599234205489,1536
synthetic,True,resale,68000,54,apartment,2.0,2.0,6.0,9.0,2025.0,lefkosia,Lakatamia,35.123481,33.318224,64.122,9.036,False,False,False,False,False,False,2026-01-10,0,1259.2592592592594,1517
synthetic,True,resale,297000,156,apartment,3.0,2.0,6.0,8.0,1995.0,larnaka,Drosia,34.923169,33.627301,2.164,0.366,True,False,False,False,True,False,2024-05-26,30,1903.8461538461538,1832
synthetic,True,resale,75000,60,apartment,2.0,1.0,6.0,6.0,1976.0,lefkosia,Engomi,35.183069,33.35672,62.9,2.342,False,False,False,False,True,False,2025-09-16,49,1250.0,2024
synthetic,True,resale,855000,332,villa,5.0,4.0,,2.0,2001.0,lefkosia,Strovolos,35.144062,33.360255,63.209,5.035,True,False,True,True,True,False,2025-08-21,24,2575.3012048192772,1771
synthetic,True,resale,88000,68,apartment,2.0,2.0,1.0,4.0,2020.0,lemesos,Kato Polemidia,34.695028,33.003996,5.018,4.127,True,False,False,False,False,False,2026-02-03,5,1294.1176470588234,1493
synthetic,True,new_build,220000,74,apartment,3.0,1.0,8.0,8.0,2002.0,lemesos,Mouttagiaka,34.705758,33.08015,6.533,4.04,True,False,False,False,False,True,2025-10-06,23,2972.972972972973,3193
synthetic,True,resale,341000,82,apartment,2.0,2.0,4.0,6.0,2025.0,lemesos,Agios Tychonas,34.70195,33.081311,5.619,3.868,False,False,True,False,False,True,2025-08-29,0,4158.536585365854,3788
synthetic,True,resale,393000,192,apartment,2.0,2.0,7.0,8.0,2008.0,lemesos,Mesa Geitonia,34.686128,33.043266,2.964,0.513,True,False,True,False,True,False,2024-07-02,17,2046.875,1927
synthetic,True,resale,77000,52,apartment,1.0,1.0,5.0,8.0,2018.0,lefkosia,Lakatamia,35.123047,33.324376,52.325,8.724,False,False,False,False,True,False,2024-08-23,7,1480.7692307692307,1517
synthetic,True,new_build,302000,99,apartment,2.0,1.0,1.0,3.0,2020.0,pafos,Kato Paphos,34.768583,32.420847,1.66,0.825,True,True,False,False,True,True,2025-06-06,5,3050.5050505050503,2730
synthetic,True,resale,245000,195,apartment,2.0,2.0,1.0,2.0,2002.0,lemesos,Polemidia,34.697752,33.024955,4.41,2.607,True,False,False,False,True,False,2024-11-19,23,1256.4102564102564,1661
synthetic,True,resale,218000,187,house,4.0,3.0,,1.0,1995.0,lemesos,Kato Polemidia,34.692315,33.012093,4.513,3.329,True,False,False,True,False,False,2025-08-22,30,1165.7754010695187,1493
synthetic,True,resale,827000,462,villa,3.0,3.0,,1.0,2016.0,pafos,Yeroskipou,34.75661,32.447438,3.633,2.993,True,False,False,True,True,False,2024-06-28,9,1790.04329004329,1531
synthetic,True,resale,369000,233,villa,4.0,3.0,,2.0,1988.0,lemesos,Mesa Geitonia,34.693388,33.055712,4.187,1.498,True,False,True,True,False,False,2025-12-13,37,1583.6909871244636,1927
synthetic,True,resale,394000,275,house,4.0,3.0,,1.0,2004.0,lemesos,Episkopi,34.66428,32.923401,10.828,11.425,True,False,True,False,False,False,2025-07-05,21,1432.7272727272727,1536
synthetic,True,resale,240000,341,land,,,,,,lefkosia,Lakatamia,35.136727,33.310798,50.488,8.472,True,False,False,False,True,False,2025-10-22,20,703.8123167155425,1517
synthetic,True,resale,71000,68,apartment,2.0,2.0,2.0,2.0,2022.0,lemesos,Kato Polemidia,34.693593,33.00071,4.958,4.362,True,False,True,False,False,False,2025-03-17,3,1044.1176470588234,1493
synthetic,True,resale,400000,189,apartment,2.0,2.0,2.0,5.0,2022.0,lefkosia,Strovolos,35.133584,33.359744,54.21,6.137,True,False,False,False,True,False,2025-03-11,3,2116.4021164021165,1771
synthetic,True,resale,378000,157,apartment,3.0,2.0,8.0,10.0,2020.0,lemesos,Potamos Germasogeias,34.69646,33.057752,4.473,1.886,False,False,False,False,True,False,2025-07-13,5,2407.643312101911,2204
synthetic,True,resale,151000,68,apartment,2.0,1.0,8.0,9.0,1990.0,larnaka,Finikoudes,34.921438,33.64722,1.599,2.187,True,True,False,False,False,False,2025-03-18,35,2220.5882352941176,2276
synthetic,True,resale,226000,176,house,3.0,3.0,,1.0,2004.0,lefkosia,Lakatamia,35.138654,33.326912,53.201,7.253,False,False,False,False,True,False,2026-02-19,21,1284.090909090909,1517
synthetic,True,resale,426000,162,apartment,2.0,2.0,3.0,4.0,2018.0,lemesos,Mesa Geitonia,34.691218,33.057064,3.73,1.391,True,False,False,False,True,False,2025-06-17,7,2629.6296296296296,1927
synthetic,True,resale,111000,49,apartment,2.0,1.0,8.0,8.0,2024.0,lefkosia,Engomi,35.178155,33.347389,69.402,3.279,True,False,False,False,True,False,2025-12-24,1,2265.3061224489797,2024
synthetic,True,resale,137000,63,apartment,1.0,1.0,5.0,6.0,1987.0,lemesos,Agía Zóni,34.676462,33.053096,2.113,0.892,True,True,False,False,True,False,2025-05-03,38,2174.6031746031745,2652
synthetic,True,resale,986000,612,villa,4.0,4.0,,2.0,2012.0,lemesos,Zakaki,34.694791,33.027898,4.224,2.189,True,False,False,True,False,False,2025-02-25,13,1611.111111111111,1611
synthetic,True,resale,79000,81,apartment,3.0,1.0,1.0,1.0,1971.0,lemesos,Ypsonas,34.710078,32.996556,7.038,5.505,False,False,False,False,True,False,2024-08-06,54,975.3086419753087,1306
synthetic,True,resale,542000,252,villa,4.0,2.0,,1.0,1971.0,larnaka,Drosia,34.932052,33.628255,2.961,1.113,True,True,True,True,False,False,2025-08-06,54,2150.7936507936506,1832
synthetic,True,new_build,861000,213,house,5.0,2.0,,2.0,1985.0,lemesos,Agios Tychonas,34.701302,33.089353,6.385,4.459,True,True,False,False,True,True,2024-08-17,40,4042.2535211267605,3788
synthetic,True,resale,115000,60,apartment,2.0,2.0,8.0,8.0,2011.0,lemesos,Agía Zóni,34.673009,33.041223,1.599,1.136,True,False,False,False,False,False,2026-01-18,14,1916.6666666666667,2652
synthetic,True,resale,374000,120,house,4.0,3.0,,1.0,2016.0,lemesos,Mouttagiaka,34.718682,33.086298,8.203,5.447,True,False,True,True,False,True,2026-02-10,9,3116.6666666666665,3193
synthetic,True,resale,1696000,673,villa,3.0,2.0,,2.0,2021.0,larnaka,Finikoudes,34.926504,33.632648,2.185,0.942,False,False,False,True,False,False,2024-10-31,4,2520.0594353640417,2276
synthetic,True,new_build,85000,67,apartment,3.0,1.0,3.0,5.0,2008.0,larnaka,Aradippou,34.954711,33.588448,6.733,4.754,False,False,True,False,False,False,2026-03-25,17,1268.6567164179105,1333
synthetic,True,new_build,87000,46,apartment,3.0,1.0,6.0,8.0,1981.0,larnaka,Finikoudes,34.927953,33.645734,1.919,2.121,False,True,False,False,True,False,2025-09-06,44,1891.304347826087,2276
synthetic,True,resale,119000,54,apartment,3.0,1.0,3.0,3.0,2009.0,lemesos,Mesa Geitonia,34.689892,33.052587,3.429,1.016,True,False,False,False,True,False,2024-12-27,16,2203.703703703704,1927
synthetic,True,resale,243000,168,apartment,2.0,2.0,7.0,10.0,2019.0,lemesos,Kato Polemidia,34.692654,33.01223,4.871,3.33,True,False,False,False,True,False,2024-08-10,6,1446.4285714285713,1493
synthetic,True,new_build,416000,128,apartment,4.0,2.0,5.0,7.0,2007.0,lemesos,Mouttagiaka,34.71688,33.079855,6.986,4.913,False,False,False,False,True,True,2024-08-27,18,3250.0,3193
synthetic,True,resale,442000,178,apartment,4.0,2.0,5.0,6.0,2005.0,lemesos,Pyrgos,34.722734,33.110395,9.704,7.378,True,False,False,False,False,True,2024-06-25,20,2483.14606741573,2440
synthetic,True,resale,236000,74,apartment,4.0,1.0,3.0,4.0,2024.0,lemesos,Germasogeia,34.706527,33.086279,6.693,4.533,True,False,False,False,True,False,2025-02-13,1,3189.189189189189,2929
synthetic,True,resale,358000,289,house,4.0,2.0,,1.0,2008.0,larnaka,Aradippou,34.944549,33.607049,4.889,2.827,True,False,False,False,True,False,2026-01-24,17,1238.7543252595156,1333
synthetic,True,resale,104000,76,apartment,2.0,1.0,6.0,9.0,2023.0,lemesos,Polemidia,34.695707,33.008844,4.967,3.743,True,False,False,False,True,False,2024-08-02,2,1368.421052631579,1661
synthetic,True,resale,96000,64,apartment,3.0,2.0,5.0,6.0,1993.0,lefkosia,Lakatamia,35.13605,33.311609,63.111,8.465,True,False,True,False,True,False,2024-07-05,32,1500.0,1517
synthetic,True,resale,123000,68,apartment,1.0,1.0,8.0,10.0,2015.0,lemesos,Mesa Geitonia,34.682474,33.047872,2.293,0.136,False,False,False,False,True,False,2025-11-28,10,1808.8235294117646,1927
synthetic,True,new_build,166000,74,apartment,3.0,1.0,7.0,10.0,2019.0,lefkosia,Engomi,35.184912,33.34366,57.629,3.512,True,False,False,False,False,False,2025-05-05,6,2243.2432432432433,2024
synthetic,True,resale,260000,161,house,5.0,2.0,,1.0,2018.0,lemesos,Kato Polemidia,34.697017,33.004048,5.107,4.204,True,False,False,False,True,False,2025-12-23,7,1614.9068322981366,1493
synthetic,True,resale,260000,186,apartment,2.0,1.0,7.0,8.0,1999.0,lefkosia,Lakatamia,35.126434,33.316994,54.175,8.862,False,False,False,False,False,False,2025-04-20,26,1397.8494623655913,1517
synthetic,True,resale,681000,242,villa,5.0,2.0,,2.0,2021.0,pafos,Chloraka,34.781116,32.41599,2.845,0.969,False,True,False,True,False,False,2024-07-06,4,2814.0495867768595,1903
synthetic,True,resale,127000,62,apartment,2.0,1.0,4.0,6.0,2023.0,lemesos,Mesa Geitonia,34.688687,33.046229,3.002,0.71,False,False,False,False,True,False,2024-10-10,2,2048.3870967741937,1927
synthetic,True,resale,177000,145,apartment,1.0,1.0,1.0,2.0,2009.0,larnaka,Aradippou,34.946498,33.601648,5.083,3.283,True,False,False,False,True,False,2025-01-19,16,1220.6896551724137,1333
synthetic,True,resale,674000,278,house,3.0,2.0,,2.0,2019.0,lefkosia,Engomi,35.182642,33.35447,57.074,2.55,True,False,False,True,True,False,2025-05-22,6,2424.460431654676,2024
synthetic,True,resale,101000,57,apartment,2.0,1.0,4.0,7.0,2000.0,lemesos,Potamos Germasogeias,34.699683,33.05557,4.553,2.107,True,False,False,False,True,False,2025-09-22,25,1771.9298245614036,2204
synthetic,True,new_build,262000,108,apartment,3.0,2.0,5.0,6.0,2011.0,lefkosia,Engomi,35.181801,33.355589,60.311,2.464,True,False,True,False,True,False,2025-04-25,14,2425.925925925926,2024
synthetic,True,resale,52000,52,apartment,2.0,2.0,8.0,11.0,1982.0,larnaka,Drosia,34.923667,33.635155,1.689,1.084,True,False,False,False,False,False,2024-11-03,43,1000.0,1832
synthetic,True,resale,152000,78,apartment,1.0,1.0,8.0,10.0,2017.0,pafos,Chloraka,34.794126,32.410522,4.205,2.414,True,False,False,False,True,False,2025-05-24,8,1948.7179487179487,1903
synthetic,True,resale,68000,49,apartment,2.0,1.0,2.0,3.0,2015.0,lefkosia,Lakatamia,35.120107,33.311681,63.202,9.709,True,False,False,False,True,False,2024-07-28,10,1387.7551020408164,1517
synthetic,True,resale,360000,188,apartment,3.0,1.0,1.0,4.0,2018.0,lemesos,Pyrgos,34.7162,33.095055,8.311,5.83,True,False,False,False,True,True,2025-12-26,7,1914.8936170212767,2440
synthetic,True,new_build,77000,47,apartment,2.0,2.0,5.0,6.0,2006.0,larnaka,Aradippou,34.946547,33.603809,5.155,3.173,True,False,True,False,True,False,2026-01-09,19,1638.2978723404256,1333
synthetic,True,resale,109000,84,apartment,2.0,2.0,5.0,6.0,2014.0,larnaka,Aradippou,34.951302,33.592716,6.313,4.213,False,False,False,False,True,False,2024-12-16,11,1297.6190476190477,1333
synthetic,True,resale,854000,615,villa,4.0,4.0,,2.0,1990.0,lemesos,Ypsonas,34.714418,32.99882,7.32,5.628,False,False,True,True,True,False,2024-11-29,35,1388.6178861788617,1306
synthetic,True,resale,113000,51,apartment,2.0,2.0,6.0,9.0,2024.0,pafos,Kato Paphos,34.766464,32.409278,1.299,1.686,True,False,False,False,True,True,2024-10-30,1,2215.6862745098038,2730
synthetic,True,resale,197000,141,house,4.0,2.0,,2.0,2024.0,larnaka,Aradippou,34.943734,33.605918,4.996,2.807,True,False,False,False,True,False,2026-02-23,1,1397.163120567376,1333
synthetic,True,resale,56000,68,apartment,2.0,1.0,2.0,3.0,1982.0,larnaka,Aradippou,34.954684,33.593218,6.454,4.473,True,False,False,False,False,False,2025-12-19,43,823.5294117647059,1333
synthetic,True,new_build,265000,210,house,3.0,3.0,,1.0,1988.0,larnaka,Drosia,34.933814,33.636311,2.967,1.697,False,False,False,False,True,False,2025-06-07,37,1261.904761904762,1832
synthetic,True,resale,176000,145,house,5.0,2.0,,2.0,2009.0,lemesos,Kato Polemidia,34.692374,33.018312,3.919,2.802,True,False,False,False,False,False,2026-01-06,16,1213.7931034482758,1493
synthetic,True,resale,4358000,3520,land,,,,,,lemesos,Pyrgos,34.720841,33.109718,8.942,7.202,False,False,False,False,True,True,2025-06-10,20,1238.0681818181818,2440
synthetic,True,resale,122000,46,apartment,1.0,1.0,1.0,4.0,2008.0,lemesos,Agía Zóni,34.677008,33.051774,2.31,0.767,False,True,False,False,True,False,2024-09-08,17,2652.1739130434785,2652
synthetic,True,new_build,663000,768,land,,,,,,lemesos,Potamos Germasogeias,34.703099,33.070731,5.281,3.209,False,True,False,False,True,False,2024-11-28,20,863.28125,2204
synthetic,True,new_build,320000,94,house,5.0,2.0,,1.0,2013.0,lemesos,Agía Zóni,34.683146,33.0437,2.458,0.264,False,True,False,True,True,False,2026-02-22,12,3404.255319148936,2652
synthetic,True,resale,258000,141,house,3.0,3.0,,1.0,2023.0,lemesos,Polemidia,34.690638,33.006193,5.121,3.791,True,False,False,True,True,False,2024-11-06,2,1829.787234042553,1661
synthetic,True,resale,1566000,668,villa,5.0,4.0,,2.0,2017.0,lefkosia,Strovolos,35.134061,33.339797,59.607,6.912,True,False,False,True,True,False,2025-05-04,8,2344.311377245509,1771
synthetic,True,new_build,106000,46,apartment,3.0,2.0,6.0,6.0,2008.0,pafos,Chloraka,34.787646,32.405899,3.675,2.142,True,False,False,False,True,False,2025-09-07,17,2304.3478260869565,1903
synthetic,True,new_build,266000,119,house,4.0,2.0,,2.0,1987.0,lemesos,Mesa Geitonia,34.686937,33.053522,3.235,0.831,True,False,False,False,True,False,2025-11-01,38,2235.294117647059,1927
synthetic,True,resale,307000,158,apartment,2.0,1.0,7.0,9.0,2024.0,lefkosia,Strovolos,35.142644,33.358345,68.98,5.249,True,False,False,False,True,False,2024-06-17,1,1943.0379746835442,1771
synthetic,True,new_build,536000,164,house,4.0,2.0,,2.0,2025.0,lemesos,Potamos Germasogeias,34.697901,33.058568,4.61,2.061,True,False,False,True,True,False,2024-08-29,0,3268.2926829268295,2204
synthetic,True,new_build,131000,72,apartment,2.0,2.0,6.0,6.0,1992.0,lemesos,Zakaki,34.683077,33.03322,2.549,1.208,True,False,False,False,True,False,2025-08-20,33,1819.4444444444443,1611
synthetic,True,resale,79000,79,apartment,4.0,1.0,1.0,4.0,1983.0,lemesos,Polemidia,34.704358,33.015547,5.594,3.738,True,False,False,False,False,False,2025-03-12,42,1000.0,1661
synthetic,True,resale,212000,140,house,3.0,2.0,,2.0,2014.0,lefkosia,Strovolos,35.148921,33.356934,54.477,4.685,True,False,False,True,True,False,2025-01-25,11,1514.2857142857142,1771
synthetic,True,resale,699000,940,land,,,,,,pafos,Kato Paphos,34.759577,32.424341,1.488,1.771,False,False,False,False,False,True,2025-12-19,20,743.6170212765958,2730
synthetic,True,resale,191000,102,apartment,2.0,2.0,1.0,4.0,2025.0,lefkosia,Strovolos,35.14291,33.360166,61.937,5.156,True,False,False,False,True,False,2025-01-15,0,1872.549019607843,1771
synthetic,True,resale,215000,128,apartment,3.0,2.0,5.0,8.0,2020.0,larnaka,Drosia,34.926647,33.63424,1.855,1.081,True,False,False,False,True,False,2025-08-16,5,1679.6875,1832
synthetic,True,new_build,810000,267,house,3.0,2.0,,2.0,1986.0,lemesos,Germasogeia,34.709445,33.069695,6.209,3.694,True,False,False,False,True,False,2025-04-23,39,3033.7078651685392,2929
synthetic,True,resale,134000,54,apartment,1.0,1.0,7.0,8.0,2025.0,lemesos,Agía Zóni,34.681095,33.043488,2.477,0.298,False,False,False,False,True,False,2024-12-22,0,2481.4814814814813,2652
synthetic,True,resale,292000,160,house,5.0,3.0,,1.0,2023.0,lefkosia,Strovolos,35.139368,33.343416,55.742,6.239,True,False,False,True,True,False,2025-05-18,2,1825.0,1771
synthetic,True,new_build,410000,137,apartment,3.0,2.0,7.0,8.0,2018.0,pafos,Kato Paphos,34.756364,32.408244,0.137,2.574,True,True,False,False,True,True,2026-03-07,7,2992.700729927007,2730
synthetic,True,resale,157000,76,apartment,3.0,1.0,3.0,5.0,2007.0,lemesos,Pyrgos,34.716038,33.112173,9.327,7.087,True,False,False,False,True,True,2026-01-19,18,2065.7894736842104,2440
synthetic,True,resale,390000,272,house,3.0,2.0,,1.0,2006.0,lemesos,Polemidia,34.695604,33.007135,4.863,3.883,True,False,False,True,True,False,2025-09-13,19,1433.8235294117646,1661
synthetic,True,resale,278000,122,house,4.0,2.0,,2.0,2016.0,lemesos,Agía Zóni,34.682502,33.046821,2.521,0.045,True,False,False,False,True,False,2024-09-13,9,2278.688524590164,2652
synthetic,True,resale,229000,395,land,,,,,,lemesos,Kato Polemidia,34.688519,33.01952,3.525,2.553,True,False,False,False,True,False,2026-01-06,20,579.746835443038,1493
synthetic,True,resale,92000,55,apartment,2.0,2.0,5.0,5.0,2001.0,lemesos,Mesa Geitonia,34.690943,33.047078,3.76,0.963,False,False,False,False,True,False,2024-05-11,24,1672.7272727272727,1927
synthetic,True,resale,155000,57,apartment,3.0,1.0,6.0,9.0,2015.0,pafos,Kato Paphos,34.762472,32.408813,0.467,2.012,True,False,False,False,True,True,2025-05-07,10,2719.2982456140353,2730
synthetic,True,new_build,218000,129,apartment,3.0,2.0,7.0,9.0,2023.0,lemesos,Mesa Geitonia,34.685642,33.056727,3.45,1.015,False,False,False,False,True,False,2024-08-15,2,1689.922480620155,1927
synthetic,True,new_build,2383000,425,villa,5.0,2.0,,2.0,2023.0,lemesos,Agios Tychonas,34.701653,33.103722,7.541,5.665,True,False,True,True,False,True,2024-05-25,2,5607.058823529412,3788
synthetic,True,resale,78000,65,apartment,1.0,1.0,6.0,7.0,2014.0,lemesos,Kato Polemidia,34.694486,33.013805,4.621,3.274,True,False,False,False,True,False,2025-04-06,11,1200.0,1493
synthetic,True,resale,1846000,641,villa,6.0,4.0,,1.0,2014.0,lemesos,Mesa Geitonia,34.688287,33.048279,3.35,0.688,False,False,True,True,True,False,2024-05-13,11,2879.8751950078004,1927
synthetic,True,resale,1732000,608,villa,5.0,4.0,,2.0,2023.0,lemesos,Potamos Germasogeias,34.699995,33.065809,4.975,2.65,False,False,False,False,True,False,2025-07-11,2,2848.684210526316,2204
synthetic,True,new_build,398000,119,house,5.0,3.0,,2.0,2008.0,lemesos,Agía Zóni,34.679721,33.042293,1.782,0.473,True,True,True,True,True,False,2025-04-19,17,3344.5378151260506,2652
synthetic,True,resale,231000,104,house,5.0,2.0,,1.0,2022.0,lefkosia,Engomi,35.172684,33.358301,65.951,2.612,True,False,False,True,True,False,2024-10-11,3,2221.153846153846,2024
synthetic,True,new_build,378000,152,house,3.0,2.0,,2.0,2013.0,pafos,Chloraka,34.781413,32.416457,3.112,0.959,True,False,True,False,True,False,2025-03-21,12,2486.842105263158,1903
synthetic,True,resale,987000,413,villa,5.0,4.0,,2.0,1998.0,lemesos,Potamos Germasogeias,34.703363,33.072623,5.579,3.352,True,False,True,False,True,False,2024-07-29,27,2389.830508474576,2204
synthetic,True,resale,99000,63,apartment,2.0,1.0,5.0,7.0,1991.0,lemesos,Ypsonas,34.711188,32.996944,6.795,5.546,True,False,True,False,True,False,2025-01-27,34,1571.4285714285713,1306
synthetic,True,resale,181000,136,apartment,2.0,1.0,5.0,7.0,2025.0,lemesos,Kato Polemidia,34.699442,33.021122,4.6,2.996,False,False,False,False,False,False,2024-05-25,0,1330.8823529411766,1493
synthetic,True,new_build,203000,73,apartment,2.0,2.0,2.0,2.0,2012.0,lemesos,Potamos Germasogeias,34.696149,33.072622,5.037,2.849,True,False,False,False,True,False,2024-05-07,13,2780.821917808219,2204
synthetic,True,resale,136000,92,house,4.0,3.0,,2.0,2014.0,lefkosia,Strovolos,35.143566,33.358579,57.673,5.147,True,False,False,False,False,False,2024-06-16,11,1478.2608695652175,1771
synthetic,True,resale,146000,186,house,3.0,2.0,,1.0,1970.0,larnaka,Aradippou,34.946835,33.580525,6.254,4.721,True,False,False,False,True,False,2026-03-16,55,784.9462365591398,1333
synthetic,True,resale,266000,158,apartment,3.0,2.0,1.0,3.0,1993.0,lemesos,Potamos Germasogeias,34.705717,33.057774,5.464,2.804,False,False,False,False,True,False,2025-02-10,32,1683.5443037974683,2204
synthetic,True,resale,121000,71,apartment,3.0,2.0,2.0,3.0,2007.0,lefkosia,Lakatamia,35.131794,33.311311,65.876,8.8,True,False,False,False,True,False,2024-04-21,18,1704.225352112676,1517
synthetic,True,new_build,629000,342,villa,4.0,2.0,,2.0,2010.0,lemesos,Kato Polemidia,34.69551,33.002243,5.286,4.296,True,False,False,True,False,False,2024-09-03,15,1839.1812865497077,1493
synthetic,True,resale,252000,124,apartment,2.0,1.0,3.0,5.0,2012.0,lefkosia,Engomi,35.171462,33.356721,62.184,2.806,True,False,True,False,True,False,2024-11-05,13,2032.258064516129,2024
synthetic,True,resale,90000,58,apartment,2.0,1.0,2.0,3.0,1985.0,lefkosia,Strovolos,35.140891,33.350866,58.563,5.734,True,False,True,False,True,False,2025-06-10,40,1551.7241379310344,1771
synthetic,True,resale,876000,594,villa,4.0,4.0,,1.0,1998.0,lemesos,Kato Polemidia,34.690037,33.016897,3.969,2.831,True,False,True,True,True,False,2025-04-19,27,1474.7474747474748,1493
synthetic,True,resale,4263000,3271,land,,,,,,lemesos,Agios Tychonas,34.715795,33.092599,8.287,5.631,False,False,False,False,False,True,2024-12-13,20,1303.2711708957506,3788
synthetic,True,resale,74000,51,apartment,3.0,1.0,6.0,8.0,1988.0,lefkosia,Strovolos,35.143639,33.353947,51.537,5.33,True,False,True,False,True,False,2025-08-21,37,1450.9803921568628,1771
synthetic,True,resale,1404000,2876,land,,,,,,lefkosia,Strovolos,35.13319,33.345079,56.389,6.739,False,False,False,False,False,False,2026-01-24,20,488.17802503477054,1771
synthetic,True,resale,320000,222,house,4.0,2.0,,1.0,2018.0,lefkosia,Strovolos,35.13251,33.342287,60.735,6.934,True,False,False,False,False,False,2025-01-04,7,1441.4414414414414,1771
synthetic,True,resale,351000,88,apartment,3.0,1.0,3.0,4.0,2004.0,lemesos,Agios Tychonas,34.70708,33.090222,7.303,4.862,True,False,False,False,True,True,2025-03-28,21,3988.6363636363635,3788
synthetic,True,resale,135000,63,apartment,4.0,1.0,5.0,8.0,1990.0,lemesos,Potamos Germasogeias,34.70907,33.074824,6.267,3.951,True,False,False,False,True,False,2025-05-15,35,2142.8571428571427,2204
synthetic,True,new_build,483000,194,apartment,2.0,2.0,7.0,9.0,2021.0,lemesos,Mesa Geitonia,34.69383,33.049062,3.785,1.305,True,False,False,False,True,False,2024-12-28,4,2489.6907216494847,1927
synthetic,True,resale,129000,91,apartment,2.0,1.0,1.0,2.0,2025.0,lemesos,Ypsonas,34.705455,33.005809,6.204,4.517,True,False,False,False,True,False,2025-03-18,0,1417.5824175824175,1306
synthetic,True,resale,453000,792,land,,,,,,lefkosia,Strovolos,35.151691,33.345185,55.117,5.059,False,False,False,False,True,False,2025-01-26,20,571.969696969697,1771
synthetic,True,resale,3239000,3852,land,,,,,,lemesos,Agía Zóni,34.672064,33.048618,1.303,1.156,False,False,False,False,True,False,2026-02-12,20,840.8618899273105,2652
synthetic,True,resale,261000,158,apartment,2.0,1.0,3.0,6.0,1992.0,lefkosia,Engomi,35.172116,33.343857,62.585,3.802,True,False,False,False,True,False,2026-04-01,33,1651.8987341772151,2024
synthetic,True,resale,138000,73,apartment,4.0,2.0,6.0,7.0,2021.0,larnaka,Finikoudes,34.929361,33.639071,1.966,1.607,True,False,False,False,True,False,2025-12-10,4,1890.4109589041095,2276
synthetic,True,resale,417000,259,house,4.0,3.0,,2.0,2021.0,pafos,Yeroskipou,34.763517,32.455136,4.112,3.132,True,False,False,True,True,False,2025-09-18,4,1610.03861003861,1531
synthetic,True,resale,208000,119,apartment,2.0,1.0,6.0,7.0,2012.0,lemesos,Ypsonas,34.705839,32.996168,6.321,5.286,True,False,False,False,True,False,2025-02-13,13,1747.8991596638655,1306
synthetic,True,resale,682000,303,villa,4.0,4.0,,2.0,2005.0,lemesos,Polemidia,34.691007,33.028099,3.656,1.933,True,False,False,True,True,False,2025-05-31,20,2250.825082508251,1661
synthetic,True,resale,131000,78,apartment,2.0,2.0,4.0,6.0,2024.0,lefkosia,Engomi,35.181956,33.352093,53.92,2.775,True,False,True,False,False,False,2024-08-13,1,1679.4871794871794,2024
synthetic,True,new_build,164000,79,apartment,4.0,1.0,6.0,7.0,2016.0,lemesos,Ypsonas,34.703835,33.006977,5.462,4.327,True,True,True,False,True,False,2025-07-21,9,2075.9493670886077,1306
synthetic,True,resale,169000,80,apartment,3.0,1.0,5.0,5.0,2017.0,pafos,Chloraka,34.794091,32.422249,4.69,2.074,False,False,False,False,True,False,2026-01-29,8,2112.5,1903
synthetic,True,resale,711000,331,villa,4.0,4.0,,2.0,2012.0,lemesos,Pyrgos,34.713923,33.101266,8.608,6.126,True,False,False,True,False,True,2024-12-01,13,2148.036253776435,2440
synthetic,True,resale,1319000,493,villa,6.0,4.0,,2.0,1985.0,lefkosia,Strovolos,35.147969,33.360781,66.236,4.619,True,False,True,True,True,False,2024-10-04,40,2675.4563894523326,1771
synthetic,True,resale,4881000,3377,land,,,,,,lemesos,Mouttagiaka,34.707254,33.070585,5.592,3.548,False,False,False,False,True,True,2024-05-26,20,1445.3657092093574,3193
synthetic,True,resale,229000,118,house,5.0,3.0,,2.0,1997.0,pafos,Chloraka,34.78123,32.418293,2.912,0.829,False,False,False,True,True,False,2026-01-24,28,1940.677966101695,1903
synthetic,True,resale,149000,65,apartment,3.0,1.0,3.0,3.0,1993.0,lemesos,Agía Zóni,34.682808,33.04905,3.003,0.249,True,True,False,False,True,False,2025-08-11,32,2292.3076923076924,2652
synthetic,True,resale,379000,192,house,4.0,3.0,,2.0,2024.0,lefkosia,Nicosia Old Town,35.181446,33.370331,65.907,1.182,True,False,False,True,True,False,2025-05-13,1,1973.9583333333333,1660
synthetic,True,resale,171000,71,apartment,3.0,2.0,2.0,4.0,2025.0,lemesos,Germasogeia,34.710179,33.07347,5.984,3.967,True,False,False,False,True,False,2025-10-19,0,2408.450704225352,2929
synthetic,True,new_build,121000,51,apartment,2.0,1.0,2.0,5.0,2001.0,larnaka,Drosia,34.920151,33.620094,2.076,0.423,True,True,False,False,False,False,2024-08-18,24,2372.549019607843,1832
synthetic,True,resale,248000,200,house,4.0,2.0,,2.0,2015.0,lemesos,Ypsonas,34.70009,33.004123,5.381,4.342,False,False,False,True,False,False,2024-06-13,10,1240.0,1306
synthetic,True,resale,115000,55,apartment,2.0,2.0,3.0,4.0,2019.0,lefkosia,Engomi,35.169764,33.34878,69.579,3.519,True,False,False,False,True,False,2025-01-28,6,2090.909090909091,2024
synthetic,True,resale,213000,165,apartment,1.0,1.0,3.0,3.0,1988.0,lemesos,Kato Polemidia,34.696984,33.010284,4.967,3.684,True,False,False,False,True,False,2025-04-30,37,1290.909090909091,1493
synthetic,True,resale,230000,146,house,3.0,2.0,,2.0,2016.0,lefkosia,Lakatamia,35.130513,33.332893,66.533,7.596,True,False,False,True,True,False,2025-08-09,9,1575.3424657534247,1517
synthetic,True,resale,418000,142,apartment,2.0,1.0,8.0,10.0,2013.0,lemesos,Agios Tychonas,34.709904,33.091476,7.348,5.138,True,False,False,False,True,True,2025-01-15,12,2943.6619718309857,3788
synthetic,True,new_build,157000,72,apartment,4.0,1.0,2.0,3.0,1986.0,lefkosia,Strovolos,35.14621,33.356309,64.332,4.977,True,False,True,False,True,False,2024-09-11,39,2180.5555555555557,1771
synthetic,True,resale,186000,141,apartment,2.0,1.0,4.0,6.0,1983.0,lemesos,Ypsonas,34.711946,33.001252,6.824,5.282,True,False,False,False,True,False,2026-02-01,42,1319.1489361702127,1306
synthetic,True,resale,622000,348,villa,4.0,4.0,,2.0,2025.0,lemesos,Mesa Geitonia,34.685816,33.054467,2.77,0.835,True,False,False,False,True,False,2025-03-08,0,1787.3563218390805,1927
synthetic,True,resale,132000,74,apartment,1.0,1.0,7.0,8.0,2009.0,lefkosia,Engomi,35.183245,33.339227,57.398,3.923,False,False,False,False,True,False,2025-12-23,16,1783.7837837837837,2024
synthetic,True,resale,1461000,660,villa,6.0,2.0,,2.0,2020.0,lemesos,Zakaki,34.681024,33.027481,2.666,1.736,True,False,True,True,False,False,2026-01-14,5,2213.6363636363635,1611
synthetic,True,resale,772000,475,villa,4.0,3.0,,2.0,2020.0,larnaka,Aradippou,34.944764,33.608842,4.663,2.765,False,False,True,True,False,False,2025-09-30,5,1625.2631578947369,1333
synthetic,True,new_build,129000,70,apartment,2.0,2.0,2.0,4.0,2018.0,lefkosia,Strovolos,35.144742,33.342458,68.964,5.81,False,False,True,False,True,False,2025-02-11,7,1842.857142857143,1771
synthetic,True,new_build,193000,106,house,3.0,3.0,,2.0,1991.0,lemesos,Mesa Geitonia,34.690368,33.050331,3.828,0.966,True,False,False,True,True,False,2025-02-08,34,1820.754716981132,1927
synthetic,True,resale,187000,91,house,5.0,3.0,,1.0,2010.0,lemesos,Germasogeia,34.717869,33.079181,7.829,4.962,True,False,False,True,False,False,2025-07-11,15,2054.945054945055,2929
synthetic,True,resale,1006000,413,villa,4.0,4.0,,1.0,2024.0,lemesos,Mesa Geitonia,34.691666,33.055254,3.991,1.319,True,False,True,True,True,False,2024-04-21,1,2435.8353510895886,1927
synthetic,True,resale,108000,53,apartment,3.0,2.0,2.0,3.0,2021.0,lemesos,Potamos Germasogeias,34.700771,33.056985,4.497,2.27,True,False,False,False,True,False,2026-03-04,4,2037.7358490566037,2204
synthetic,True,resale,331000,114,apartment,3.0,1.0,4.0,4.0,1998.0,lemesos,Agios Tychonas,34.716461,33.08241,7.363,5.027,True,False,False,False,True,True,2024-07-15,27,2903.5087719298244,3788
synthetic,True,new_build,911000,589,villa,5.0,2.0,,2.0,1996.0,larnaka,Aradippou,34.943177,33.609547,4.713,2.58,True,False,True,True,False,False,2025-08-10,29,1546.6893039049237,1333
synthetic,True,resale,109000,92,apartment,4.0,2.0,7.0,7.0,2021.0,lemesos,Polemidia,34.69983,33.012083,5.535,3.694,True,False,False,False,False,False,2024-07-05,4,1184.7826086956522,1661
synthetic,True,resale,64000,59,apartment,2.0,2.0,2.0,2.0,1999.0,lefkosia,Lakatamia,35.135973,33.333174,55.579,7.099,True,False,False,False,False,False,2026-03-11,26,1084.7457627118645,1517
synthetic,True,new_build,162000,55,apartment,3.0,2.0,5.0,5.0,2022.0,lemesos,Agía Zóni,34.683899,33.048036,2.749,0.232,True,False,False,False,True,False,2026-03-23,3,2945.4545454545455,2652
synthetic,True,new_build,119000,55,apartment,3.0,2.0,7.0,7.0,2017.0,lemesos,Kato Polemidia,34.687683,33.023026,3.521,2.219,True,False,False,False,True,False,2024-12-07,8,2163.6363636363635,1493
synthetic,True,new_build,134000,82,apartment,2.0,2.0,5.0,6.0,2025.0,larnaka,Drosia,34.93386,33.63871,2.877,1.86,False,False,False,False,False,False,2024-05-22,0,1634.1463414634147,1832
synthetic,True,resale,115000,73,apartment,2.0,1.0,6.0,6.0,1993.0,lefkosia,Strovolos,35.137482,33.340106,63.911,6.583,True,False,False,False,False,False,2025-06-27,32,1575.3424657534247,1771
synthetic,True,resale,129000,79,apartment,1.0,1.0,3.0,6.0,2015.0,lefkosia,Strovolos,35.137514,33.360578,65.551,5.7,True,False,False,False,True,False,2025-06-29,10,1632.9113924050632,1771
synthetic,True,resale,294000,167,apartment,2.0,1.0,7.0,8.0,2009.0,lefkosia,Engomi,35.179663,33.338669,66.41,4.02,True,False,False,False,False,False,2024-10-28,16,1760.4790419161677,2024
synthetic,True,resale,169000,172,house,4.0,3.0,,2.0,2020.0,lemesos,Ypsonas,34.707264,32.990938,6.907,5.781,True,False,True,True,False,False,2025-10-08,5,982.5581395348837,1306
synthetic,True,new_build,510000,176,apartment,2.0,1.0,6.0,6.0,2001.0,lemesos,Agía Zóni,34.684934,33.054266,3.358,0.777,False,True,False,False,True,False,2024-10-30,24,2897.7272727272725,2652
synthetic,True,resale,371000,484,land,,,,,,lemesos,Zakaki,34.68381,33.034475,2.54,1.103,False,False,False,False,True,False,2026-02-06,20,766.5289256198347,1611
synthetic,True,resale,193000,123,apartment,2.0,1.0,5.0,8.0,2021.0,lemesos,Polemidia,34.695853,33.025294,4.419,2.448,True,False,False,False,False,False,2024-12-23,4,1569.1056910569105,1661
synthetic,True,resale,918000,258,villa,4.0,2.0,,2.0,1982.0,lemesos,Agía Zóni,34.677101,33.048373,2.007,0.606,False,True,True,True,True,False,2025-03-12,43,3558.139534883721,2652
synthetic,True,resale,189000,152,apartment,2.0,1.0,1.0,1.0,1993.0,larnaka,Aradippou,34.950918,33.60053,6.136,3.744,False,False,False,False,True,False,2025-03-18,32,1243.421052631579,1333
synthetic,True,resale,585000,198,apartment,2.0,2.0,2.0,2.0,1998.0,lemesos,Agía Zóni,34.673406,33.044591,1.22,1.003,True,True,False,False,True,False,2024-10-17,27,2954.5454545454545,2652
synthetic,True,resale,373000,103,house,4.0,3.0,,2.0,2024.0,lemesos,Germasogeia,34.701553,33.066547,5.442,2.824,True,False,False,True,True,False,2024-07-26,1,3621.359223300971,2929
synthetic,True,resale,154000,76,apartment,3.0,1.0,4.0,4.0,1990.0,lemesos,Agía Zóni,34.673211,33.040315,1.428,1.154,False,True,False,False,False,False,2024-06-16,35,2026.3157894736842,2652
synthetic,True,resale,864000,356,villa,4.0,4.0,,2.0,1989.0,larnaka,Finikoudes,34.919551,33.644258,0.926,1.947,True,False,True,True,True,False,2024-09-06,36,2426.9662921348313,2276
synthetic,True,resale,128000,102,apartment,2.0,2.0,3.0,6.0,1997.0,pafos,Yeroskipou,34.761197,32.445343,3.327,2.509,True,False,False,False,False,False,2025-08-17,28,1254.9019607843138,1531
synthetic,True,resale,277000,161,apartment,4.0,2.0,8.0,8.0,2016.0,lemesos,Mesa Geitonia,34.692812,33.059088,4.059,1.647,True,False,False,False,True,False,2025-08-12,9,1720.4968944099378,1927
synthetic,True,resale,520000,200,house,3.0,2.0,,1.0,2025.0,lemesos,Agía Zóni,34.682247,33.040927,2.781,0.5,True,True,True,False,True,False,2025-06-20,0,2600.0,2652
synthetic,True,resale,210000,74,apartment,2.0,2.0,6.0,6.0,2023.0,lemesos,Agía Zóni,34.682865,33.038264,2.503,0.747,True,True,False,False,True,False,2024-12-24,2,2837.837837837838,2652
synthetic,True,new_build,192000,65,apartment,3.0,1.0,6.0,7.0,2003.0,pafos,Kato Paphos,34.757818,32.429722,2.117,2.032,False,True,False,False,True,True,2024-12-22,22,2953.846153846154,2730
synthetic,True,resale,521000,221,house,4.0,2.0,,1.0,2021.0,lemesos,Potamos Germasogeias,34.705675,33.063235,5.646,3.021,True,True,False,False,False,False,2025-10-14,4,2357.4660633484164,2204
synthetic,True,new_build,346000,78,apartment,3.0,2.0,6.0,6.0,2003.0,lemesos,Agios Tychonas,34.714471,33.099891,8.028,6.059,True,False,True,False,True,True,2025-12-10,22,4435.897435897436,3788
synthetic,True,new_build,532000,227,house,5.0,3.0,,2.0,1991.0,lemesos,Mesa Geitonia,34.684022,33.052168,2.718,0.561,True,False,False,True,True,False,2024-11-15,34,2343.6123348017622,1927
synthetic,True,resale,149000,88,apartment,2.0,2.0,5.0,7.0,2024.0,lemesos,Kato Polemidia,34.689927,33.023673,3.704,2.244,True,False,False,False,True,False,2024-09-29,1,1693.1818181818182,1493
synthetic,True,resale,396000,138,apartment,3.0,2.0,4.0,5.0,2012.0,pafos,Kato Paphos,34.769218,32.424277,1.699,0.699,True,True,False,False,True,True,2026-01-24,13,2869.5652173913045,2730
synthetic,True,resale,1131000,605,villa,5.0,2.0,,2.0,2010.0,lefkosia,Strovolos,35.134126,33.353553,59.358,6.292,True,False,True,True,False,False,2024-12-08,15,1869.4214876033059,1771
synthetic,True,resale,91000,51,apartment,4.0,1.0,7.0,7.0,2009.0,lemesos,Mesa Geitonia,34.688431,33.044749,3.039,0.698,True,False,False,False,True,False,2024-05-14,16,1784.313725490196,1927
synthetic,True,resale,1683000,450,villa,5.0,4.0,,2.0,2021.0,lemesos,Agía Zóni,34.681982,33.053145,2.833,0.618,True,True,True,True,True,False,2025-08-19,4,3740.0,2652
synthetic,True,resale,189000,187,apartment,2.0,1.0,5.0,5.0,2021.0,lemesos,Ypsonas,34.71382,33.007873,6.884,4.969,True,False,False,False,False,False,2026-01-08,4,1010.6951871657755,1306
synthetic,True,resale,254000,94,apartment,2.0,2.0,2.0,5.0,1984.0,lemesos,Agios Tychonas,34.701065,33.107492,7.642,5.963,True,False,False,False,True,True,2024-05-11,41,2702.127659574468,3788
synthetic,True,resale,82000,47,apartment,2.0,1.0,3.0,6.0,2024.0,lefkosia,Lakatamia,35.130951,33.310461,68.314,8.921,True,False,False,False,True,False,2025-06-01,1,1744.6808510638298,1517
synthetic,True,resale,170000,129,apartment,2.0,1.0,2.0,4.0,2019.0,lemesos,Ypsonas,34.713558,33.002705,6.858,5.295,True,False,False,False,True,False,2025-12-01,6,1317.8294573643411,1306
synthetic,True,resale,191000,77,apartment,2.0,2.0,2.0,5.0,2015.0,larnaka,Finikoudes,34.923932,33.640694,2.023,1.59,True,True,False,False,True,False,2025-04-16,10,2480.5194805194806,2276
synthetic,True,resale,260000,192,apartment,2.0,1.0,1.0,4.0,2019.0,lemesos,Episkopi,34.668085,32.912727,11.792,12.326,True,False,False,False,True,False,2026-01-09,6,1354.1666666666667,1536
synthetic,True,new_build,209000,79,apartment,3.0,2.0,5.0,8.0,2019.0,pafos,Chloraka,34.787561,32.410108,3.654,1.852,True,False,True,False,True,False,2024-07-10,6,2645.5696202531644,1903
synthetic,True,resale,514000,941,land,,,,,,lemesos,Episkopi,34.674748,32.923272,11.05,11.29,True,False,False,False,True,False,2024-05-03,20,546.2274176408076,1536
synthetic,True,resale,120000,108,apartment,2.0,1.0,8.0,10.0,2011.0,lefkosia,Lakatamia,35.122548,33.327125,62.985,8.621,False,False,False,False,True,False,2025-06-18,14,1111.111111111111,1517
synthetic,True,resale,1677000,698,villa,4.0,3.0,,2.0,2020.0,lefkosia,Strovolos,35.139428,33.344146,58.45,6.196,True,False,False,True,True,False,2025-03-29,5,2402.5787965616046,1771
synthetic,True,resale,200000,145,apartment,1.0,1.0,6.0,7.0,1980.0,larnaka,Finikoudes,34.916882,33.647315,1.403,2.29,False,False,False,False,False,False,2024-08-26,45,1379.3103448275863,2276
synthetic,True,new_build,342000,120,apartment,1.0,1.0,5.0,5.0,2021.0,lefkosia,Engomi,35.18362,33.346465,67.361,3.264,True,False,False,False,True,False,2025-06-10,4,2850.0,2024
synthetic,True,resale,343000,154,house,4.0,3.0,,1.0,2002.0,lefkosia,Engomi,35.174905,33.338517,53.928,4.153,False,False,False,True,True,False,2025-07-23,23,2227.2727272727275,2024
synthetic,True,resale,201000,121,house,5.0,2.0,,1.0,2003.0,lemesos,Polemidia,34.6992,33.026104,4.328,2.641,True,False,False,True,True,False,2024-05-30,22,1661.1570247933885,1661
synthetic,True,resale,393000,92,house,4.0,3.0,,2.0,2023.0,lemesos,Mouttagiaka,34.706138,33.080415,6.194,4.086,True,True,True,True,True,True,2025-08-16,2,4271.739130434783,3193
synthetic,True,resale,142000,65,apartment,4.0,1.0,4.0,5.0,2021.0,pafos,Kato Paphos,34.754414,32.42142,1.339,2.357,True,False,False,False,True,True,2025-12-22,4,2184.6153846153848,2730
synthetic,True,new_build,313000,217,house,4.0,2.0,,1.0,2001.0,pafos,Yeroskipou,34.765916,32.464465,5.144,3.838,True,False,True,True,False,False,2025-01-22,24,1442.3963133640552,1531
synthetic,True,resale,95000,87,apartment,3.0,2.0,4.0,4.0,2001.0,lemesos,Ypsonas,34.707085,33.002259,6.369,4.887,True,False,False,False,True,False,2026-03-23,24,1091.9540229885058,1306
synthetic,True,resale,400000,528,land,,,,,,lefkosia,Lakatamia,35.133841,33.324363,52.071,7.802,False,False,False,False,True,False,2025-06-21,20,757.5757575757576,1517
synthetic,True,resale,385000,196,villa,4.0,3.0,,2.0,2025.0,lemesos,Kato Polemidia,34.686451,33.004865,4.492,3.826,True,False,False,True,True,False,2025-01-26,0,1964.2857142857142,1493
synthetic,True,resale,307000,96,house,5.0,3.0,,2.0,2016.0,lemesos,Mouttagiaka,34.708223,33.080249,6.664,4.229,True,False,False,True,True,True,2024-05-31,9,3197.9166666666665,3193
synthetic,True,resale,225000,107,apartment,3.0,1.0,5.0,7.0,2024.0,lefkosia,Strovolos,35.148892,33.343206,61.581,5.412,False,False,True,False,False,False,2025-12-12,1,2102.803738317757,1771
synthetic,True,resale,105000,68,apartment,1.0,1.0,8.0,11.0,2002.0,lefkosia,Lakatamia,35.128559,33.314448,65.834,8.848,True,False,False,False,True,False,2024-05-13,23,1544.1176470588234,1517
synthetic,True,resale,109000,82,apartment,1.0,1.0,1.0,2.0,1978.0,pafos,Kato Paphos,34.7608,32.410937,1.022,2.029,True,False,False,False,True,True,2025-07-23,47,1329.2682926829268,2730
synthetic,True,new_build,212000,63,apartment,1.0,1.0,3.0,6.0,2024.0,lemesos,Agía Zóni,34.674039,33.05271,1.714,1.085,True,True,False,False,True,False,2025-09-10,1,3365.0793650793653,2652
synthetic,True,resale,86000,62,apartment,1.0,1.0,2.0,5.0,2007.0,lemesos,Polemidia,34.702611,33.012491,5.088,3.836,True,False,True,False,True,False,2025-10-31,18,1387.0967741935483,1661
synthetic,True,resale,162000,61,apartment,4.0,2.0,5.0,7.0,1989.0,pafos,Kato Paphos,34.769137,32.409854,1.684,1.481,True,True,False,False,True,True,2024-06-05,36,2655.7377049180327,2730
synthetic,True,resale,170000,147,apartment,2.0,2.0,8.0,8.0,2025.0,lefkosia,Lakatamia,35.132044,33.320652,55.586,8.178,False,False,False,False,False,False,2024-08-13,0,1156.4625850340135,1517
synthetic,True,resale,206000,135,apartment,4.0,1.0,1.0,2.0,1999.0,lefkosia,Strovolos,35.149691,33.345248,63.43,5.224,False,False,False,False,True,False,2024-07-07,26,1525.9259259259259,1771
synthetic,True,resale,585000,522,land,,,,,,lemesos,Germasogeia,34.718619,33.081143,8.026,5.138,False,False,False,False,True,False,2025-11-16,20,1120.6896551724137,2929
synthetic,True,resale,118000,73,apartment,3.0,2.0,6.0,8.0,1998.0,larnaka,Aradippou,34.953499,33.595658,5.941,4.234,True,False,True,False,True,False,2024-04-28,27,1616.4383561643835,1333
synthetic,True,resale,376000,232,villa,3.0,3.0,,1.0,2025.0,lemesos,Kato Polemidia,34.697387,33.00012,5.512,4.552,True,False,False,True,True,False,2025-05-11,0,1620.6896551724137,1493
synthetic,True,resale,309000,103,apartment,3.0,2.0,4.0,4.0,2004.0,larnaka,Finikoudes,34.917579,33.6357,0.949,1.276,True,True,False,False,True,False,2025-09-05,21,3000.0,2276
synthetic,True,resale,1301000,323,villa,4.0,4.0,,1.0,2006.0,lemesos,Mouttagiaka,34.706286,33.079413,6.42,4.028,True,False,True,True,True,True,2026-01-04,19,4027.863777089783,3193
synthetic,True,resale,250000,127,apartment,3.0,1.0,4.0,4.0,2022.0,lemesos,Polemidia,34.692433,33.025972,3.655,2.181,True,False,False,False,True,False,2025-12-27,3,1968.5039370078741,1661
synthetic,True,resale,117000,90,apartment,2.0,1.0,8.0,8.0,1999.0,lefkosia,Lakatamia,35.130966,33.328302,50.145,7.81,True,False,False,False,True,False,2025-12-19,26,1300.0,1517
synthetic,True,resale,473000,236,villa,6.0,2.0,,2.0,2003.0,lemesos,Zakaki,34.689754,33.018308,4.069,2.699,True,False,True,True,True,False,2025-02-17,22,2004.2372881355932,1611
synthetic,True,resale,438000,141,apartment,1.0,1.0,2.0,4.0,2022.0,lemesos,Agía Zóni,34.675877,33.043951,1.619,0.748,True,False,True,False,False,False,2024-09-27,3,3106.3829787234044,2652
synthetic,True,new_build,709000,292,villa,4.0,3.0,,2.0,2017.0,larnaka,Drosia,34.934263,33.634808,2.857,1.642,False,True,False,True,True,False,2025-12-01,8,2428.082191780822,1832
synthetic,True,resale,519000,294,house,3.0,2.0,,2.0,2020.0,lemesos,Zakaki,34.686565,33.019676,3.5,2.489,True,False,False,False,False,False,2025-01-11,5,1765.3061224489795,1611
synthetic,True,resale,163000,90,apartment,2.0,2.0,3.0,6.0,2023.0,lemesos,Mesa Geitonia,34.68101,33.057947,3.206,1.066,False,False,False,False,False,False,2026-02-21,2,1811.111111111111,1927
synthetic,True,resale,349000,159,house,3.0,3.0,,1.0,2009.0,lemesos,Pyrgos,34.710646,33.1116,8.773,6.743,True,False,True,True,False,True,2025-08-15,16,2194.9685534591194,2440
synthetic,True,resale,636000,176,apartment,3.0,2.0,7.0,8.0,1998.0,lemesos,Germasogeia,34.706892,33.085512,6.519,4.502,False,True,False,False,True,False,2025-11-06,27,3613.6363636363635,2929
synthetic,True,resale,330000,145,house,3.0,2.0,,2.0,1997.0,larnaka,Finikoudes,34.928571,33.646575,2.07,2.214,True,True,False,True,True,False,2025-01-22,28,2275.862068965517,2276
synthetic,True,resale,116000,96,house,4.0,2.0,,1.0,2012.0,lefkosia,Nicosia Old Town,35.175652,33.367564,58.22,1.737,True,False,False,False,False,False,2025-12-02,13,1208.3333333333333,1660
synthetic,True,resale,229000,77,apartment,3.0,1.0,6.0,6.0,2016.0,lemesos,Mouttagiaka,34.719519,33.079002,7.539,5.1,True,False,False,False,False,True,2024-07-23,9,2974.025974025974,3193
synthetic,True,resale,569000,291,house,4.0,2.0,,2.0,2025.0,pafos,Chloraka,34.785168,32.411779,3.288,1.556,True,False,False,False,True,False,2025-05-10,0,1955.3264604810997,1903
synthetic,True,new_build,108000,58,apartment,1.0,1.0,4.0,7.0,1996.0,lemesos,Episkopi,34.665106,32.911612,11.795,12.473,True,False,False,False,True,False,2024-10-20,29,1862.0689655172414,1536
synthetic,True,resale,213000,120,apartment,2.0,2.0,3.0,3.0,2000.0,lemesos,Pyrgos,34.721594,33.103184,9.089,6.785,False,True,False,False,False,True,2026-02-06,25,1775.0,2440
synthetic,True,resale,446000,215,house,3.0,2.0,,1.0,2016.0,pafos,Kato Paphos,34.758246,32.425741,1.116,1.924,True,False,False,False,False,True,2025-06-01,9,2074.4186046511627,2730
synthetic,True,new_build,353000,127,house,3.0,2.0,,2.0,1987.0,lemesos,Germasogeia,34.703542,33.080733,5.837,3.928,True,False,False,True,True,False,2025-04-04,38,2779.527559055118,2929
synthetic,True,new_build,551000,206,villa,5.0,3.0,,2.0,2024.0,lefkosia,Nicosia Old Town,35.183445,33.375937,65.566,0.626,True,False,True,True,True,False,2024-08-09,1,2674.757281553398,1660
synthetic,True,resale,537000,287,house,5.0,2.0,,2.0,2000.0,lemesos,Potamos Germasogeias,34.709278,33.06598,5.889,3.493,True,False,True,False,False,False,2024-12-29,25,1871.0801393728223,2204
synthetic,True,new_build,708000,220,house,4.0,2.0,,1.0,2024.0,pafos,Kato Paphos,34.764154,32.411543,0.564,1.705,False,True,False,False,True,True,2026-03-10,1,3218.181818181818,2730
synthetic,True,resale,338000,110,house,3.0,2.0,,1.0,2021.0,lemesos,Germasogeia,34.704882,33.07154,5.804,3.404,True,False,False,False,True,False,2026-02-16,4,3072.7272727272725,2929
synthetic,True,new_build,165000,101,house,3.0,3.0,,2.0,2023.0,lefkosia,Strovolos,35.130595,33.351581,53.04,6.724,True,False,False,False,False,False,2025-01-10,2,1633.6633663366338,1771
synthetic,True,resale,164000,87,apartment,2.0,2.0,1.0,1.0,1999.0,lemesos,Potamos Germasogeias,34.695107,33.073901,4.865,2.89,True,False,True,False,True,False,2026-02-10,26,1885.057471264368,2204
synthetic,True,new_build,1539000,518,villa,3.0,2.0,,1.0,2006.0,lemesos,Potamos Germasogeias,34.699477,33.055457,4.672,2.082,True,False,False,True,True,False,2024-09-27,19,2971.042471042471,2204
synthetic,True,new_build,112000,65,apartment,3.0,1.0,8.0,9.0,2015.0,larnaka,Aradippou,34.940012,33.591625,5.676,3.458,True,False,True,False,True,False,2024-11-13,10,1723.076923076923,1333
synthetic,True,resale,161000,112,apartment,3.0,1.0,6.0,7.0,2019.0,lefkosia,Engomi,35.178751,33.345491,65.376,3.431,False,False,False,False,False,False,2024-06-30,6,1437.5,2024
synthetic,True,resale,319000,196,house,3.0,3.0,,2.0,2015.0,lemesos,Episkopi,34.673441,32.901352,12.737,13.3,True,False,False,True,True,False,2024-08-11,10,1627.5510204081634,1536
synthetic,True,resale,181000,109,apartment,2.0,1.0,5.0,5.0,2022.0,lemesos,Mesa Geitonia,34.69323,33.045918,3.745,1.216,True,False,False,False,True,False,2025-11-28,3,1660.5504587155963,1927
synthetic,True,resale,83000,57,apartment,2.0,2.0,7.0,8.0,2020.0,lefkosia,Nicosia Old Town,35.179478,33.372811,62.571,1.099,False,False,False,False,True,False,2025-10-06,5,1456.140350877193,1660
synthetic,True,resale,150000,96,apartment,2.0,2.0,5.0,8.0,2020.0,lefkosia,Nicosia Old Town,35.177009,33.380781,57.601,0.965,True,False,False,False,True,False,2025-02-24,5,1562.5,1660
synthetic,True,resale,973000,406,villa,4.0,3.0,,2.0,2001.0,larnaka,Finikoudes,34.929868,33.632765,2.22,1.16,True,False,True,True,True,False,2024-06-01,24,2396.551724137931,2276
synthetic,True,resale,160000,109,apartment,3.0,1.0,6.0,9.0,1988.0,lefkosia,Engomi,35.169526,33.340843,66.132,4.17,False,False,False,False,False,False,2024-10-10,37,1467.8899082568807,2024
synthetic,True,resale,416000,176,apartment,2.0,1.0,7.0,9.0,2003.0,lemesos,Pyrgos,34.710131,33.11437,8.793,6.942,True,False,False,False,True,True,2025-02-23,22,2363.6363636363635,2440
synthetic,True,resale,292000,202,villa,3.0,2.0,,2.0,2010.0,lemesos,Ypsonas,34.700023,33.005502,5.295,4.227,False,False,True,True,False,False,2026-02-26,15,1445.5445544554455,1306
synthetic,True,resale,298000,276,house,3.0,2.0,,2.0,1994.0,lemesos,Ypsonas,34.710323,33.009088,6.235,4.62,True,False,False,True,True,False,2024-05-20,31,1079.7101449275362,1306
synthetic,True,resale,186000,160,apartment,3.0,1.0,7.0,7.0,2010.0,larnaka,Aradippou,34.940828,33.58859,5.749,3.74,True,False,False,False,False,False,2024-10-12,15,1162.5,1333
synthetic,True,new_build,251000,102,house,3.0,2.0,,1.0,2016.0,lemesos,Potamos Germasogeias,34.703284,33.067517,5.182,3.029,False,False,True,True,False,False,2025-11-24,9,2460.7843137254904,2204
synthetic,True,resale,1432000,689,villa,5.0,3.0,,2.0,2014.0,lemesos,Episkopi,34.672745,32.915473,11.61,12.019,False,False,True,True,True,False,2024-08-25,11,2078.3744557329464,1536
synthetic,True,resale,222000,104,apartment,3.0,1.0,2.0,4.0,2007.0,lefkosia,Engomi,35.169595,33.349199,53.936,3.495,True,False,False,False,True,False,2024-05-17,18,2134.6153846153848,2024
synthetic,True,resale,1035000,437,villa,4.0,2.0,,2.0,2017.0,lefkosia,Nicosia Old Town,35.181584,33.363637,53.502,1.754,True,False,False,True,True,False,2024-06-20,8,2368.4210526315787,1660
synthetic,True,resale,395000,164,house,5.0,3.0,,2.0,1987.0,lefkosia,Engomi,35.175729,33.34335,58.694,3.706,True,False,False,True,True,False,2026-03-07,38,2408.5365853658536,2024
synthetic,True,resale,1148000,602,villa,4.0,3.0,,2.0,2011.0,lemesos,Kato Polemidia,34.696223,33.022863,4.245,2.651,True,False,True,True,True,False,2025-11-03,14,1906.9767441860465,1493
synthetic,True,resale,329000,185,house,3.0,2.0,,2.0,1975.0,lemesos,Potamos Germasogeias,34.699916,33.057317,4.588,2.198,True,True,False,False,True,False,2025-02-10,50,1778.3783783783783,2204
synthetic,True,resale,322000,145,apartment,2.0,2.0,1.0,2.0,1995.0,lemesos,Germasogeia,34.713833,33.084738,7.314,4.958,True,False,True,False,False,False,2025-12-12,30,2220.689655172414,2929
synthetic,True,new_build,201000,102,house,4.0,2.0,,1.0,2021.0,lefkosia,Lakatamia,35.120365,33.330224,62.341,8.662,True,False,True,True,True,False,2024-10-03,4,1970.5882352941176,1517
synthetic,True,resale,84000,79,apartment,3.0,1.0,8.0,8.0,1993.0,lemesos,Ypsonas,34.705475,33.006955,5.854,4.432,False,False,False,False,True,False,2025-02-09,32,1063.2911392405063,1306
synthetic,True,new_build,160000,52,apartment,4.0,2.0,7.0,10.0,2017.0,lemesos,Germasogeia,34.7092,33.075369,6.374,3.995,False,False,True,False,False,False,2025-07-19,8,3076.923076923077,2929
synthetic,True,new_build,1276000,1690,land,,,,,,lefkosia,Strovolos,35.138073,33.359309,54.571,5.683,False,False,False,False,True,False,2025-10-12,20,755.0295857988166,1771
synthetic,True,resale,75000,50,apartment,3.0,2.0,4.0,6.0,2008.0,lemesos,Episkopi,34.66172,32.910315,11.408,12.653,True,False,True,False,True,False,2024-11-09,17,1500.0,1536
synthetic,True,new_build,109000,55,apartment,3.0,1.0,5.0,8.0,2015.0,lefkosia,Strovolos,35.147561,33.345229,57.881,5.408,True,False,False,False,True,False,2026-03-26,10,1981.8181818181818,1771
synthetic,True,resale,260000,141,house,5.0,3.0,,2.0,2021.0,lemesos,Zakaki,34.693711,33.03479,3.85,1.654,True,False,True,False,True,False,2025-05-24,4,1843.9716312056737,1611
synthetic,True,resale,282000,233,house,3.0,3.0,,1.0,2004.0,lemesos,Kato Polemidia,34.688463,33.016851,3.931,2.787,True,False,False,False,True,False,2025-01-21,21,1210.3004291845493,1493
synthetic,True,resale,150000,77,apartment,3.0,2.0,2.0,3.0,2016.0,larnaka,Drosia,34.932234,33.629112,3.115,1.165,True,False,False,False,True,False,2025-09-17,9,1948.051948051948,1832
synthetic,True,resale,121000,64,apartment,2.0,1.0,3.0,6.0,2020.0,larnaka,Drosia,34.931572,33.631274,2.227,1.208,True,False,False,False,True,False,2025-12-31,5,1890.625,1832
synthetic,True,resale,129000,72,apartment,3.0,2.0,1.0,1.0,2007.0,lefkosia,Engomi,35.181549,33.355001,67.305,2.522,True,False,False,False,True,False,2025-06-20,18,1791.6666666666667,2024
synthetic,True,resale,120000,102,house,4.0,3.0,,1.0,2011.0,lemesos,Ypsonas,34.706466,33.005973,5.898,4.57,True,False,False,True,False,False,2025-03-21,14,1176.4705882352941,1306
synthetic,True,resale,260000,467,land,,,,,,lemesos,Ypsonas,34.701495,32.995811,6.294,5.094,False,False,False,False,False,False,2025-07-20,20,556.745182012848,1306
synthetic,True,new_build,199000,51,apartment,1.0,1.0,6.0,7.0,2018.0,lemesos,Mouttagiaka,34.716307,33.07694,7.206,4.7,True,False,False,False,True,True,2025-05-05,7,3901.9607843137255,3193
synthetic,True,resale,649000,323,villa,6.0,4.0,,2.0,2016.0,lefkosia,Nicosia Old Town,35.179931,33.379495,53.693,0.68,True,False,False,True,True,False,2024-10-29,9,2009.2879256965944,1660
synthetic,True,resale,220000,65,apartment,2.0,2.0,5.0,5.0,2015.0,lemesos,Agía Zóni,34.683621,33.044921,2.874,0.2,True,False,False,False,True,False,2026-02-03,10,3384.6153846153848,2652
synthetic,True,new_build,174000,64,apartment,3.0,2.0,5.0,7.0,2017.0,lemesos,Potamos Germasogeias,34.698763,33.068577,5.074,2.732,False,False,True,False,True,False,2026-02-08,8,2718.75,2204
synthetic,True,resale,78000,57,apartment,2.0,2.0,7.0,7.0,2017.0,lemesos,Kato Polemidia,34.699078,33.012777,5.195,3.596,True,False,False,False,True,False,2026-02-06,8,1368.421052631579,1493
synthetic,True,resale,625000,287,house,5.0,2.0,,2.0,2014.0,larnaka,Finikoudes,34.919679,33.637941,1.163,1.382,True,True,True,True,False,False,2024-07-03,11,2177.7003484320558,2276
synthetic,True,resale,195000,118,apartment,3.0,1.0,3.0,3.0,2011.0,lemesos,Mesa Geitonia,34.688616,33.059153,3.726,1.361,True,False,False,False,True,False,2025-04-29,14,1652.542372881356,1927
synthetic,True,resale,186000,151,apartment,3.0,2.0,2.0,2.0,2006.0,lefkosia,Strovolos,35.13477,33.350967,57.465,6.329,True,False,False,False,True,False,2025-02-28,19,1231.7880794701987,1771
synthetic,True,new_build,223000,91,apartment,2.0,1.0,2.0,5.0,2020.0,larnaka,Drosia,34.928097,33.636444,2.453,1.33,False,False,False,False,True,False,2025-05-07,5,2450.5494505494507,1832
synthetic,True,resale,136000,72,apartment,3.0,2.0,5.0,7.0,2018.0,lemesos,Polemidia,34.697811,33.023142,4.365,2.738,False,False,False,False,True,False,2025-07-24,7,1888.888888888889,1661
synthetic,True,new_build,216000,95,house,3.0,2.0,,2.0,2011.0,lemesos,Mesa Geitonia,34.681315,33.051348,2.97,0.465,True,True,False,True,False,False,2025-04-26,14,2273.684210526316,1927
synthetic,True,resale,176000,112,house,3.0,2.0,,1.0,2006.0,lemesos,Pyrgos,34.714425,33.110289,8.501,6.846,False,False,True,True,False,True,2024-08-02,19,1571.4285714285713,2440
synthetic,True,resale,301000,144,apartment,2.0,2.0,5.0,8.0,1999.0,lefkosia,Engomi,35.16986,33.352718,65.277,3.208,False,False,True,False,True,False,2025-11-30,26,2090.277777777778,2024
synthetic,True,resale,611000,193,villa,5.0,4.0,,1.0,2008.0,pafos,Kato Paphos,34.76766,32.412978,1.275,1.339,True,True,True,True,True,True,2025-03-08,17,3165.8031088082903,2730
synthetic,True,resale,189000,113,apartment,3.0,1.0,2.0,3.0,2016.0,lemesos,Polemidia,34.699366,33.026082,4.385,2.656,False,False,True,False,True,False,2025-05-05,9,1672.5663716814158,1661
synthetic,True,resale,241000,111,apartment,2.0,1.0,5.0,7.0,2024.0,lefkosia,Engomi,35.181153,33.346528,55.432,3.288,True,False,True,False,False,False,2025-12-01,1,2171.171171171171,2024
synthetic,True,resale,152000,60,apartment,3.0,2.0,7.0,9.0,2007.0,lemesos,Mouttagiaka,34.718172,33.070678,6.858,4.565,True,False,False,False,False,True,2025-06-28,18,2533.3333333333335,3193
synthetic,True,resale,213000,157,apartment,3.0,1.0,8.0,8.0,2002.0,larnaka,Drosia,34.934451,33.627655,2.658,1.344,True,False,False,False,True,False,2024-09-02,23,1356.687898089172,1832
synthetic,True,resale,71000,54,apartment,2.0,1.0,1.0,4.0,2011.0,lefkosia,Lakatamia,35.129242,33.319109,52.775,8.501,True,False,False,False,True,False,2025-03-06,14,1314.8148148148148,1517
synthetic,True,new_build,143000,71,apartment,3.0,1.0,1.0,1.0,2024.0,lefkosia,Engomi,35.168992,33.357185,54.165,2.936,True,False,False,False,False,False,2024-05-03,1,2014.0845070422536,2024
synthetic,True,resale,242000,89,apartment,1.0,1.0,1.0,2.0,1979.0,lemesos,Agios Tychonas,34.716896,33.104422,8.979,6.552,True,False,False,False,True,True,2025-03-28,46,2719.1011235955057,3788
synthetic,True,resale,387000,175,apartment,2.0,2.0,5.0,7.0,2015.0,lemesos,Potamos Germasogeias,34.700273,33.07199,5.585,3.077,True,False,False,False,True,False,2025-11-25,10,2211.4285714285716,2204
synthetic,True,resale,222000,165,apartment,1.0,1.0,3.0,3.0,2018.0,larnaka,Aradippou,34.946366,33.581741,6.857,4.6,True,False,False,False,True,False,2025-03-18,7,1345.4545454545455,1333
synthetic,True,new_build,336000,157,apartment,2.0,2.0,8.0,11.0,1999.0,lefkosia,Engomi,35.171894,33.339496,59.808,4.178,True,False,False,False,True,False,2024-07-09,26,2140.127388535032,2024
synthetic,True,resale,633000,250,villa,5.0,4.0,,1.0,2006.0,lefkosia,Nicosia Old Town,35.178802,33.361492,63.517,2.037,True,False,True,True,True,False,2024-10-17,19,2532.0,1660
synthetic,True,resale,296000,112,apartment,3.0,1.0,8.0,10.0,2016.0,lemesos,Agía Zóni,34.676072,33.043386,1.708,0.745,True,True,False,False,False,False,2025-12-06,9,2642.8571428571427,2652
synthetic,True,new_build,784000,309,villa,3.0,3.0,,1.0,2022.0,lefkosia,Nicosia Old Town,35.180938,33.379409,60.14,0.581,True,False,True,True,True,False,2026-02-05,3,2537.2168284789645,1660
synthetic,True,resale,226000,155,house,4.0,2.0,,2.0,1991.0,lefkosia,Nicosia Old Town,35.171253,33.376154,63.849,1.69,True,False,False,False,False,False,2024-07-02,34,1458.0645161290322,1660
synthetic,True,resale,268000,165,apartment,2.0,1.0,2.0,5.0,2019.0,lemesos,Mesa Geitonia,34.691996,33.05988,4.149,1.637,True,False,False,False,True,False,2025-04-09,6,1624.2424242424242,1927
synthetic,True,new_build,178000,65,apartment,2.0,1.0,4.0,6.0,2021.0,lefkosia,Engomi,35.184532,33.34127,55.846,3.731,True,False,False,False,True,False,2025-03-17,4,2738.4615384615386,2024
synthetic,True,resale,62000,54,apartment,3.0,1.0,1.0,4.0,2022.0,lefkosia,Strovolos,35.140226,33.354559,53.789,5.64,True,False,False,False,False,False,2026-04-09,3,1148.148148148148,1771
synthetic,True,resale,107000,75,apartment,3.0,2.0,5.0,7.0,2024.0,lemesos,Ypsonas,34.711363,33.007485,6.459,4.806,True,False,False,False,True,False,2025-09-30,1,1426.6666666666667,1306
synthetic,True,new_build,947000,172,apartment,3.0,2.0,5.0,6.0,2011.0,lemesos,Agios Tychonas,34.703998,33.101787,7.716,5.609,True,False,False,False,True,True,2024-06-17,14,5505.813953488372,3788
synthetic,True,resale,83000,75,apartment,2.0,2.0,5.0,8.0,1971.0,lefkosia,Nicosia Old Town,35.17242,33.367315,66.949,2.001,True,False,False,False,False,False,2025-05-06,54,1106.6666666666667,1660
synthetic,True,resale,435000,92,apartment,1.0,1.0,4.0,6.0,2024.0,lemesos,Agios Tychonas,34.713656,33.098798,7.817,5.925,True,True,True,False,False,True,2026-01-05,1,4728.260869565217,3788
synthetic,True,resale,298000,194,apartment,3.0,2.0,2.0,5.0,2022.0,lemesos,Zakaki,34.682974,33.022552,2.75,2.182,True,False,False,False,True,False,2025-10-31,3,1536.0824742268042,1611
synthetic,True,resale,205000,141,apartment,1.0,1.0,7.0,8.0,2005.0,lefkosia,Strovolos,35.151336,33.351957,67.434,4.703,False,False,False,False,True,False,2024-12-25,20,1453.900709219858,1771
synthetic,True,new_build,496000,286,house,3.0,2.0,,2.0,2025.0,lemesos,Zakaki,34.683887,33.026477,2.919,1.83,True,False,False,True,True,False,2025-04-14,0,1734.2657342657342,1611
synthetic,True,resale,386000,171,apartment,3.0,1.0,6.0,7.0,2024.0,larnaka,Finikoudes,34.919476,33.648721,1.003,2.349,True,True,False,False,False,False,2026-01-19,1,2257.309941520468,2276
synthetic,True,resale,180000,169,apartment,2.0,2.0,4.0,5.0,1995.0,lemesos,Ypsonas,34.703277,33.005474,6.011,4.409,False,False,False,False,True,False,2024-06-16,30,1065.0887573964496,1306
synthetic,True,resale,414000,183,apartment,3.0,2.0,8.0,11.0,2023.0,lefkosia,Strovolos,35.135617,33.356253,51.605,6.041,True,False,False,False,True,False,2025-11-19,2,2262.2950819672133,1771
synthetic,True,new_build,401000,271,villa,5.0,4.0,,2.0,2007.0,lemesos,Ypsonas,34.710039,33.000087,6.678,5.238,True,False,False,True,True,False,2025-12-10,18,1479.7047970479705,1306
synthetic,True,resale,216000,91,apartment,1.0,1.0,3.0,5.0,2022.0,larnaka,Finikoudes,34.920361,33.632837,1.24,0.914,True,True,False,False,False,False,2024-09-11,3,2373.6263736263736,2276
synthetic,True,resale,267000,124,apartment,3.0,2.0,3.0,6.0,2000.0,pafos,Kato Paphos,34.767893,32.428435,2.21,0.934,True,False,False,False,True,True,2024-08-30,25,2153.2258064516127,2730
synthetic,True,resale,362000,142,house,3.0,2.0,,1.0,2004.0,lemesos,Potamos Germasogeias,34.709589,33.061444,5.758,3.331,False,False,False,True,True,False,2024-10-31,21,2549.2957746478874,2204
synthetic,True,resale,3391000,3966,land,,,,,,lefkosia,Engomi,35.169368,33.343233,61.39,3.983,False,False,False,False,True,False,2025-09-12,20,855.0176500252143,2024
synthetic,True,resale,1247000,400,villa,3.0,4.0,,2.0,2005.0,lemesos,Agía Zóni,34.684823,33.051521,2.887,0.546,True,True,True,True,False,False,2026-02-28,20,3117.5,2652
synthetic,True,new_build,241000,118,apartment,2.0,1.0,5.0,8.0,2020.0,lemesos,Polemidia,34.698308,33.024023,4.355,2.712,True,False,False,False,True,False,2024-05-10,5,2042.3728813559321,1661
synthetic,True,new_build,227000,108,house,5.0,2.0,,2.0,2011.0,lefkosia,Nicosia Old Town,35.180821,33.379337,65.876,0.596,True,False,False,True,True,False,2025-06-09,14,2101.8518518518517,1660
synthetic,True,resale,261000,86,apartment,3.0,1.0,3.0,4.0,2023.0,lemesos,Germasogeia,34.713807,33.08373,7.229,4.891,True,False,False,False,True,False,2026-03-14,2,3034.8837209302324,2929
synthetic,True,resale,217000,136,house,3.0,2.0,,1.0,2021.0,lemesos,Kato Polemidia,34.695747,33.005373,5.043,4.038,True,False,False,True,True,False,2024-07-18,4,1595.5882352941176,1493
synthetic,True,new_build,332000,90,apartment,1.0,1.0,5.0,5.0,1986.0,lemesos,Agios Tychonas,34.704687,33.093318,6.955,4.96,True,False,False,False,True,True,2024-09-17,39,3688.8888888888887,3788
synthetic,True,resale,486000,160,apartment,3.0,1.0,7.0,7.0,2024.0,lemesos,Germasogeia,34.700385,33.08213,5.626,3.836,True,False,False,False,True,False,2025-12-25,1,3037.5,2929
synthetic,True,resale,149000,63,apartment,3.0,2.0,6.0,7.0,1993.0,lemesos,Potamos Germasogeias,34.705492,33.067191,5.534,3.204,True,True,False,False,False,False,2024-05-26,32,2365.0793650793653,2204
synthetic,True,resale,559000,692,land,,,,,,larnaka,Drosia,34.926597,33.62474,2.202,0.432,False,True,False,False,True,False,2024-08-10,20,807.8034682080925,1832
synthetic,True,resale,138000,69,apartment,1.0,1.0,6.0,9.0,2015.0,lefkosia,Engomi,35.173636,33.343784,64.975,3.745,True,False,False,False,True,False,2026-01-12,10,2000.0,2024
synthetic,True,new_build,194000,137,apartment,3.0,2.0,5.0,7.0,2024.0,lemesos,Zakaki,34.692752,33.017887,4.428,2.854,True,False,False,False,False,False,2024-09-15,1,1416.058394160584,1611
synthetic,True,resale,1917000,653,villa,4.0,2.0,,1.0,2005.0,pafos,Kato Paphos,34.758822,32.424905,1.362,1.856,True,True,False,True,False,True,2025-12-14,20,2935.6814701378253,2730
synthetic,True,resale,835000,200,house,3.0,2.0,,1.0,2017.0,lemesos,Agios Tychonas,34.7101,33.080784,6.968,4.409,True,False,False,True,True,True,2026-03-23,8,4175.0,3788
synthetic,True,resale,154000,98,house,3.0,3.0,,1.0,2006.0,larnaka,Aradippou,34.952328,33.589944,6.328,4.467,False,False,False,True,True,False,2025-09-07,19,1571.4285714285713,1333
synthetic,True,resale,141000,47,apartment,3.0,1.0,3.0,6.0,2003.0,lemesos,Agía Zóni,34.683163,33.038399,2.659,0.738,True,True,False,False,True,False,2025-11-11,22,3000.0,2652
synthetic,True,resale,397000,237,house,3.0,2.0,,1.0,2023.0,larnaka,Aradippou,34.946789,33.588591,6.031,4.131,False,False,True,False,True,False,2025-08-16,2,1675.1054852320676,1333
synthetic,True,new_build,139000,64,apartment,4.0,2.0,4.0,7.0,2001.0,lemesos,Pyrgos,34.719035,33.102213,8.841,6.536,False,True,False,False,False,True,2024-06-10,24,2171.875,2440
synthetic,True,resale,306000,82,apartment,2.0,2.0,2.0,3.0,2024.0,lemesos,Agios Tychonas,34.71277,33.080541,7.086,4.607,True,False,False,False,True,True,2024-07-09,1,3731.7073170731705,3788
synthetic,True,new_build,124000,45,apartment,3.0,2.0,1.0,1.0,2015.0,lemesos,Agía Zóni,34.681476,33.048023,2.355,0.174,True,False,False,False,True,False,2024-06-17,10,2755.5555555555557,2652
synthetic,True,resale,288000,148,house,3.0,2.0,,2.0,2023.0,lefkosia,Lakatamia,35.137274,33.318011,52.035,7.939,True,False,False,True,True,False,2026-03-06,2,1945.945945945946,1517
synthetic,True,resale,341000,177,house,5.0,3.0,,2.0,1992.0,lefkosia,Engomi,35.184203,33.343882,69.524,3.495,True,False,False,True,True,False,2024-08-23,33,1926.553672316384,2024
synthetic,True,resale,122000,74,apartment,2.0,2.0,4.0,5.0,2007.0,lemesos,Kato Polemidia,34.68609,33.018049,3.786,2.626,False,False,True,False,True,False,2025-08-21,18,1648.6486486486488,1493
synthetic,True,resale,660000,249,house,4.0,3.0,,1.0,1998.0,lemesos,Agios Tychonas,34.711105,33.09085,6.934,5.174,True,False,False,False,True,True,2026-04-07,27,2650.602409638554,3788
synthetic,True,resale,540000,198,apartment,2.0,2.0,4.0,6.0,2019.0,lemesos,Agía Zóni,34.675896,33.046357,1.762,0.712,True,False,False,False,True,False,2025-04-16,6,2727.2727272727275,2652
synthetic,True,new_build,517000,300,villa,5.0,4.0,,2.0,2020.0,lemesos,Kato Polemidia,34.693319,33.013206,4.353,3.273,True,False,True,True,False,False,2024-07-07,5,1723.3333333333333,1493
synthetic,True,resale,122000,81,apartment,2.0,2.0,5.0,6.0,1993.0,lefkosia,Lakatamia,35.123544,33.315232,67.326,9.208,True,False,False,False,True,False,2025-08-16,32,1506.1728395061727,1517
synthetic,True,resale,154000,62,apartment,2.0,1.0,8.0,9.0,2020.0,lefkosia,Engomi,35.16969,33.345794,55.588,3.76,True,False,False,False,True,False,2026-02-06,5,2483.8709677419356,2024
synthetic,True,resale,89000,78,apartment,2.0,2.0,4.0,5.0,1995.0,lefkosia,Lakatamia,35.135193,33.320161,67.671,7.958,True,False,False,False,False,False,2024-06-21,30,1141.025641025641,1517
synthetic,True,resale,625000,232,house,3.0,2.0,,2.0,2014.0,lemesos,Mouttagiaka,34.719918,33.07113,7.188,4.755,True,False,False,True,True,True,2024-06-10,11,2693.9655172413795,3193
synthetic,True,resale,109000,80,apartment,2.0,1.0,7.0,9.0,1998.0,lemesos,Mesa Geitonia,34.693347,33.053009,3.37,1.369,True,False,False,False,True,False,2025-09-15,27,1362.5,1927
synthetic,True,resale,238000,115,house,3.0,2.0,,2.0,2012.0,larnaka,Finikoudes,34.92839,33.648466,2.074,2.374,True,True,False,False,True,False,2025-06-13,13,2069.5652173913045,2276
synthetic,True,resale,170000,107,apartment,2.0,1.0,6.0,7.0,2021.0,lemesos,Episkopi,34.666841,32.90838,12.2,12.738,True,False,False,False,False,False,2024-08-05,4,1588.785046728972,1536
synthetic,True,new_build,629000,466,villa,3.0,3.0,,2.0,2018.0,larnaka,Aradippou,34.951019,33.581845,7.113,4.905,True,False,True,True,False,False,2025-01-16,7,1349.7854077253219,1333
synthetic,True,resale,167000,165,house,3.0,3.0,,2.0,1978.0,lefkosia,Strovolos,35.141409,33.340429,58.704,6.215,True,False,False,True,False,False,2024-11-28,47,1012.1212121212121,1771
synthetic,True,new_build,260000,143,apartment,1.0,1.0,8.0,9.0,2017.0,lefkosia,Lakatamia,35.128375,33.325553,51.485,8.192,True,False,False,False,True,False,2026-04-12,8,1818.1818181818182,1517
synthetic,True,resale,451000,154,house,4.0,2.0,,1.0,2019.0,lemesos,Germasogeia,34.705221,33.083941,6.458,4.275,False,False,True,True,True,False,2025-02-01,6,2928.5714285714284,2929
synthetic,True,new_build,473000,227,villa,4.0,2.0,,2.0,2002.0,lefkosia,Strovolos,35.135767,33.347004,54.606,6.403,True,False,True,True,True,False,2024-06-26,23,2083.7004405286343,1771
synthetic,True,resale,167000,61,apartment,4.0,1.0,6.0,9.0,2009.0,lemesos,Agía Zóni,34.683083,33.053639,2.825,0.668,False,True,False,False,True,False,2025-03-13,16,2737.7049180327867,2652
synthetic,True,resale,468000,175,apartment,3.0,2.0,4.0,5.0,2015.0,lemesos,Mouttagiaka,34.706387,33.083978,6.405,4.356,False,False,False,False,False,True,2024-08-09,10,2674.285714285714,3193
synthetic,True,resale,220000,118,apartment,2.0,2.0,1.0,4.0,2021.0,lemesos,Mesa Geitonia,34.688367,33.048956,3.444,0.714,True,False,True,False,True,False,2024-08-14,4,1864.406779661017,1927
synthetic,True,resale,56000,46,apartment,1.0,1.0,8.0,11.0,2008.0,larnaka,Aradippou,34.949063,33.60811,5.165,3.222,True,False,False,False,True,False,2025-10-26,17,1217.391304347826,1333
synthetic,True,resale,127000,73,apartment,3.0,1.0,3.0,3.0,2002.0,lemesos,Mesa Geitonia,34.680444,33.046216,2.205,0.207,False,False,False,False,True,False,2025-11-02,23,1739.7260273972602,1927
synthetic,True,resale,213000,84,apartment,2.0,2.0,6.0,9.0,2025.0,lemesos,Germasogeia,34.70779,33.075393,6.115,3.881,True,False,False,False,False,False,2024-11-18,0,2535.714285714286,2929
synthetic,True,resale,347000,177,house,4.0,2.0,,2.0,2011.0,pafos,Yeroskipou,34.760061,32.440977,3.01,2.307,True,False,False,True,True,False,2025-03-16,14,1960.4519774011299,1531
synthetic,True,resale,86000,48,apartment,2.0,2.0,6.0,6.0,2013.0,lefkosia,Nicosia Old Town,35.174712,33.380416,53.788,1.223,True,False,False,False,False,False,2024-11-25,12,1791.6666666666667,1660
synthetic,True,new_build,493000,116,apartment,1.0,1.0,5.0,6.0,2021.0,lemesos,Mouttagiaka,34.705458,33.088095,6.681,4.6,True,False,False,False,False,True,2024-09-16,4,4250.0,3193
synthetic,True,resale,321000,166,apartment,2.0,2.0,4.0,5.0,1986.0,lemesos,Agía Zóni,34.683166,33.053253,2.979,0.634,True,False,False,False,False,False,2024-09-05,39,1933.7349397590363,2652
synthetic,True,new_build,215000,52,apartment,1.0,1.0,7.0,9.0,2010.0,pafos,Kato Paphos,34.765129,32.416767,1.405,1.334,True,True,True,False,True,True,2025-12-30,15,4134.615384615385,2730
synthetic,True,new_build,590000,262,villa,5.0,2.0,,1.0,2000.0,larnaka,Aradippou,34.953663,33.596544,6.06,4.201,True,False,True,True,True,False,2024-11-15,25,2251.908396946565,1333
synthetic,True,new_build,232000,172,apartment,2.0,1.0,2.0,5.0,1978.0,lemesos,Polemidia,34.692073,33.014229,4.435,3.136,True,False,False,False,True,False,2025-03-09,47,1348.8372093023256,1661
synthetic,True,resale,127000,84,apartment,3.0,1.0,1.0,3.0,2009.0,pafos,Chloraka,34.792285,32.424805,4.561,1.867,True,False,False,False,True,False,2025-12-02,16,1511.904761904762,1903
synthetic,True,resale,516000,280,house,3.0,2.0,,1.0,2021.0,lefkosia,Strovolos,35.142992,33.338206,53.371,6.206,True,False,False,True,False,False,2024-07-06,4,1842.857142857143,1771
synthetic,True,resale,175000,123,apartment,3.0,2.0,5.0,5.0,1993.0,lefkosia,Nicosia Old Town,35.170755,33.365287,65.685,2.262,True,False,False,False,True,False,2024-10-22,32,1422.7642276422764,1660
synthetic,True,resale,1941000,694,villa,6.0,3.0,,1.0,1998.0,lefkosia,Engomi,35.181518,33.348935,59.975,3.066,True,False,True,True,True,False,2024-05-02,27,2796.829971181556,2024
synthetic,True,resale,626000,271,house,4.0,2.0,,1.0,2003.0,lemesos,Potamos Germasogeias,34.697152,33.059407,4.499,2.035,True,False,True,True,False,False,2026-03-30,22,2309.963099630996,2204
synthetic,True,resale,158000,47,apartment,2.0,1.0,8.0,11.0,2022.0,lemesos,Germasogeia,34.701464,33.081967,5.839,3.888,True,False,False,False,True,False,2025-10-02,3,3361.7021276595747,2929
synthetic,True,new_build,170000,74,apartment,1.0,1.0,7.0,8.0,2019.0,larnaka,Finikoudes,34.919407,33.63356,1.123,1.013,True,True,False,False,True,False,2025-01-01,6,2297.2972972972975,2276
synthetic,True,resale,111000,89,apartment,2.0,1.0,1.0,3.0,1988.0,lemesos,Mesa Geitonia,34.689154,33.056182,3.516,1.175,True,False,False,False,True,False,2025-06-07,37,1247.191011235955,1927
synthetic,True,new_build,244000,164,apartment,2.0,1.0,2.0,4.0,2020.0,lemesos,Episkopi,34.674448,32.923521,10.71,11.27,True,False,False,False,True,False,2025-01-27,5,1487.8048780487804,1536
synthetic,True,resale,336000,551,land,,,,,,larnaka,Drosia,34.930071,33.633557,2.041,1.229,True,False,False,False,False,False,2025-03-08,20,609.8003629764065,1832
synthetic,True,new_build,381000,198,house,5.0,2.0,,2.0,2007.0,lemesos,Mesa Geitonia,34.684329,33.040402,2.414,0.593,True,False,False,False,False,False,2025-05-02,18,1924.2424242424242,1927
synthetic,True,new_build,236000,93,apartment,1.0,1.0,5.0,5.0,2018.0,lefkosia,Engomi,35.174663,33.339834,58.849,4.047,True,False,False,False,True,False,2024-12-26,7,2537.6344086021504,2024
synthetic,True,resale,1315000,2392,land,,,,,,larnaka,Aradippou,34.940153,33.607518,4.493,2.398,False,False,False,False,True,False,2025-08-28,20,549.7491638795987,1333
synthetic,True,resale,1189000,529,villa,3.0,4.0,,2.0,2025.0,lemesos,Zakaki,34.682782,33.030437,2.749,1.461,True,True,False,True,True,False,2024-08-08,0,2247.6370510396973,1611
synthetic,True,new_build,1505000,554,villa,5.0,2.0,,2.0,2019.0,larnaka,Drosia,34.927575,33.631657,2.163,0.922,True,False,False,True,True,False,2025-07-06,6,2716.6064981949457,1832
synthetic,True,new_build,263000,62,apartment,4.0,1.0,6.0,8.0,2020.0,lemesos,Mouttagiaka,34.71874,33.082313,7.36,5.215,True,False,True,False,True,True,2025-11-11,5,4241.935483870968,3193
synthetic,True,resale,200000,103,apartment,4.0,1.0,4.0,6.0,2000.0,lefkosia,Engomi,35.184869,33.346801,65.366,3.227,True,False,False,False,True,False,2024-09-27,25,1941.7475728155339,2024
synthetic,True,resale,91000,93,apartment,3.0,1.0,7.0,10.0,1972.0,lemesos,Ypsonas,34.704352,33.007179,5.643,4.344,True,False,False,False,True,False,2024-10-22,53,978.494623655914,1306
synthetic,True,resale,342000,179,apartment,4.0,1.0,3.0,4.0,2022.0,lefkosia,Engomi,35.174369,33.34876,53.371,3.294,True,False,False,False,True,False,2024-12-07,3,1910.6145251396647,2024
synthetic,True,resale,531000,328,villa,5.0,4.0,,2.0,1999.0,lefkosia,Nicosia Old Town,35.183823,33.381806,63.515,0.203,True,False,True,True,False,False,2025-07-14,26,1618.9024390243903,1660
synthetic,True,resale,52000,57,apartment,2.0,2.0,5.0,5.0,2013.0,larnaka,Aradippou,34.954518,33.581936,7.298,5.155,True,False,False,False,False,False,2025-06-27,12,912.280701754386,1333
